YYYYMM,tenor_total_amt,tenor_amt_ultra,tenor_share_ultra,tenor_amt_short,tenor_share_short,tenor_amt_mid,tenor_share_mid,tenor_amt_main,tenor_share_main,tenor_amt_long,tenor_share_long,tenor_amt_xlong,tenor_share_xlong
201601,9628127308658,0,0.0,838507000000,0.0870893137491005,3414470008658,0.3546349045039704,1966415000000,0.2042364976034041,3408735300000,0.3540392841435247,0,0.0
201602,17362523461766,133514000000,0.0076897808255816,1108862000000,0.0638652556721852,6382565008658,0.3676058392498672,3474645153108,0.2001232805104346,6262937300000,0.3607158437419313,0,0.0
201603,28562338014822,992912000000,0.0347629805194778,4010575008658,0.1404148010074235,6578734706164,0.2303289983736647,5708052000000,0.1998454047087423,11272064300000,0.3946478153906914,0,0.0
201604,37074580511299,709788000000,0.0191448693474409,3030069000000,0.0817290164369235,10474933211299,0.2825367965554355,7565311000000,0.2040565502202881,15294479300000,0.4125327674399119,0,0.0
201605,46250568237282,823760000000,0.0178108081996704,4302338553056,0.0930223933894922,10804287505135,0.2336033462271237,7649554879091,0.1653937491069523,22670627300000,0.4901697030767611,0,0.0
201606,55363322402880,2164598000000,0.0390980509487522,5363497505135,0.0968781726303331,10385078879091,0.1875804852085749,9513856718654,0.1718440351072407,27936291300000,0.5045992561050988,0,0.0
201607,60011835997207,1734920000000,0.0289096304282499,3546014879091,0.0590885917780624,14835351718654,0.2472070962692167,9558675399462,0.1592798360627871,30336874000000,0.5055148454616837,0,0.0
201608,69087728545815,5025549000000,0.072741557810333,7177241718654,0.1038859124438353,12912121527161,0.1868945730152124,11032907300000,0.1596941675783075,32939909000000,0.4767837891523116,0,0.0
201609,71839646678258,2157783000000,0.0300361026226072,6179775000000,0.0860217899967802,13265580527161,0.1846554255280848,15004108151097,0.2088555393137524,35232400000000,0.4904311425387752,0,0.0
201610,78564303686994,1592342000000,0.0202680088191707,5198276427699,0.0661658817522181,15681579151097,0.1996018346140197,16414836108198,0.2089350422247223,39677270000000,0.5050292325898691,0,0.0
201611,85899505221588,1836115000000,0.0213751522230951,6113371851097,0.0711688831655878,16934523370491,0.1971434332107778,20182995000000,0.2349605500978796,40832500000000,0.4753519813026595,0,0.0
201612,87563737658545,4317519000000,0.049307157454107,4799668300000,0.0548134242363696,18810045358545,0.2148154688404784,20178783000000,0.2304467984074322,39457722000000,0.4506171510616127,0,0.0
201701,89886141358545,1759244108198,0.0195719171121228,7692866962293,0.0855845722824732,19091125288054,0.212392310978194,22132710000000,0.2462305052312267,39210195000000,0.4362206943959831,0,0.0
201702,92210978604506,1873497000000,0.0203175047955564,9332249000000,0.1012054002813063,21580968375717,0.2340390342052223,19038129228789,0.2064627175300217,40386135000000,0.4379753431878933,0,0.0
201703,90792948701550,2395271000000,0.0263816852988618,8650669000000,0.0952790841548284,22731340701550,0.2503646045935936,19309342000000,0.2126744673033221,37706326000000,0.4153001586493939,0,0.0
201704,91447144701550,1140468000000,0.0124713352584388,11613279087663,0.1269944417134563,22358927613887,0.2445011015582646,24315506000000,0.2658968312171682,32018964000000,0.3501362902526719,0,0.0
201705,89243694385098,1785905000000,0.0200115538952655,10394261385098,0.1164705412154435,18872096000000,0.2114669964083342,28050878000000,0.3143177587310187,30140554000000,0.3377331497499379,0,0.0
201706,93781600500000,1872089000000,0.0199622206277019,9336094000000,0.0995514466614376,18815923500000,0.2006355553720796,27915770000000,0.2976678778264186,35841724000000,0.3821828995123622,0,0.0
201707,93300928500000,2834570000000,0.0303809409570881,6480539000000,0.0694584620344909,26965680500000,0.2890183509802906,21694135000000,0.232517889679951,35326004000000,0.3786243563481793,0,0.0
201708,94676892500000,2070650000000,0.0218707009210299,12471450500000,0.1317264452886431,27167590000000,0.2869505882863656,17904524000000,0.1891118680305228,35062678000000,0.3703403974734384,0,0.0
201709,90454379000000,1023231000000,0.0113121223241165,13398218000000,0.1481212755879956,23691373000000,0.2619151583584472,15526825000000,0.1716536575857759,36814732000000,0.4069977861436648,0,0.0
201710,87935446750000,5282050000000,0.0600673584455292,8844513000000,0.100579610690384,20163186750000,0.2292953239587652,16898622000000,0.1921707641748007,36747075000000,0.4178869427305207,0,0.0
201711,88752859750000,1723160000000,0.0194152617149894,8528338000000,0.0960908530048802,20591908750000,0.2320140309619713,17061703000000,0.1922383464381833,40847750000000,0.4602415078799756,0,0.0
201712,91380507250000,2961469000000,0.0324081041911703,8859931750000,0.0969564737232294,17091444500000,0.1870359994089439,28912497000000,0.316396766335525,33555165000000,0.3672026563411312,0,0.0
201801,91454034000000,1971413000000,0.0215563263179839,8271627000000,0.0904457314589316,18911251000000,0.2067842190536942,28302189000000,0.3094690060364095,33997554000000,0.3717447171329807,0,0.0
201802,91094087000000,1404783000000,0.0154212314570977,6831001500000,0.0749884182932751,21778664500000,0.2390787944337155,29914820000000,0.32839475080309,31164818000000,0.3421168050128215,0,0.0
201803,91379160500000,2850060000000,0.0311893869937664,9633233500000,0.1054204640017457,29989454000000,0.328187015900633,20346223000000,0.2226571451157072,28560190000000,0.3125459879881475,0,0.0
201804,92065673250000,764150000000,0.0083000533534902,10409810000000,0.1130693952753992,30561499250000,0.3319532478409372,21862439000000,0.2374656940881057,28467775000000,0.3092116094420675,0,0.0
201805,97668397370000,5274550000000,0.0540046744088394,12994718000000,0.1330493624337024,23645758250000,0.2421024495817423,26970679120000,0.2761454047190536,28782692000000,0.2946981088566622,0,0.0
201806,93499150870000,3400345000000,0.0363676564798732,9681271250000,0.1035439483665548,22351796500000,0.2390588180964086,30432150120000,0.3254804972754508,27633588000000,0.2955490797817124,0,0.0
201807,95849554620000,3641684000000,0.0379937498347031,8523576000000,0.0889266103926315,24000070500000,0.2503931353165843,29300792120000,0.3056956522767826,30383432000000,0.3169908521792983,0,0.0
201808,97058475920000,1972813000000,0.0203260249174537,8816415000000,0.0908361162323102,31143115120000,0.3208696079842585,21042104000000,0.2167982115991998,34084028800000,0.3511700392667777,0,0.0
201809,98440108077197,2530587700000,0.025706876489972,12444802000000,0.1264200359292652,31309359577197,0.3180549086013204,15303801000000,0.1554630658064568,36851557800000,0.3743551131729854,0,0.0
201810,104646321227197,2407344000000,0.0230045736129933,16667289220000,0.1592725766614743,23311351207197,0.2227632174148374,17507895000000,0.1673054035219137,44752441800000,0.4276542287887812,0,0.0
201811,101374979747197,2464485457197,0.0243105888981954,9997196500000,0.0986160147694275,19444743750000,0.1918100876418438,21594136000000,0.2130124815200969,47874418040000,0.4722508271704362,0,0.0
201812,106796537865423,2836460000000,0.0265594752104632,9061392750000,0.0848472518970464,16755054075423,0.1568876146203958,24523924240000,0.2296322027864163,53619706800000,0.5020734554856782,0,0.0
201901,102960051826989,1383893000000,0.0134410674377422,6107347000000,0.05931763719644,22711166066989,0.2205823099735047,24869988240000,0.2415498807420064,47887657520000,0.4651091046503064,0,0.0
201902,105130143826989,1166787066989,0.011098501576381,8718269500000,0.0829283513047172,25115819500000,0.2389021700696301,24082343040000,0.2290717216142301,46046924720000,0.4379992554350414,0,0.0
201903,106804599717197,2357360000000,0.0220717085803602,12068104500000,0.1129923667328427,24496833697197,0.2293612237868129,25683296520000,0.2404699478112892,42199005000000,0.3951047530886947,0,0.0
201904,107463548750197,2464589000000,0.0229341858580254,10669426000000,0.0992841398230899,26025623230197,0.2421809397965679,29396279520000,0.2735465175110934,38907631000000,0.3620542170112233,0,0.0
201905,110318331750197,1944185457197,0.0176234124134453,10834842240000,0.0982143408815702,25422691333000,0.2304484751506823,31953329720000,0.2896466000986544,40163283000000,0.3640671714556477,0,0.0
201906,113961122347317,3483680000000,0.0305690215070264,12264397533000,0.1076191360736343,25061372454317,0.2199115973773754,35978669000000,0.3157100268839801,37173003360000,0.3261902181579836,0,0.0
201907,116068453026655,2802764000000,0.0241475088787161,9117430800000,0.0785521867678049,32056931220317,0.2761898723071217,27117485360000,0.2336335554827503,44973841646338,0.3874768765636068,0,0.0
201908,122900350335277,2672969434317,0.0217490790467645,16713837220000,0.1359950331663335,29336938566000,0.238705084940504,24598400801675,0.2001491511990779,49578204313285,0.40340165164732,0,0.0
201909,123280039476689,2043268000000,0.0165741997542624,13065773566000,0.1059845018014502,32073700846082,0.2601694563226256,20765566801675,0.1684422465293058,55331730262932,0.4488295955923559,0,0.0
201910,127314337992065,2962676000000,0.0232705604625981,12796935000000,0.100514484085819,27396603701420,0.215188675003184,22198120795337,0.1743568017980859,61960002495308,0.4866694786503129,0,0.0
201911,136063611992065,5722461846082,0.0420572536793725,13167865000000,0.0967772706252126,22907528650675,0.1683589632473591,23019666400000,0.1691831200346384,71206090095308,0.5233294122712295,40000000000,0.0002939801421877
201912,131081752080300,1361420000000,0.0103860375559063,9296181855338,0.0709189624627782,26444467729654,0.2017402675046199,27063612400000,0.2064636150378961,66876070095308,0.5101859643616914,40000000000,0.0003051530771079
202001,129828116836962,2741940000000,0.0211197702531827,10498491795337,0.0808645465336372,26967271066317,0.2077151831462091,30415553880000,0.2342755531006878,59204860095308,0.4560249469662831,0,0.0
202002,128864057041625,2870173434317,0.0222728781027737,11642889500000,0.0903501703057445,27022632012000,0.2096987525642723,36117911313285,0.2802791728155693,51210450782023,0.3973990262116399,0,0.0
202003,124329961572966,3647610000000,0.0293381414572328,9909642132000,0.0797043770192456,30428026581072,0.2447360732369774,36616424627518,0.2945100614868989,43728258232376,0.3517113467996451,0,0.0
202004,118898715105579,3178801000000,0.0267353688151912,11524512880000,0.0969271439961864,31159451130271,0.2620671813198503,38878075095308,0.326984821162998,34157875000000,0.287285484705774,0,0.0
202005,117202728685579,3437251411764,0.0293274009087719,15157201357105,0.1293246456553702,33499829674687,0.2858280694518414,41940732242023,0.3578477456317407,23167714000000,0.1976721383522756,0,0.0
202006,113122453828474,3021858764586,0.0267131649139082,12596070596816,0.1113489866115815,36929020374696,0.3264517266456309,38484842092376,0.3402051563585248,22090662000000,0.1952809654703544,0,0.0
202007,112094074165072,6403800000000,0.057128800498139,11631110313285,0.1037620445141176,36744220851787,0.3277980671634498,31357933000000,0.2797465720964132,25957010000000,0.2315645157278803,0,0.0
202008,112690225851787,4342929411764,0.0385386521229971,15068526649647,0.1337163585905445,36275321790376,0.3219030001598028,25825722000000,0.2291744630449728,31177726000000,0.2766675260816827,0,0.0
202009,120013095922140,2559528000000,0.0213270725193234,15164972790376,0.1263609831398272,34503827411764,0.2875005193945567,22177442720000,0.1847918558353656,45607325000000,0.380019569110927,0,0.0
202010,126979916112764,6312256000000,0.0497106644360548,15208379000000,0.1197699562700471,25769879392764,0.2029445299828294,20506214720000,0.1614917960867885,59183187000000,0.46608305322428,0,0.0
202011,129956501112764,4221599411764,0.0324847112350377,10402752000000,0.0800479538224368,26509450701000,0.2039871070243542,20470347000000,0.1575169139267435,68352352000000,0.5259633139914276,0,0.0
202012,132155142701000,2405000000000,0.0181983080706991,10032306981000,0.0759131031601094,28597775720000,0.2163954813677001,24479764000000,0.1852350464740163,66640296000000,0.5042580609274749,0,0.0
202101,132405751984000,1584082000000,0.0119638458017399,15681935720000,0.1184384778230406,21368516264000,0.1613866160934019,30281801000000,0.2287045732247287,63489417000000,0.4795064870570887,0,0.0
202102,134777197984000,2432263000000,0.0180465467184496,12119863720000,0.0899251794909611,22703031264000,0.1684486070610785,32626593000000,0.2420779886214376,64845447000000,0.4811306954734145,50000000000,0.0003709826346585
202103,134463052364000,1445300000000,0.0107486776076411,9015756264000,0.0670500639803548,30838770000000,0.2293475379133704,38617745100000,0.2871996762014543,54495481000000,0.4052821949369205,50000000000,0.0003718493602588
202104,138720759647000,2455750000000,0.0177028298161652,10839246000000,0.0781371586169396,34048097547000,0.2454434190934473,41176831100000,0.2968325087375665,50150835000000,0.3615236474167085,50000000000,0.0003604363191726
202105,141832161256667,4402476000000,0.0310400402912358,13562126000000,0.0956209500005944,28547027547000,0.2012733028536439,48389924709667,0.3411773767030034,46880607000000,0.3305358007988214,50000000000,0.000352529352701
202106,142664207856667,2248900000000,0.0157635894369486,13428125547000,0.0941239975235489,38615642209667,0.2706750543097934,42580864100000,0.2984691447120393,45740676000000,0.320617740687665,50000000000,0.0003504733300046
202107,141947489078249,4336804545455,0.0305521751291023,11420698502794,0.0804572069358571,43516167430000,0.3065652496749102,34591252100000,0.2436904824778652,48032566500000,0.3383826428484543,50000000000,0.0003522429338108
202108,149643281976582,4960150000000,0.0331464930097979,20205724145455,0.135025935535262,38507230231127,0.2573268223103599,34006196600000,0.2272484013369989,51905281000000,0.3468600816181161,58700000000,0.000392266189465
202109,145478449536585,3845100000000,0.0264307188607549,15770589275349,0.1084049859314936,40484615661236,0.2782859989929636,31512442600000,0.2166124446636698,53807002000000,0.3698623553619093,58700000000,0.0004034961892086
202110,151279180476363,4691659000000,0.0310132497097514,18609280112012,0.1230128300101391,31810720264351,0.2102782429425002,40263289100000,0.2661522158780536,55846032000000,0.3691587422945208,58200000000,0.0003847191650346
202111,149608407489700,4735600000000,0.0316533013047814,15014177245349,0.1003565073465719,32602574164351,0.2179193984575737,37498848080000,0.2506466629061716,59699008000000,0.3990351144143424,58200000000,0.0003890155705588
202112,156668344636837,2486300000000,0.0158698300270123,11247884564351,0.0717942389091045,43919367992486,0.2803333889452443,36834111080000,0.235108829198284,62072481000000,0.3962030820194488,108200000000,0.000690630900906
202201,156369525765693,6268097445349,0.0400851599098742,16052316400000,0.1026562964963716,37478697880344,0.2396803194025335,38308234580000,0.2449852961593154,58154579460000,0.3719048144146699,107600000000,0.0006881136172353
202202,147506330189023,4529550000000,0.030707495699985,19677275216261,0.133399530657738,29848042912762,0.2023509287670096,40673357600000,0.275739743154608,52720504460000,0.3574118100046347,57600000000,0.0003904917160245
202203,134780430231821,3679254000000,0.0272981321818881,12739496841857,0.0945203752499171,37200636429964,0.2760091829798975,34345037500000,0.2548221387995785,46748405460000,0.3468486142950664,67600000000,0.0005015564936521
202204,133214539409759,1440574980000,0.0108139470840257,14318277477365,0.1074828433953664,39874490398124,0.2993253632433674,34857583000000,0.2616650040937379,42656613554270,0.3202098940796628,67000000000,0.0005029481038395
202205,134379421922991,3705032000000,0.0275714238607399,20298376707348,0.1510527163822777,32199376681373,0.2396153832230766,41558430980000,0.3092618675187927,36540405554270,0.2719196513228808,77800000000,0.0005789576922319
202206,125081507834228,4229050000000,0.0338103535304739,13518754757605,0.108079563411736,36066428542353,0.2883434103636827,42890878074270,0.3429034300666873,28258596460000,0.2259214567308498,117800000000,0.0009417858965701
202207,127995575407769,2786911000000,0.0217734948346569,15871344948502,0.1239991687051601,37360210074997,0.2918867308965536,39196664534270,0.3062345273217223,32673144850000,0.2552677680139311,107300000000,0.0008383102279759
202208,122777872397254,2504786000000,0.0204009562235745,20990858517754,0.1709661367142527,34724664475230,0.2828251035567435,31347524554270,0.2553190077511972,33113538850000,0.2697028235092678,96500000000,0.0007859722449642
202209,125429052044406,2335429714290,0.0186195277427687,13543974504699,0.1079811597388457,48134476975417,0.3837585965201731,27576425000000,0.2198567600609549,33703245850000,0.2687036639491459,135500000000,0.0010802919881115
202210,121598362128033,4786153000000,0.0393603410131509,17167603934433,0.1411828550483018,36483521559603,0.3000330014411614,32483218783997,0.2671353315581246,30542864850000,0.2511782586170107,135000000000,0.0011102123222503
202211,112431081976659,4714115000000,0.0419289303021976,24907437134338,0.2215351546604243,22379785992321,0.1990533720645604,30327308000000,0.269741315896044,29967435850000,0.2665404915005738,135000000000,0.0012007355761997
202212,98780562286924,2328758000000,0.0235750632116847,9053710670351,0.0916547796524284,33915937766573,0.3433462715879133,25151552850000,0.2546204664936334,28324603000000,0.2867426783593987,6000000000,6.074069494129864e-05
202301,97829361431791,2522499554745,0.0257846879283143,12661727648937,0.1294266615219099,35760653378109,0.3655411100995706,20439151850000,0.2089265589681955,26439829000000,0.2702647611416179,5500000000,5.622034039172108e-05
202302,95347337844267,4717081000000,0.0494726030810059,18016719518815,0.1889588102422127,28538797475452,0.2993140461044132,18005415850000,0.1888402577050306,26063824000000,0.2733565990334271,5500000000,5.76838339103214e-05
202303,83742529972711,4914100285714,0.0586810583262214,11442531675128,0.1366394313481662,27016874011869,0.3226183161730716,24972971000000,0.2982113271253912,15390553000000,0.1837841895272962,5500000000,6.56774998533275e-05
202304,83790536221099,3022115000000,0.0360674980289601,11035554413254,0.1317040672007917,23991380807845,0.2863256626564446,28193918000000,0.3364809353362342,17510968000000,0.2089850332714618,36600000000,0.0004368035061074
202305,83728819990610,2106950000000,0.0251639757999251,12969397258751,0.1548976476702465,22058825731859,0.263455590731278,28695871000000,0.3427239390596712,17861876000000,0.2133300815896267,35900000000,0.0004287651492523
202306,82227274155203,2528485285714,0.0307499587173656,7604031820131,0.0924757861458289,36037730246079,0.4382697908489367,21476715803279,0.2611872523311663,14544411000000,0.176880617160525,35900000000,0.0004365947961772
202307,85154202817633,2452560000000,0.0288013969815726,10799019355042,0.1268172209675813,33283860462591,0.3908657395791962,20222087000000,0.2374760884475403,18361276000000,0.215623837608141,35400000000,0.0004157164159684
202308,84890775669005,4118982000000,0.0485209608174649,18361258045625,0.2162927349988744,24196095623380,0.2850262049403606,18921528000000,0.2228926270361381,19287512000000,0.2272038610555679,5400000000,6.361115159384305e-05
202309,78137880812181,3227742743901,0.0413082964415106,11566860776579,0.148031411350688,26893004291701,0.3441737095013283,18175911000000,0.2326133088212258,18268962000000,0.2338041652794867,5400000000,6.910860576037261e-05
202310,81970828418941,2174187000000,0.0265239115174979,11585422387937,0.1413359192702749,26194785031004,0.3195622825369808,24802524000000,0.3025774471039612,17209010000000,0.209940662207868,4900000000,5.977736341710263e-05
202311,83912009420409,2850380000000,0.0339686776623267,13522376955974,0.1611494832429206,22244742464435,0.265096052616095,24735990000000,0.2947848606040381,20554120000000,0.2449484899952931,4400000000,5.243587932634868e-05
202312,83445451934943,2837536940622,0.0340046925844951,11275062605268,0.1351189590783022,30383179389053,0.3641082729438722,20728358000000,0.2484060846858443,18216915000000,0.2183092616503838,4400000000,5.2729057102242005e-05
202401,85292104532775,2891450000000,0.0339005587426783,8939803219630,0.1048139598454241,34581205313145,0.4054443902232071,23343803000000,0.2736924259036161,15535443000000,0.1821439755192138,400000000,4.68976586040614e-06
202402,86148587366233,4510649740441,0.0523589518800282,15854829027266,0.1840404992349357,26276504598526,0.3050137605486193,23632415000000,0.2743215614149816,15874189000000,0.1842652269214351,0,0.0
202403,74805654841651,2484256940622,0.0332094805650814,13835059092296,0.1849467011762964,28297571005454,0.3782811749373018,18945849803279,0.2532676151740624,11242918000000,0.1502950281472579,0,0.0
202404,74409279922883,2282780138378,0.0306787021826289,9899688539034,0.1330437352611654,30995129245471,0.4165492432878537,17105885000000,0.2298891350343446,14125797000000,0.1898391842340072,0,0.0
202405,77181621375201,3916649000000,0.0507458761582643,13219920898804,0.1712832752571799,26551383830096,0.3440117395438281,21556458000000,0.2792952210113357,11937209646301,0.1546638880293918,0,0.0
202406,73372610857657,3566030691718,0.048601660074985,11860890563938,0.1616528351014815,24949876355700,0.3400434585066463,22696534246301,0.3093325149670947,10299279000000,0.1403695313497923,0,0.0
202407,76613758868781,2712946138378,0.0354106909572803,10278123715485,0.1341550638846567,27701594368617,0.3615746672351955,19611374646301,0.2559771891611541,16309720000000,0.2128823887617133,0,0.0
202408,80548043852697,3128623000000,0.0388417005597491,11872120568018,0.1473917925273176,27493707638378,0.3413330271391491,17581165646301,0.2182693061851722,20472427000000,0.2541641735886119,0,0.0
202409,86355400191430,2558756000000,0.02963052680351,13464825473484,0.1559233753029409,27942143314667,0.3235714645838675,16425035403279,0.1902027593742659,25964640000000,0.3006718739354155,0,0.0
202410,92209319102183,2655924138378,0.0288032073573258,10984769186618,0.1191286227202814,27459284777187,0.2977929459251035,20418359000000,0.2214348744661385,30690982000000,0.3328403495311507,0,0.0
202411,94042424872081,4903643940622,0.0521428913311419,12861015836084,0.1367575948150836,25238019095375,0.2683684425375507,19065504000000,0.2027330114672543,31974242000000,0.3399980598489693,0,0.0
202412,89775345042481,2848702778398,0.031731460091298,10377140017087,0.1155900878150523,28836231246996,0.321204348848238,17932694000000,0.1997507666666654,29780577000000,0.3317233365787462,0,0.0
202501,95677928367276,3535011138378,0.0369469866112512,10630421436932,0.111106308616187,28133726906823,0.2940461544989446,24504841000000,0.2561180140307177,28873927885143,0.3017825362428993,0,0.0
202502,96710647429701,3413011000000,0.0352909538991652,11345850280860,0.1173174886364741,26033830263698,0.2691930098247145,24175186000000,0.2499743993294321,31742769885143,0.328224148310214,0,0.0
202503,91904889832758,3076534702820,0.0334752014655418,10713659139439,0.1165733309613335,27528610302077,0.2995336847927418,28298154803279,0.3079069552748931,22287930885143,0.2425108275054896,0,0.0
202504,99169626954457,922525138378,0.0093024968098515,11823662704624,0.1192266530361553,32680304226312,0.3295394490222315,29218314000000,0.2946296653250326,24524820885143,0.247301735806729,0,0.0
202505,108395147856034,3393430000000,0.0313061061045556,15432489151094,0.1423725088837998,29143099819797,0.2688598188777202,33346239000000,0.3076359012332278,27079889885143,0.2498256649006965,0,0.0
202506,106887093237327,2935376702820,0.0274624055525808,13305584580617,0.124482612237138,31998550265468,0.2993677655207626,36555136803279,0.3419976696542184,22022444885143,0.2060346503786515,70000000000,0.0006548966566484
202507,112752123307902,1518114138378,0.0134641733906185,12424101496641,0.110189512464554,36417524787740,0.3229874854621718,33803943885143,0.2998076035591067,28518439000000,0.2529303942429733,70000000000,0.0006208308805754
202508,114292314282420,3517508940622,0.0307764258927343,17748645031623,0.1552916759368921,33849819425032,0.2961688162284299,28793515885143,0.251928715118965,30312825000000,0.2652219021927934,70000000000,0.0006124646301852
202509,115661339772569,2163256000000,0.01870336280259,15071292744073,0.1303053619619872,41505319441116,0.3588521412835966,28791567885143,0.2489299185169165,28059903702237,0.2426040002425414,70000000000,0.000605215192368
202510,120394811725285,2414366138378,0.020053739058848,15310095357283,0.1271657402664272,39653922997975,0.3293657129383341,31950782231649,0.2653833813416628,31065645000000,0.2580314263947279,0,0.0
202511,119961796926941,4307018940622,0.0359032546273465,21963317844074,0.1830859357454446,28074213440008,0.2340262830266349,35534558702237,0.2962156254117985,30022688000000,0.2502687419586119,60000000000,0.0005001592301634
202512,113695431165898,3309968793619,0.0291125928252057,15007177697114,0.1319945537232394,44732391675165,0.3934405386078707,29319907000000,0.2578811364655281,21265986000000,0.187043452686941,60000000000,0.0005277256912149
202601,30136360009450,0,0.0,854555694721,0.028356300975069085,17903100314729,0.5940697651977558,6420145000000,0.21303651131015175,4958559000000,0.16453742251702333,0,0.0
