YYYYMM,cp_rollover_ultra,cp_rollover_short,cp_rollover_main,cp_rollover_mid,cp_rollover_long,cp_rollover_ultra_long,abcp_rollover_ultra,abcp_rollover_short,abcp_rollover_main,abcp_rollover_mid,abcp_rollover_long,abcp_rollover_ultra_long,abstb_rollover_ultra,abstb_rollover_short,abstb_rollover_main,abstb_rollover_mid,abstb_rollover_long,abstb_rollover_ultra_long
201601,,,,,,,,,,,,,,,,,,
201602,0.18347825375713298,0.43507276176705634,0.365793871155625,0.12671474757502213,0.06862876334149738,0.0,0.000895513412475041,0.007437428236618686,0.02330535627873955,0.04280953736122926,0.04200716294650949,0.0,0.014799381116186193,0.301380357471652,0.023141268298135814,2.367996117468403,9.498567590098832e-05,0.0
201603,0.14171042190802843,0.29562602325350784,0.2878973417175585,0.0802042898222244,0.08603125951229253,0.02341066040361231,0.005248636620587468,0.02120031871913657,0.03017335953177885,0.03477587932858318,0.05958531015296097,0.0,0.06075439839940846,0.47245003166868915,0.0524737146578182,0.7091567887917231,3.526115329523362e-05,0.0
201604,0.07412589575268037,0.22931381866530684,0.2374714337287467,0.04237759592999435,0.02709855830513622,0.0,0.0030441139028253403,0.012995253751007485,0.03244584072187405,0.04492452650605852,0.06559442689028909,0.0,0.06108688879547361,0.37092282450025316,0.007519607921269117,0.7120985822975464,0.012938966322817332,0.0
201605,0.0862911511136674,0.19516281538640431,0.14268644926797167,0.04237837722176888,0.02135921635000692,0.0,0.003058802535407695,0.0159755317984243,0.02840448414453713,0.040118702066112344,0.08418103848757295,0.0,0.04077124554184807,0.2972501034597863,0.004868430816738559,0.6312303260761117,0.01085563927179404,0.0
201606,0.07471281918793228,0.1756166620630875,0.13187265153672378,0.03594787229357074,0.04408333245230983,0.019011947129749865,0.00721429701298561,0.0178757737143115,0.031708330187572346,0.03461198963366235,0.09310768229458137,0.0,0.04966569016466629,0.36360407669020467,0.030847286690486468,0.5767163600796686,0.010524519628226137,0.0
201607,0.0792454821481149,0.13688368783274207,0.20038804949925215,0.046027436427011605,0.08119025789842732,0.017324499122319044,0.004012714515961616,0.008201614702202018,0.022108359768050628,0.03431283931872309,0.07016647146191103,0.0,0.0568412889975101,0.25954449060742135,5.725928175431662e-06,0.6541027411703436,0.028817833049857414,0.0
201608,0.09612405705306055,0.15871378259096783,0.14554383112378433,0.03994801133015483,0.03456201923760796,0.0,0.011698688757930497,0.01670749146152338,0.025682875363029878,0.03005739093397176,0.07667893460108617,0.0,0.05925166602188901,0.24796324538685172,0.002541365650557466,0.452283498786712,0.02222913847163618,0.0
201609,0.05859300874598478,0.15278391737255356,0.12767115458861672,0.05771294477984001,0.04265422525913405,0.010313249603259456,0.004490274284958957,0.012859905175512198,0.031223047451765972,0.027605229588037034,0.07331744652608163,0.0,0.04831299411594298,0.30259488859304595,0.004724635346762307,0.5153301545555233,0.0331146738979743,0.0
201610,0.07760380138228018,0.11121970657950893,0.20192809496636038,0.03708660700828389,0.03600006213178881,0.009948382445003233,0.0031711522189955305,0.010352377710724104,0.032690178334151866,0.031229895664596736,0.07901736109716684,0.0,0.07163689465013842,0.31224738561863913,0.022140079307421692,0.6032991120468302,0.036283376516815034,0.0
201611,0.06270668587703176,0.12286970886447011,0.11420583890112762,0.030607201824235146,0.04549738308419198,0.0073997465879081376,0.00328377032333749,0.01093336150522115,0.03609595260485813,0.030286275796387267,0.07302622751171814,0.0,0.03503290365960872,0.2022116331130788,0.006810190679724275,0.411740830605734,0.025079166359803815,0.0
201612,0.06459103533354514,0.0987357663439101,0.12191970553589099,0.031913448794129495,0.04608809197370518,0.0021395856868011275,0.004874384721555339,0.005418720758392378,0.02278140560696564,0.021236130682332776,0.04454690697694164,0.0,0.03279711419898286,0.24552460205631885,0.007415643926351783,0.4297699288064546,0.027442612401058112,0.0
201701,0.038926839710878965,0.08065674909233017,0.1610214490353097,0.034901980918590085,0.02409465698462768,0.0,0.00259130915108631,0.01133134194656961,0.03260075943644125,0.028120604430582997,0.05775533744629337,0.0,0.042167459030420885,0.2772210072098816,0.016008025875593565,0.5200838400620428,0.021781113040523138,0.0
201702,0.055345691757113034,0.0873178576301496,0.13987750985704014,0.03740966748443695,0.03276531381740618,0.0,0.0025933334485718413,0.012917892840021164,0.02635297378498699,0.029872824531514085,0.055903326642123254,0.0,0.06650676291517138,0.15732485438411473,0.013120399536956234,0.46287030826629766,0.018782561147938564,0.0
201703,0.03226737495134469,0.0808955163987883,0.11172287804986704,0.03615671241254579,0.05316695259962813,0.011907802290661022,0.0027324662483113604,0.009868470443558762,0.02202762246614311,0.02593135442538726,0.043014449364111744,0.0,0.04544669362502543,0.2434477322608215,0.02394757261176728,0.38059519240552114,0.016159245898152565,0.0
201704,0.0776147843027572,0.09129621801865145,0.13903499742161743,0.033263324237051854,0.056346546043102484,0.009478427950441359,0.0015728506783036476,0.016016191502401106,0.033534180797178494,0.030835809916318967,0.04415823087187038,0.0,0.03283350192529019,0.2549459065482297,0.013790407537989678,0.48532008563839596,0.007354536416127087,0.0
201705,0.08272227613375303,0.0888012797349549,0.12556903895795923,0.02122140520296468,0.029971601046926803,0.00859473230376174,0.002445413581851683,0.014232710006655033,0.03840965675333509,0.0258412848815637,0.04127101952015052,0.0,0.0875295720663722,0.23209545896900774,0.02167473599810777,0.5495207445641217,0.009470871062802862,0.0
201706,0.06926783631713858,0.0747525336301644,0.09204752881860744,0.007179054606523513,0.042773108564741494,0.0042672702206608265,0.0034118319744049514,0.017014780827861408,0.05087574184567857,0.034291515748053406,0.06532058035755638,0.0,0.03278578657841786,0.1977295600569207,0.015035898055954629,0.3253418304402861,0.007867204677228111,0.0
201707,0.08841913879497226,0.07317863420344074,0.17733567965656505,0.02447533978608928,0.02874931309927305,0.025528042572587725,0.003572039522192135,0.008166579563428495,0.027338293857541603,0.033981336318667676,0.04451676354759894,0.0,0.03580700236683903,0.3464859566072666,0.044540908028598135,0.5028701665114996,0.007815632973437368,0.0
201708,0.03345236588842446,0.09319323049902209,0.13555643968486344,0.03766144010813078,0.03460992316060471,0.014027630018014532,0.002646497353434846,0.015939758405207876,0.022883768565672945,0.03472289137913361,0.0448136017826954,0.0,0.05499325906887741,0.1691617527754183,0.037811015332034924,0.5458926438103817,0.005964180837181828,0.0
201709,0.04472012454616219,0.08663583050756929,0.09725121360691079,0.038725444551232634,0.02765128492166689,0.009410800619983613,0.0011658043677368792,0.015265078036426728,0.017690277563997044,0.026992444639659777,0.04194436580074576,0.0,0.010028115801308145,0.32490575447616216,0.008314190978034248,0.4221375953071535,0.012853253613728645,0.0
201710,0.027568916547738374,0.09704364078366289,0.1185130274162492,0.024781587160185577,0.03223643501915628,0.012462693736263538,0.008592569424601978,0.01438780245913892,0.0274898160212619,0.03280044338288919,0.059778266598869007,0.0,0.05463977416951684,0.2626015137363508,0.025315826141737132,0.47806404789378326,0.013965134136112984,0.0
201711,0.037593809505997555,0.09586895494767163,0.11440512079489111,0.02619951932344205,0.045944683828905875,0.018844311826776827,0.0035806479415653567,0.01772149765818242,0.035453441193243514,0.042789047841517436,0.08487976273536779,0.0,0.052376776464870184,0.23594290857890896,0.004656126521874473,0.6660789510547223,0.015902235246334134,0.0
201712,0.04609952585406553,0.07931305383516803,0.10146608124538889,0.021038970786018272,0.030175971075207333,0.003431385906168029,0.004683828885521437,0.014012776853108568,0.045727707634674604,0.027031652684659752,0.05307050355260793,0.0,0.016732934326518165,0.20302947990778,0.002710829352319757,0.3009445648866944,0.009096479165915479,0.0
201801,0.04404082998752852,0.11395585301799925,0.1594663540739319,0.022826855907497168,0.023625079810464276,0.009390869446671685,0.0030242964799863654,0.012689300729913141,0.0434176961238508,0.02901128775727805,0.05215481631213077,0.0,0.04815509470976411,0.3077630606066809,0.003989873298754413,0.3484661709551268,0.023558346473725005,0.0
201802,0.025203899922276615,0.10940343760268256,0.1258960866780364,0.019926933117105996,0.026016723035008536,0.00531952298908327,0.0018324869017374184,0.008910786060550771,0.0390227642403366,0.028409453583638073,0.04065333989664648,0.0,0.051837794901342195,0.22894868423894874,0.02844792868270947,0.5818172814936045,0.03158196885134608,0.0
201803,0.03327328411112305,0.09751921637074426,0.09020729415289663,0.027883045217592238,0.05761115492006192,0.002899091222029618,0.0030240522910010004,0.010221329317776695,0.02158833227243195,0.031820269424001374,0.030303750798553047,0.0,0.05467861234346136,0.3132721581773576,0.02382050883402863,0.450256945853108,0.017602011669669116,0.0
201804,0.03556084139171419,0.08389852077421348,0.13835621573837042,0.025998578138188934,0.04669906087607931,0.007101724565746128,0.0013020110012518344,0.0177369458103009,0.03725071791166304,0.05207277136458799,0.04850534087700341,0.0,0.03151589711871052,0.2594410560575883,0.04161033351967191,0.39716584100335156,0.030277920521372438,0.0
201805,0.030914818778309226,0.08999000817252549,0.1080955396114769,0.03264813502908531,0.03572657691197405,0.008626458192519754,0.012328676596334449,0.030373714474707048,0.06304097609350379,0.055269341714337214,0.06727635556396337,0.0,0.03574805124586342,0.34568145270257217,0.026320095987632585,0.544847995669661,0.033287559682662934,0.0
201806,0.02564856376281264,0.07883766867711456,0.08260579100770063,0.014993327088508378,0.0382551495011704,0.008114128968173755,0.005615726405727943,0.015988780726555626,0.05025920281970238,0.03691436422495584,0.04563733086395848,0.0,0.028463632259275996,0.2022654086288053,0.00829286427111766,0.33312268070658285,0.023520009747387775,0.0
201807,0.04467601366156423,0.0871848240466293,0.14023974429544428,0.021734879632691818,0.04054028430323091,0.008109273251633912,0.006844918740624264,0.016020935671391397,0.05507384525876608,0.0451105950823174,0.0571087779997615,0.0,0.04983808280896861,0.36419284172264155,0.05417051423061029,0.44081433378213936,0.008822240675587956,0.0
201808,0.0494873955015416,0.08544468602237737,0.09944836369639164,0.022351109605461827,0.031235447445828925,0.004089081488405619,0.003661563740186295,0.016363368186662678,0.039054388339710346,0.05780198177923581,0.06326035157591996,0.0,0.09045734555756844,0.2407159789308358,0.03435801252202915,0.587953759370768,0.00899880628305843,0.0
201809,0.01980073969028827,0.08542740636038532,0.07802613131340574,0.013222673504172324,0.021831194802072032,0.0012357638788946092,0.0034677992584674568,0.017053775748366407,0.02097161452240266,0.04290488487116837,0.05049965461074938,0.0,0.04089565225223121,0.22017041253139621,0.019753644098764272,0.3472487762731514,0.0059804778215134064,0.0
201810,0.021643847948609192,0.09823476755578632,0.12235849623689052,0.018667991069615187,0.019404082652117658,0.009545572660794263,0.0054238092940121505,0.0375518406083321,0.03944574752074858,0.052521086863188904,0.10082842741402066,0.0,0.1240835858970061,0.347266301154311,0.022298483356528034,0.43854459699311177,0.0031057206207333234,0.0
201811,0.026825431185912324,0.10640859060128215,0.09450929571989762,0.028454664896164574,0.04332191323526161,0.0,0.00439589554376168,0.01783197032716233,0.03851739759168564,0.034683532885371945,0.08539346024852523,0.0,0.07614916095275237,0.20885155747208883,0.0076901460880173635,0.6931214374149153,0.0018751081517395932,0.0
201812,0.014556188456460417,0.0934812553379765,0.09342075093436288,0.022171936291953666,0.038569605548718515,0.0,0.005410707610837974,0.017285118322563013,0.046780770232255006,0.03196121172373066,0.10228261836009002,0.0,0.05307505108218882,0.2757155909415173,0.006255483958846432,0.36911165246284156,5.2083241149926494e-05,0.0
201901,0.020204286999053613,0.08891270134857503,0.13789920110880494,0.028726858550219957,0.031615162200476075,0.0019769361055825443,0.0014376057851933337,0.00634439033898083,0.02583526253222929,0.023592650390160307,0.049746312388392375,0.0,0.05118250987923482,0.42871449767526154,0.0031913579565788497,0.5302513679860633,8.381412403172273e-05,0.0
201902,0.026069844015859826,0.07943285924633295,0.0969486805012121,0.020833632899983252,0.04558747341415374,0.007414104234869475,0.0013628455238055182,0.010183224428487079,0.02812896572423392,0.029336100091178922,0.05378431679192872,0.0,0.059891030674014134,0.2969930222981742,0.0038630235210763836,0.5698825042314344,7.801545873183727e-05,0.0
201903,0.026255660479911073,0.0754960198401163,0.08866962918039578,0.01919131695933328,0.02946827616735046,0.005385776508699708,0.002749593987467685,0.014076079840725125,0.02995666240614157,0.028572787629300923,0.049220369576610724,0.0,0.053290649764905926,0.415285177152879,0.002029363179391043,0.458198953133725,8.929197989320749e-05,0.0
201904,0.036913785883509874,0.08679017677807509,0.14356728147058775,0.022683626744252467,0.03948617514368479,0.002423265245092299,0.0037376742772360565,0.016180725919442845,0.044580949524787084,0.03946917822669209,0.059005396671369024,0.0,0.045859471193718464,0.36522094819523176,0.024707195460296594,0.6244071837526235,2.8867817816067037e-05,0.0
201905,0.03191007481566511,0.09675698508067387,0.10092842375269198,0.023629804827340988,0.026942628335307348,0.0008943907958872409,0.0032314282719523844,0.018008578043247975,0.05310959026979382,0.04225502418941861,0.06675534358113135,0.0,0.07459985537800488,0.2813758403976794,0.007420790243792549,0.5439236982155483,1.6046108354748373e-05,0.0
201906,0.03479279331149205,0.09737971737413932,0.08120329549279279,0.009582347318919623,0.03644308646086153,0.0,0.005124627570394878,0.018041401544313683,0.05292600902020606,0.03686624495686389,0.05468292090348062,0.0,0.06918056904426777,0.3229086855566002,7.011456978121758e-05,0.3843471339187009,0.00012065169475334527,0.0
201907,0.04164124178807522,0.13590102593380537,0.11780195762805984,0.024324805749864477,0.017500475455041953,0.0020448824092358245,0.004965742470840423,0.016153630255172618,0.04804487597048686,0.056796242867947044,0.07968152707116001,0.0,0.05132605799668704,0.39948555599482155,0.02239571669005827,0.47782346676156656,0.00017713318921849105,0.0
201908,0.03589326583692536,0.10801247510239756,0.10642847611501835,0.016707597911031827,0.02190908766457605,0.00189021358875797,0.00433450848141711,0.027103291289833555,0.03988896226619304,0.047573012770208714,0.08039641019848616,0.0,0.06097891637178737,0.3657679186818747,0.011805055457409777,0.5860405977074735,0.00020238131640019317,0.0
201909,0.030423441825645686,0.12250428347104166,0.10889614359007407,0.003697737639356655,0.036996766732525166,0.001939033895834626,0.002876492762129528,0.018393868593949664,0.029233562414003166,0.045153043231951316,0.07789547020627124,0.0,0.05094413117643932,0.3394715187424955,0.017723623354129404,0.4690541669364038,0.00017311570516487395,0.0
201910,0.026662662125889816,0.12956412159910582,0.10018126521111598,0.024414338297011264,0.028829697350726043,0.012292423050306131,0.004257950872673269,0.018391724424403177,0.031903086200520014,0.03937433341976815,0.08904876763295572,0.0,0.039338514835763956,0.41840715322257493,0.030763394058335707,0.42426716952548343,0.00016018610300415475,0.0
201911,0.023148769227539775,0.12923317286179975,0.11255393736463344,0.03857995291724418,0.04241183083088913,0.009170987722563315,0.00954716621554061,0.021968830765533857,0.03840525061736629,0.038218163702566615,0.11879788734006448,6.673467799231988e-05,0.08679294384251658,0.31879127866631657,0.005916163133895365,0.7056675408155985,0.00016611902998524573,0.0
201912,0.02573989175554377,0.10111506490133161,0.07756962797509322,0.03947118532182272,0.04713147610041993,0.007250401418409746,0.0013873018158770997,0.009472910614383656,0.027578115957393116,0.02694720079127124,0.0681474441993987,4.0760435894200186e-05,0.04221722679795658,0.3366521318010866,0.007824847796869922,0.5309719295936957,0.0,0.0
202001,0.017874915887055295,0.10446526484118056,0.14766183929068488,0.03189173960668068,0.03523242568890369,0.0,0.0022879373139595856,0.008760181155988133,0.02537943231682687,0.022502106438612585,0.049401886467177296,0.0,0.0530977107916095,0.33642688044094454,0.0001428375855195569,0.5135104469649493,1.5100680618188778e-05,0.0
202002,0.020376481279106715,0.09429489454099929,0.10328306953009059,0.024091053988968058,0.03610754713706996,0.000527888116039019,0.002911054588131926,0.011808724341479903,0.03663235475082032,0.0274075273505738,0.051939863956265646,0.0,0.07186446379199146,0.3454790979667065,0.0016672967294413487,0.5444747703916326,2.1870404630018306e-05,0.0
202003,0.027239970235029325,0.06974934514743168,0.1000297597930616,0.06328775478813271,0.10398147621114529,0.0017226313941079584,0.0029615007973989296,0.00804565539513711,0.029728937779064237,0.024704566821321543,0.03550304764600602,0.0,0.05875654277863803,0.3409051965965123,0.017403414307859345,0.4083087627667894,2.6656801350610435e-05,0.0
202004,0.009134152330362992,0.040040119804330976,0.1162240502864639,0.03208119567392103,0.048216033508047595,0.0,0.0023187782223927484,0.00840656256551723,0.028359634295934237,0.0227292795939675,0.024916481614676,0.0,0.054317225109585046,0.2929656080752873,0.0014929096599594096,0.4702260872843189,1.3344996132728017e-05,0.0
202005,0.005110892158449751,0.026601307180057997,0.08182823568920708,0.03362550768500436,0.04628016917416144,0.0007708736287254453,0.004237330632616459,0.018685299945003432,0.051703157026935266,0.041297489611077494,0.028560396799580258,0.0,0.07308849817073086,0.36599193249702106,3.1581686754492603e-05,0.6259276103678628,3.0077796909040574e-06,0.0
202006,0.0009485681132792097,0.0379151854569124,0.07046560625380287,0.014167323756396115,0.02780987515334907,0.008873701704870134,0.0037200033186740684,0.015506159643046073,0.04737605277257233,0.04546078723440026,0.02719430071145822,0.0,0.05919662716761234,0.352705922180922,0.027587425265942163,0.47742570152994274,7.774284652917679e-06,0.0
202007,0.0038061910047490098,0.04501528625905852,0.10803920351166094,0.014396366993293047,0.03249732171079512,0.020603761224054586,0.009982420831759103,0.018130896949908555,0.04888161460696874,0.057277909315974256,0.04046250622352033,0.0,0.06568221855202869,0.350054809472724,0.013183094338519469,0.5125564804334377,0.0,0.0
202008,0.0068308483120123435,0.03981542406522264,0.08085509834161644,0.008909734339389613,0.02673388168139625,0.012944301595822478,0.008899363573316544,0.030877844066765473,0.05292107419449105,0.07433399135549923,0.06388819452410711,0.0,0.05984529544057732,0.409882843685103,0.019723090050744747,0.5477286260707314,2.8807130620665386e-06,0.0
202009,0.003625910164257734,0.04578736296117472,0.06824593522205114,0.01794983179575592,0.037398898620298444,0.018760143893333532,0.005482169264770793,0.03248135895855987,0.04750113882356396,0.07390261882414609,0.09768483695564693,0.0,0.049309259691840135,0.3202952286431061,0.0009709598135183679,0.45720353154959786,5.286096485376155e-06,0.0
202010,0.00436162898208887,0.04325899032493919,0.09924556810019534,0.024867723026662517,0.03571353313164431,0.02398091211554407,0.013365268015065119,0.03220149205128689,0.04341887523371573,0.05456390628013098,0.12531164075739606,0.0,0.07420517358817989,0.4968225692487774,0.006166796666236648,0.4423582732859756,1.5076324712943416e-05,0.0
202011,0.005316840171822288,0.04299914416067125,0.08366816710146258,0.013562746811796086,0.03135494389280382,0.010249330451705618,0.007981036791717811,0.019666656721563282,0.038699690949114525,0.050116763988391974,0.12922179081991583,0.0,0.06432147549798509,0.29637249654020725,9.787232760333846e-06,0.7654780826513573,1.3049643680445126e-05,0.0
202012,0.003528111535085531,0.03642941580331248,0.06513692711473962,0.021468225850284652,0.06583256420043103,0.023415344008798827,0.0031013712429742105,0.012937176038071851,0.0315679152201228,0.03687830321456719,0.08593609049384174,0.0,0.04473432817541075,0.28997250854503764,1.5105277190310666e-05,0.408548759863202,2.1548184294309076e-06,0.0
202101,0.005241836785238936,0.0387404499909066,0.1242364460321493,0.023186937404705416,0.03709991888452636,0.0016380739953871502,0.0018570607272130335,0.018384343078383172,0.03550014670097925,0.025050870063978724,0.07443030279010308,0.0,0.0593428784534318,0.3826629180698713,1.8595100747310516e-05,0.46473228450377185,1.0610613835840523e-05,0.0
202102,0.0038111348263279825,0.031116425907138878,0.08346855780130702,0.014452513343461917,0.035218493042225664,0.011998017045847383,0.003578084671837755,0.017829444678184366,0.047996747188766016,0.033398266622471404,0.09539367245613191,7.355464174386955e-05,0.06525745996494639,0.3070234228259777,1.4072882659303796e-05,0.5819169535452463,8.426875843894489e-06,0.0
202103,0.0031147547701847952,0.03054801595660952,0.06661359750611785,0.024749419858130138,0.052090565489947886,0.007494146815482252,0.0016105278172910812,0.010046444514694747,0.04303255568020921,0.034364282111701165,0.06072544666654509,5.5716038790944686e-05,0.0629301725302266,0.39844848213610035,0.021760144839798302,0.5616612258116654,8.443983251764964e-06,0.0
202104,0.007412080480195136,0.03819712902924091,0.11292366897967887,0.013992637646015429,0.03658858299225739,0.0305203313890388,0.003047878881443324,0.013452798116326593,0.051105362481705684,0.04225775321870044,0.06224317250666754,6.20559682671855e-05,0.06884419152758653,0.36464802883607317,0.007688832072796577,0.4524825140051263,7.365314558961994e-06,0.0
202105,0.0015197417135726498,0.04905388531031785,0.0934103871423202,0.01859764733326554,0.04528676797182559,0.007828972463859198,0.0055256885859703425,0.017022258574423042,0.060735743850544865,0.03583028829227892,0.05884135086784379,6.275660089878943e-05,0.07428673004768893,0.37796383717167176,0.02213625938351284,0.5419864088021866,1.1689163245844925e-05,0.0
202106,0.0130839367887592,0.06173362313123871,0.057927250256256,0.02528658772025256,0.026464142031240877,0.02932606521618443,0.0024271086697754346,0.014492205048671237,0.04595508222848493,0.04167564586954919,0.04936528582017403,5.396212970285857e-05,0.054981415248712924,0.36674555325684804,0.029089748484543435,0.523282002614623,0.0,0.0
202107,0.004806337491188342,0.04581896095008911,0.1081702664039597,0.015869652516360046,0.03108098244301795,0.021410048824384423,0.005141600149598872,0.013540076458375069,0.041010468677580805,0.05159161097138709,0.056946133613708275,5.9278670455499235e-05,0.07100562423444379,0.3794711648219496,0.001523146639437133,0.4966886745608188,0.0,0.0
202108,0.00810821983896587,0.051452647910293414,0.07980603509326507,0.02058077713907949,0.0192482088351103,0.012127076628714178,0.007035425948784036,0.028659592142759083,0.048234040901805775,0.05461826089611655,0.07362191885856832,8.325947868382119e-05,0.0803336812493614,0.3918284432563487,0.02890460574665476,0.5072107139901848,0.0,0.0
202109,0.007775745322240808,0.048907192374274655,0.06712545488017464,0.01590518880715397,0.03946260929244099,0.032281975164537714,0.004114325913557967,0.016874813171997554,0.03371887836173002,0.04331926434044839,0.05757445649253999,6.281005204696943e-05,0.06680489600968023,0.3964767594437471,0.010810287827359148,0.45498005418054943,0.0,0.0
202110,0.003296610921154263,0.04626566521796871,0.10096433100646356,0.02377130396762874,0.03681874214833606,0.04347328994825186,0.007719598138026955,0.03061948110523591,0.0662487217351477,0.05234096871106372,0.09188837565632843,9.576156571333359e-05,0.09945893042572694,0.44500646473722544,0.0013593862201235324,0.5300906880445257,0.0,0.0
202111,0.002638847031848076,0.03879498994582645,0.08752307274884831,0.015465481609537582,0.05247629587562197,0.029014188758130794,0.0055487271754486285,0.017592189648253785,0.043937595529503354,0.03820060589055539,0.0699496384907775,6.819324301273459e-05,0.08445073497051192,0.37308956633602697,0.0014670480995095003,0.7951602406265149,0.0,0.0
202112,0.004308765957389483,0.031210452543525596,0.06745404329234962,0.021428929361417038,0.08302429986938578,0.011864717853681183,0.003153320923067103,0.014265450563894817,0.046715912460741825,0.055701991722073144,0.07872519530385964,0.00013722773755211847,0.07184806050115261,0.40227820194194286,3.084082355039327e-06,0.507184768515446,0.0,0.0
202201,0.014231164237449481,0.04896154619825166,0.0907843404302626,0.019748026877571278,0.017265194796384727,0.0037803435420816957,0.005676117800513762,0.01453628308301545,0.03469027948299359,0.03393908694520196,0.052662270574499494,9.74379037116696e-05,0.06967084716620704,0.43831857914198746,0.0,0.4296752597245162,0.0,0.0
202202,0.004388415040855688,0.031432468707267285,0.09548192140112227,0.030088590930528285,0.012071114543275174,0.02723433724541887,0.0038157867510168046,0.01657654426296656,0.034264079003311354,0.025144609661069742,0.04441284507851568,4.852343320164762e-05,0.07350408753506849,0.48760521189159556,0.010610286956477512,0.6999759920789321,0.0004433928441630657,0.0
202203,0.0015391065137430817,0.04060961038483627,0.0711295225129123,0.03922669468026564,0.035230718139028935,0.024739712109796388,0.0027266183841959837,0.009440975342940165,0.02545239079808041,0.027568615592652956,0.03464426803886984,5.009694975438806e-05,0.0913798848675792,0.4782885591069261,0.022112241696184518,0.5202512978497578,0.002045390826652752,0.0
202204,0.010204913836126147,0.05031513666795889,0.08771205299748044,0.02314823717116573,0.030906154555891362,0.03252475211941809,0.0020243309499539874,0.020120391267283606,0.04898272223740165,0.05603260236170841,0.05994210939172088,9.415002726682031e-05,0.08512858129093512,0.48220383609291945,0.000578762753204006,0.5115059184987083,0.0014650154108710647,0.0
202205,0.013956332367862227,0.0466203073141163,0.08512541783668447,0.020842140469947208,0.0186351872936075,0.023602620916237604,0.0048561448400405854,0.026604859906362015,0.05447018005882551,0.042203370152747145,0.047893109124390605,0.00010197160741259947,0.0805532575461032,0.5260977720419869,0.02724488149162949,0.6638243239036755,0.0016446010888994222,0.0
202206,0.005695811041264934,0.03632428546684598,0.05528234284840365,0.04366688538460297,0.03192152345845768,0.024681847845481438,0.004345940010257505,0.013892410160658945,0.044076372494542944,0.037063296681123556,0.029039657840232526,0.00012105596604635283,0.08452003364593653,0.5249985601694672,0.02177577722859597,0.4603771122271427,0.001327940697297024,0.0
202207,0.004253433983604799,0.036642758980379185,0.07848352084252405,0.04388796646191141,0.04482487151505678,0.007568046952810335,0.005572144188942056,0.031733134831177005,0.07836973140173623,0.0746979280884999,0.06532661940420409,0.00021453540191037541,0.08604159567720782,0.5075010216448325,4.240455971209006e-06,0.4977188288787678,0.0013770322811768021,0.0
202208,0.008838872961102162,0.036630415925953966,0.07833259697912955,0.027750997676039398,0.040084874532770036,0.005045635941098056,0.003198181153990855,0.026801718038015777,0.04002540027520598,0.04433742743026213,0.04228029695631252,0.00012321391183123473,0.09548255865556837,0.45073444503219157,0.037364076713930494,0.6617384960438879,0.0009268419363086766,0.0
202209,0.005726382970788862,0.04239692482842396,0.04649736208902217,0.01413028379731326,0.0172199277001889,0.016485041885604325,0.004499072415472242,0.026091695980872527,0.05312441315432934,0.09272833015191802,0.06492738479252971,0.00026103303754606373,0.08680937066584264,0.41394640145068123,0.0080047466011595,0.49280542280463024,0.0,0.0
202210,0.004863757281989343,0.03184876700197208,0.08747779636443401,0.015182881595359115,0.008303760159614535,0.005482780936060717,0.005890516939892966,0.021128881962852182,0.03997844417204882,0.04490178265797019,0.03759037013480068,0.00016615009735073885,0.0793691806028582,0.43798770388121755,0.012572080992950051,0.3736309611075992,0.0,0.0
202211,0.0013375345183055409,0.031423144283391664,0.10424030683930346,0.04427809936985841,0.015536087612894135,0.0017833793577407143,0.005381346292172093,0.0284328117728098,0.034619805935443025,0.025547399325086793,0.034208997828288554,0.0001541077698450778,0.0987795901273933,0.39767141534762174,0.0008898189297450573,0.5735449833142633,0.0,0.0
202212,4.354991053772984e-05,0.029343929720326616,0.06072076926455477,0.04105362966571311,0.06362380630100026,0.0013935971372075512,0.004099553862523202,0.015938184452315395,0.04427688305726672,0.05970573742400515,0.0498627318223219,1.0562421331516327e-05,0.07437403757188113,0.42249186716356557,0.0,0.4642724457805631,0.0,0.0
202301,0.0034468030721499956,0.03376639141928126,0.0885907323964052,0.028922449086588004,0.0459661447866112,0.0022803277322111853,0.004917561673044567,0.024683781007539443,0.03984571159904869,0.06971466778831518,0.05154390988401822,1.072213834522531e-05,0.0738777411414321,0.5101780701126882,0.0,0.5128226330940727,0.0,0.0
202302,0.002492538843370007,0.031854646418268726,0.07256362165446886,0.011758967416738575,0.02734398195805013,0.0020771157028083367,0.008631115360353837,0.03296623157033578,0.032945548595093785,0.05221908490789141,0.04769048309239533,1.0063667442205498e-05,0.06966485114080552,0.4396981801823963,0.0042478618713199965,0.5412374750389792,0.00011935548950036416,0.0
202303,0.0005093702582869759,0.037489651009922194,0.06825561461045618,0.025003288078447206,0.03367387351005132,0.0016979008609566137,0.008973733823992629,0.020895428980909334,0.04560362660887905,0.049336037533395695,0.028104987280694927,1.0043656653781194e-05,0.1066735117313341,0.3939179768348852,0.014062004013059515,0.5539882133933121,0.00011971738475269915,0.0
202304,0.001624157636599916,0.03131292633229432,0.08938364150223428,0.016580567216304912,0.02688605564586942,0.0012493520281537677,0.009665845185383675,0.03529579797373387,0.0901746116734149,0.07673333829858062,0.05600657345409015,0.00011706038115194018,0.06296601177618853,0.4262901042857968,0.0,0.4487380908622594,0.0001073884864940694,0.0
202305,0.0024581288535294532,0.03018928099510553,0.0675750739000918,0.008563511540319212,0.016524225653240254,0.0,0.006503949757769679,0.04003526811717056,0.08858136322145299,0.06809344990408325,0.055137874217951216,0.00011081980887248654,0.0571200877263847,0.47810239964821316,0.02324245017053322,0.5628800808390915,0.0009332382257428214,0.0
202306,0.003485026921832963,0.0299716565310467,0.07114214957310545,0.018419642291736694,0.05296815917902966,0.0,0.006074251352512729,0.018267379616147425,0.05159411872106702,0.08657445345857351,0.03494044781965328,8.624358021273392e-05,0.09104618089141213,0.32298221886280176,0.00513684602156641,0.5535625982252117,0.0010960772106224312,0.0
202307,0.002938024293628692,0.02557358537323766,0.09379025146507348,0.016540650972507332,0.035266510738478786,0.0008516012445300451,0.007899613851315936,0.034783280685373154,0.0651346668655267,0.10720620296162013,0.059141056780439655,0.00011402221773841466,0.05554902540294419,0.3768651699766759,0.013871274632914541,0.466522424557893,0.001388075314416621,0.0
202308,0.0019839703637039656,0.028974409737157696,0.07524313134685837,0.021227638648924615,0.026585202873633317,0.0,0.009747342052068382,0.04345089701217427,0.04477674473056439,0.05725871595594247,0.04564282553246742,1.27787999756176e-05,0.10232578916002613,0.37330740933258116,0.02585487187061279,0.5537410097174191,0.0014911610588961698,0.0
202309,0.0017207965432234087,0.026267453115675066,0.06323083768628783,0.024447963829531474,0.021150613982737196,0.0,0.008701206281955658,0.031181432238319293,0.048997817831766426,0.07249697279182753,0.04924866060641821,1.455708141900226e-05,0.08106182696380394,0.3287727178033073,0.00014542668248799197,0.46083882751215793,0.0012473922483829379,0.0
202310,0.0024740153738727596,0.030575417586069062,0.11383030046063607,0.017600486613230763,0.02020844006079253,0.0013649739993780784,0.008960152408157828,0.047745272282834754,0.10221494064079721,0.10795265824730248,0.0709209246460919,2.0193638725635602e-05,0.09049142961231373,0.49796702364660633,0.017032373647986054,0.48983588646746073,0.0016799857547293506,0.0
202311,0.000221054694457759,0.035496282667739056,0.0876226800416093,0.02819382585736275,0.05764596305240824,0.0018704627992580938,0.007886176763743522,0.037412504627727945,0.06843732750236546,0.061544766360445424,0.05686730314666683,1.2173526954466267e-05,0.12087169922879569,0.3463845254765024,0.039291521841545,0.5916803210938401,0.0005532639890451148,0.0
202312,0.0021283644427904968,0.026035627347289238,0.05099070043900791,0.025634512509994097,0.02484046885249149,0.002865105980679526,0.007343272219547639,0.02917877572539223,0.053642993428262536,0.07862874098839337,0.0471436209094911,1.1386776081557216e-05,0.05257560995258744,0.35002178776540804,0.0009251314177650048,0.4931612442904647,0.0004429916588406589,0.0
202401,0.0037422631971999487,0.02347182289034481,0.10259458069812007,0.021544122196903437,0.030513369757448245,0.0,0.00951934298080634,0.029431964249277978,0.07685336673066326,0.11384957514932306,0.05114638339786858,1.3168953958472534e-06,0.07076508715020732,0.39097016122132305,0.0013696651305841522,0.478187701938747,0.0001236971792809861,0.0
202402,0.0004716077958654954,0.03029436986896077,0.08624934864532376,0.019104403076151875,0.024806570062525745,0.0017149374395109276,0.009628381706975464,0.033843537972963196,0.050445484657695036,0.05608952828489161,0.03388486355088346,0.0,0.11431336766936392,0.35576318544413343,0.006723094186112676,0.5414161319473797,0.0001362956801459393,0.0
202403,0.002361114318887625,0.018554065611331553,0.062259579534479255,0.021733413365091894,0.05138986779734563,0.0005151522150300148,0.00422083066942617,0.02350620049609908,0.03218959464313703,0.04807846306758446,0.01910207126013387,0.0,0.06699403754356184,0.3588963985231955,0.0006160240122656976,0.487008078290792,0.00035364341444879435,0.0
202404,0.0028306863556628653,0.02131592604188558,0.1096899540656805,0.01513559416535496,0.02002410372321033,0.00017155674882803862,0.009395984496951818,0.040747384504364687,0.0704082831125573,0.1275767862946247,0.05814216068718529,0.0,0.05723115241056996,0.3686146019910098,0.013879153361968268,0.5030592003675834,0.00042193204870044426,0.0
202405,0.0010334057004380722,0.022838265979681527,0.09330447834971999,0.013278402079212269,0.03972153161058862,0.0005597614210706203,0.012632135024605013,0.04263742444326513,0.06952476162868494,0.0856345987684593,0.03850037214697868,0.0,0.09842266386987623,0.32350289451169084,0.03438336659500889,0.5168234868321343,0.0011867509607152115,0.0
202406,0.0033164438762940587,0.017400993382617698,0.060075011930583816,0.01605244977525708,0.0597795469306958,0.0015936158886088333,0.010763856210451374,0.035801408230903733,0.06850816838737647,0.0753097504699022,0.031087774562566253,0.0,0.08969166220203835,0.35612163705889777,0.0001345948665673137,0.549087820129159,0.0012872163602626941,0.0
202407,0.004453370979162673,0.023469265060187306,0.10818574119679891,0.012781174710196883,0.043050737255565595,0.00017813483916648848,0.011968407861266413,0.04534287464661046,0.08651735733587441,0.12220809514824758,0.0719518085160954,0.0,0.04567219229742844,0.35148944712762753,0.01765180294979385,0.4826215485459125,0.0022219788773690575,0.0
202408,0.0023044088659472145,0.02579165307656309,0.10327296963852688,0.009994930300494915,0.039573790717132025,0.0,0.009777731348459879,0.037103353600163716,0.054945550960375664,0.0859247301644077,0.06398146764789388,0.0,0.08929306182344064,0.340757327661906,0.0018016242666336517,0.5249287647038687,0.002470967875405333,0.0
202409,0.003054870792247524,0.028804332426612254,0.0726616513657486,0.019939894310325283,0.05167513175790547,0.0019480335486795866,0.009416642382609482,0.04955276948175176,0.060446828269041,0.10283167718916596,0.09555414016545444,0.0,0.06327578619582747,0.4255887358099045,0.01554366411331393,0.52666601238058,0.0023954820178713385,0.0
202410,0.0012132577878150713,0.028060919406751605,0.11041079175470007,0.021196480165835006,0.03164869600786191,0.0012999190583732796,0.009549858668164964,0.03949773704706814,0.07341792631356481,0.09873485652763313,0.11035501212251894,0.0,0.05552212549261522,0.37150222246493253,0.01660162726332005,0.4815462029043698,0.0022769042041597292,0.0
202411,0.0011988313107336465,0.02962825953670307,0.09530708920332522,0.020675558569759972,0.06609413908498343,0.0035108631242913853,0.00988731569614837,0.025931924357541443,0.03844215836973447,0.05088792444211222,0.06447030588418827,0.0,0.11131118847408479,0.34499739244312183,0.002254097879464065,0.695399620040434,0.0015465714539162941,0.0
202412,0.0027512535611325917,0.018749283527718454,0.07728135388848083,0.01044287539963231,0.024815627799549093,0.0005944066335780287,0.006422756726515392,0.023396560129807224,0.040431501624684674,0.06501489015050954,0.06714403576838744,0.0,0.08083733016347,0.39502746714701853,0.001605669313460917,0.5620886961873304,0.0011090776968894426,0.0
202501,0.0009711506457710273,0.033548840490272146,0.1111702630140808,0.029553879879259472,0.027271675861697542,0.0,0.010896505379343259,0.0327677735197646,0.07553501851170101,0.08672088844445126,0.08900252310593633,0.0,0.07734498498691897,0.40019129354949123,0.002248589720045707,0.5320141746638866,0.000342374971414054,0.0
202502,0.0026684467606750474,0.03419847483442921,0.09717551263827214,0.015519347509703815,0.02312653859251716,0.0005082755734619145,0.0066619292829194175,0.02214620820902153,0.0471880634235939,0.05081599097696538,0.06195939251845568,0.0,0.11029558619378808,0.34842593032981733,0.008439418340955651,0.6373689937242947,0.00043629596799702125,0.0
202503,0.003610102097125496,0.024944086394900464,0.06876041127658368,0.01567815767894502,0.04270351950572545,0.0006876384946905594,0.005247801002050316,0.018274830807544114,0.04826959533292516,0.046956944316562985,0.03801765210887169,0.0,0.11574000674891816,0.5362069157021627,0.016602080270422558,0.4785149967864926,0.000661588078634513,0.0
202504,0.0024630975147650522,0.03331003511785912,0.12453421034652144,0.017934932594783844,0.044649240404013905,0.0,0.0026474677595643495,0.03393161281815316,0.08385087959752925,0.09378611835341058,0.07038146702068765,0.0,0.07112685573043805,0.4530248293328701,0.028588041865560635,0.5027318986846406,0.0006735087692348484,0.0
202505,0.0034374238654125452,0.03194628610108726,0.10066343498929908,0.008948615090642332,0.044468951777868686,0.0,0.007764832344794214,0.03531255718288007,0.07630272472525994,0.06668511921811461,0.061964090867831216,0.0,0.08993447519357571,0.43979822775668537,0.003802911232553108,0.6669227039154539,0.0011265571399376466,0.0
202506,0.006504554200730142,0.03859077794258698,0.06575274857140782,0.02892125609385053,0.044681485339136455,0.0048893293320924555,0.005643323667206205,0.025580267192852526,0.07027802206160512,0.061517888268283624,0.04233861511221957,0.0001345764774670592,0.14342261948944762,0.47018969074126143,0.03375061688020839,0.5551747692766665,0.0010687859997870464,0.0
202507,0.0023377951544308797,0.03286664952405791,0.12271132604728456,0.020540509974519318,0.041887788472920656,0.0005500694481013835,0.003777056718134135,0.03091107238801313,0.0841039617002883,0.0906065316039507,0.07095366474271561,0.00017415948088846824,0.07598067985741291,0.4145865899350554,0.028836799407869516,0.48227682096504954,0.0013671512620602887,0.0
202508,0.005157174576222289,0.025514442640257685,0.11004777208429725,0.025034915881415962,0.03942071864666763,0.00018095349390253286,0.005204810250512995,0.026262429222702336,0.042605374757285076,0.05008711849649666,0.04485347583909988,0.00010357805017304319,0.13272938743534685,0.4561957338633588,0.0006890570241986912,0.6247986540086463,0.0012783410856175063,0.0
202509,0.001572146761758185,0.023180232083878018,0.08435103335956079,0.018754102990405367,0.09575356370833547,0.0013398978083166374,0.004815675905317071,0.03355056513404452,0.06409359767904702,0.09239598400516232,0.06246482254729933,0.00015582867370860269,0.08771669015488794,0.5082661452574382,0.01569646566025788,0.5802502714404985,0.0013219432784403197,0.0
202510,0.003704558060344293,0.023709171586203538,0.10739731732118159,0.019573141469419138,0.030699890561253267,0.0021791518002025217,0.005240151595506144,0.033229102801994786,0.0693461276761131,0.08606506054028494,0.06742502167527123,0.0,0.09231978389903517,0.4137523751462676,0.03475818753139891,0.4546447710296802,0.013051341938089083,0.0
202511,0.0013149816135764171,0.027377917194661008,0.10147099453882875,0.03368982893982779,0.07591827182381183,0.0014026470544815021,0.005977868824437321,0.0304836906527133,0.04931971128633204,0.038965225741353915,0.04166958471631197,8.327619042567376e-05,0.09904809519627145,0.36619807327540793,0.0005336467350310636,0.5800481866087498,0.013510800460477014,0.0
202512,0.006017031499916324,0.019813225153295907,0.06870160609011608,0.021919186178266624,0.07322727335398171,0.0,0.007099273704822619,0.03218763337410051,0.06288580278890228,0.09594274501485835,0.045611624951864854,0.00012868895414075196,0.10052122369701971,0.4387875423258536,0.00040377465863817837,0.6455243813449855,0.01400657683811037,0.0
