플랜번호,발행인,종목코드,종목명,PF여부,발행일,만기일,기초자산,통화,환율,발행금액,원화환산발행금액,잔존일물,보증,한국신용평가,한국기업평가,NICE신용평가,서울신용평가,실질자금조달자,신용보강 유형,신용보강기관 유형,신용보강기관
69116,그라나다제일차,KRZS0020Y007,그라나다제일차 20260306-32-1(단),Y,20260306,20260407,PF대출채권,KRW,,29000000000,29000000000,0,N,A1,A1,,,자온개발 주식회사,외부 신용보강,금융기관,키움증권
71654,그레이트감삼제일차,KRZS0101G003,그레이트감삼제일차 20260306-91-1(단),Y,20260306,20260605,PF대출채권,KRW,,44500000000,44500000000,44,N,A1,A1,,,(주)에이치케이감삼,외부 신용보강,금융기관,메리츠증권
69113,글로리예천제이차,KRZS0022D010,글로리예천제이차 20260306-17-1(단),Y,20260306,20260323,PF대출채권,KRW,,2000000000,2000000000,0,N,A1,A1,,,자온개발 주식회사,외부 신용보강,금융기관,한국투자증권
69110,글로리예천제일차,KRZS0022C010,글로리예천제일차 20260306-17-1(단),Y,20260306,20260323,PF대출채권,KRW,,14000000000,14000000000,0,N,A1,A1,,,자온개발 주식회사,외부 신용보강,금융기관,한국투자증권
72755,기은센상동제삼차,KRZS0135G005,기은센상동제삼차 20260306-87-1(단),Y,20260306,20260601,PF대출채권,KRW,,40000000000,40000000000,40,N,A1,,A1,,주식회사 미래도시,외부 신용보강,금융기관,키움증권
72755,기은센상동제삼차,KRZS0135G006,기은센상동제삼차 20260306-87-2(단),Y,20260306,20260601,PF대출채권,KRW,,50000000000,50000000000,40,N,A1,,A1,,주식회사 미래도시,외부 신용보강,금융기관,키움증권
74042,농협사랑제3차,KRZS44908001,농협사랑제3차 20260306-4-1(단),N,20260306,20260310,정기예금,KRW,,49100000000,49100000000,0,N,A1,A1,,,농협은행,자체 신용보강,자체 신용보강,농협은행
74026,뉴스타시너지제일차,KRZS0168E001,뉴스타시너지제일차 20260306-53-1(단),N,20260306,20260428,대출채권,KRW,,39000000000,39000000000,6,N,A1,A1,,,엘피스제일차(주),외부 신용보강,금융기관,케이비증권
74039,뉴스타에이케이제일차,KRZS35054042,뉴스타에이케이제일차 20260306-61-3(단),N,20260306,20260506,대출채권,KRW,,30000000000,30000000000,14,N,A2+,,A2+,,하나은행,외부 신용보강,일반기업,효성중공업
74039,뉴스타에이케이제일차,KRZS35054040,뉴스타에이케이제일차 20260306-92-1(단),N,20260306,20260606,대출채권,KRW,,10000000000,10000000000,45,N,A2+,,A2+,,하나은행,외부 신용보강,일반기업,효성중공업
74039,뉴스타에이케이제일차,KRZS35054041,뉴스타에이케이제일차 20260306-92-2(단),N,20260306,20260606,대출채권,KRW,,25700000000,25700000000,45,N,A2+,,A2+,,하나은행,외부 신용보강,일반기업,효성중공업
73694,더프로즌제일차,KRZS0154Y003,더프로즌제일차 20260306-14-1(단),Y,20260306,20260320,PF대출채권,KRW,,14800000000,14800000000,0,N,A1,,A1,,(주)정원주택개발,외부 신용보강,금융기관,현대차증권
72932,드림구삼송림제일차,KRZS44799017,드림구삼송림제일차 20260306-92-1(단),Y,20260306,20260606,PF대출채권,KRW,,20070000000,20070000000,45,N,A1,,A1,,(주)성창건설,외부 신용보강,금융기관,교보증권
72932,드림구삼송림제일차,KRZS44799017,드림구삼송림제일차 20260306-92-1(단),Y,20260306,20260606,PF대출채권,KRW,,20070000000,20070000000,45,N,A1,,A1,,괴평송림지구 도시개발조합,외부 신용보강,금융기관,교보증권
74029,디비엠비피제칠차,KRZS0112R006,디비엠비피제칠차 20260306-61-1(단),N,20260306,20260506,매출채권,KRW,,4100000000,4100000000,14,N,,A2-,A2-,,한화오션,자체 신용보강,자체 신용보강,한화오션
74024,디알제팔차,KRZS48285055,디알제팔차 20260306-33-1(단),N,20260306,20260408,수익증권,KRW,,192900000000,192900000000,0,N,,A1,A1,,SK에너지,자체 신용보강,자체 신용보강,SK에너지
73350,모니모풍동제이차,KRZS46823034,모니모풍동제이차 20260306-31-1(단),Y,20260306,20260406,PF대출채권,KRW,,60000000000,60000000000,0,N,A1,A1,,,(주)와이에스디엔씨,외부 신용보강,금융기관,삼성증권
73010,베어에이치제오차,KRZS0148A011,베어에이치제오차 20260306-6-1(단),N,20260306,20260312,대출채권,KRW,,4000000000,4000000000,0,N,A1,,A1,,태흥산업(주),외부 신용보강,금융기관,하나증권(주)
71092,블랙호크제일차,KRZS0088F028,블랙호크제일차 20260306-11-1(단),Y,20260306,20260317,PF대출채권,KRW,,5500000000,5500000000,0,N,A1,,A1,,휴먼파크장전 지역주택조합,외부 신용보강,금융기관,한국투자증권
71092,블랙호크제일차,KRZS0088F029,블랙호크제일차 20260306-11-2(단),Y,20260306,20260317,PF대출채권,KRW,,5500000000,5500000000,0,N,A1,,A1,,휴먼파크장전 지역주택조합,외부 신용보강,금융기관,한국투자증권
74036,비엔케이썸제이십사차,KRZS0048R003,비엔케이썸제이십사차 20260306-14-1(단),Y,20260306,20260320,PF대출채권,KRW,,8440000000,8440000000,0,N,A1,A1,,,투에스제구차(주),외부 신용보강,일반기업,현대건설
66230,에스디제이차,KRZS48044012,에스디제이차 20260306-91-1(단),N,20260306,20260605,수익증권,KRW,,78400000000,78400000000,44,N,A1,A1,,,대신자산운용,외부 신용보강,금융기관,대신증권
74035,에이치와이아테네제이차,KRZS0163P001,에이치와이아테네제이차 20260306-109-1(단),N,20260306,20260623,대출채권,KRW,,1000000000,1000000000,62,N,,A3,A3,,제이티비씨,자체 신용보강,자체 신용보강,제이티비씨
74034,에이치와이아테네제이차,KRZS0163P002,에이치와이아테네제이차 20260306-17-2(단),N,20260306,20260323,대출채권,KRW,,19500000000,19500000000,0,N,,A3,A3,,제이티비씨,자체 신용보강,자체 신용보강,제이티비씨
74027,에프엔시너지제일차,KRZS0169P001,에프엔시너지제일차 20260306-53-1(단),N,20260306,20260428,대출채권,KRW,,39000000000,39000000000,6,N,A1,A1,,,엘피스제일차(주),외부 신용보강,금융기관,삼성증권
74028,엔에이치시너지제일차,KRZS0168F001,엔에이치시너지제일차 20260306-53-1(단),N,20260306,20260428,대출채권,KRW,,38900000000,38900000000,6,N,A1,A1,,,엘피스제일차(주),외부 신용보강,금융기관,NH투자증권
74037,지에프민제십일차,KRZS44701001,지에프민제십일차 20260306-61-1(단),Y,20260306,20260506,PF대출채권,KRW,,1800000000,1800000000,14,N,A1,,A1,,아산하이테크복합물류제2차(주),외부 신용보강,금융기관,한국투자증권
70143,지와이디제이차,KRZS0060A025,지와이디제이차 20260306-31-1(단),N,20260306,20260406,수익증권,KRW,,30000000000,30000000000,0,N,A1,,A1,,HDC자산운용,외부 신용보강,금융기관,한화투자증권
70143,지와이디제이차,KRZS0060A026,지와이디제이차 20260306-31-2(단),N,20260306,20260406,수익증권,KRW,,10000000000,10000000000,0,N,A1,,A1,,HDC자산운용,외부 신용보강,금융기관,한화투자증권
70143,지와이디제이차,KRZS0060A027,지와이디제이차 20260306-31-3(단),N,20260306,20260406,수익증권,KRW,,40000000000,40000000000,0,N,A1,,A1,,HDC자산운용,외부 신용보강,금융기관,한화투자증권
70089,케이아이에스드림제구차,KRZS42595018,케이아이에스드림제구차 20260306-91-1(단),N,20260306,20260605,수익증권,KRW,,14600000000,14600000000,44,N,A1,A1,,,코람코자산운용,외부 신용보강,금융기관,한국투자증권
71646,케이아이에스리얼제사차,KRZS0099G003,케이아이에스리얼제사차 20260306-91-1(단),Y,20260306,20260605,PF대출채권,KRW,,2000000000,2000000000,44,N,A1,A1,,,에스지씨이앤씨 주식회사,외부 신용보강,금융기관,한국투자증권
69877,코렌트제일차,KRZS0016N009,코렌트제일차 20260306-14-1(단),Y,20260306,20260320,PF대출채권,KRW,,54315000000,54315000000,0,N,A1,A1,,,오산세교아트피에프브이(주),외부 신용보강,금융기관,키움증권
69877,코렌트제일차,KRZS0016N010,코렌트제일차 20260306-40-2(단),Y,20260306,20260415,PF대출채권,KRW,,45853700000,45853700000,0,N,A1,A1,,,오산세교아트피에프브이(주),외부 신용보강,금융기관,키움증권
69302,트루선화제일차,KRZS0033X013,트루선화제일차 20260306-17-1(단),Y,20260306,20260323,PF대출채권,KRW,,40000000000,40000000000,0,N,A1,,A1,,인텐션개발(주),외부 신용보강,금융기관,한국투자증권
65840,트루캐슬제일차,KRZS48465024,트루캐슬제일차 20260306-84-1(단),Y,20260306,20260529,PF대출채권,KRW,,70000000000,70000000000,37,N,A1,,A1,,케레스제일차 (주),외부 신용보강,금융기관,한국투자증권
65840,트루캐슬제일차,KRZS48465025,트루캐슬제일차 20260306-84-2(단),Y,20260306,20260529,PF대출채권,KRW,,10000000000,10000000000,37,N,A1,,A1,,케레스제일차 (주),외부 신용보강,금융기관,한국투자증권
65840,트루캐슬제일차,KRZS48465026,트루캐슬제일차 20260306-84-3(단),Y,20260306,20260529,PF대출채권,KRW,,10000000000,10000000000,37,N,A1,,A1,,케레스제일차 (주),외부 신용보강,금융기관,한국투자증권
65840,트루캐슬제일차,KRZS48465027,트루캐슬제일차 20260306-84-4(단),Y,20260306,20260529,PF대출채권,KRW,,10000000000,10000000000,37,N,A1,,A1,,케레스제일차 (주),외부 신용보강,금융기관,한국투자증권
72493,트루프렌드광양제일차,KRZS0132J004,트루프렌드광양제일차 20260306-62-1(단),Y,20260306,20260507,PF대출채권,KRW,,13781000000,13781000000,15,N,,A1,A1,,(주)한국자산개발,외부 신용보강,금융기관,한국투자증권
59906,파코제일차,KRZS44570017,파코제일차 20260306-77-1(단),Y,20260306,20260522,PF대출채권,KRW,,27190000000,27190000000,30,N,A1,A1,,,르피에드둔산피에프브이 주식회사,차환발행위험(유동성 공여형 매입약정),금융기관,신한투자증권(주)
74030,프라이든제오차,KRZS48032061,프라이든제오차 20260306-31-5(단),N,20260306,20260406,매출채권,KRW,,95300000000,95300000000,0,N,,A1,A1,,SK에너지,자체 신용보강,자체 신용보강,SK에너지
74038,해피니스제육차,KRZS0165J001,해피니스제육차 20260306-61-1(단),Y,20260306,20260506,PF대출채권,KRW,,1200000000,1200000000,14,N,A1,,A1,,아산하이테크복합물류제3차(주),외부 신용보강,금융기관,한국투자증권
71658,허삼감삼제일차,KRZS0098S003,허삼감삼제일차 20260306-3-1(단),Y,20260306,20260309,PF대출채권,KRW,,23600000000,23600000000,0,N,,A1,A1,,(주)에이치케이감삼,외부 신용보강,금융기관,삼성증권
71606,고덕디에스원,KRZS47362010,고덕디에스원 20260305-92-1(단),Y,20260305,20260605,PF대출채권,KRW,,3000000000,3000000000,44,N,A1,A1,,,(주)베스트원골드,외부 신용보강,금융기관,대신증권
74009,골든파크에스티,KRZS49823006,골든파크에스티 20260305-92-1(단),,20260305,20260605,,KRW,,19300000000,19300000000,44,N,,A2,A2,,,,,
74010,기은센동대문제이차,KRZS41260018,기은센동대문제이차 20260305-92-1(단),Y,20260305,20260605,PF대출채권,KRW,,8600000000,8600000000,44,N,,A2,A2,,(주)더미래,외부 신용보강,일반기업,롯데건설
74019,더레인보우제일차,KRZS0164X001,더레인보우제일차 20260305-1-1(단),N,20260305,20260306,기타,KRW,,10000000000,10000000000,0,N,A1,A1,,,삼성증권,자체 신용보강,자체 신용보강,삼성증권
52035,도담제일차,KRZS38584077,도담제일차 20260305-92-1(단),N,20260305,20260605,수익증권,KRW,,50700000000,50700000000,44,N,A1,A1,,,대신자산운용,외부 신용보강,금융기관,대신증권
52035,도담제일차,KRZS38584078,도담제일차 20260305-92-2(단),N,20260305,20260605,수익증권,KRW,,15000000000,15000000000,44,N,A1,A1,,,대신자산운용,외부 신용보강,금융기관,대신증권
74018,디아이에프오남제일차,KRZS47372015,디아이에프오남제일차 20260305-32-1(단),Y,20260305,20260406,PF대출채권,KRW,,25000000000,25000000000,0,N,A3+,,,A3+,양지7지구 1단지 지역주택조합,외부 신용보강,일반기업,서희건설
68102,디어버디제오차,KRZS49850014,디어버디제오차 20260305-62-1(단),Y,20260305,20260506,PF대출채권,KRW,,25000000000,25000000000,14,N,A1,A1,,,삼인피에프브이(주),외부 신용보강,금융기관,교보증권
59286,디에스케이제십차,KRZS43274016,디에스케이제십차 20260305-4-1(단),Y,20260305,20260309,PF대출채권,KRW,,10000000000,10000000000,0,N,A1,,A1,,(주)지앤디,외부 신용보강,금융기관,아이비케이투자증권
74017,디에이치오렌지,KRZS45540036,디에이치오렌지 20260305-92-1(단),N,20260305,20260605,매출채권,KRW,,9350000000,9350000000,44,N,,A2+,A2+,,녹십자,자체 신용보강,자체 신용보강,녹십자
68095,발러에스디제일차,KRZS49944012,발러에스디제일차 20260305-62-1(단),Y,20260305,20260506,PF대출채권,KRW,,19700000000,19700000000,14,N,A1,A1,,,삼인피에프브이(주),외부 신용보강,금융기관,삼성증권
74022,베스트와이엠제일차,KRZS0169A001,베스트와이엠제일차 20260305-26-1(단),N,20260305,20260331,대출채권,KRW,,84200000000,84200000000,0,N,A1,A1,,,키스파트너스제일차(주),외부 신용보강,금융기관,한국투자증권
65843,블루베어제일차,KRZS48485015,블루베어제일차 20260305-92-1(단),N,20260305,20260605,신용파생,KRW,,92000000000,92000000000,44,N,A1,,A1,,메리츠캐피탈,외부 신용보강,금융기관,메리츠증권
55573,서머랠리제일차,KRZS41240032,서머랠리제일차 20260305-91-1(단),Y,20260305,20260604,PF대출채권,KRW,,30000000000,30000000000,43,N,A1,,A1,,대구칠성피에프브이(주),외부 신용보강,금융기관,비엔케이투자증권
59297,스타드블루제칠차,KRZS42604056,스타드블루제칠차 20260305-33-1(단),Y,20260305,20260407,PF대출채권,KRW,,27800000000,27800000000,0,N,A1,A1,,,(주)베스트원골드,외부 신용보강,금융기관,하나증권(주)
59291,아디아고덕제일차,KRZS44117015,아디아고덕제일차 20260305-92-1(단),Y,20260305,20260605,PF대출채권,KRW,,20000000000,20000000000,44,N,A1,A1,,,(주)베스트원골드,외부 신용보강,금융기관,한화투자증권
72456,아디아삼성제일차,KRZS0129B005,아디아삼성제일차 20260305-5-1(단),N,20260305,20260310,주식,KRW,,43300000000,43300000000,0,N,A1,,A1,,(주)생보제십이호위탁관리부동산투자회사,외부 신용보강,금융기관,한화투자증권
71532,아이비고덕제이차,KRZS44284017,아이비고덕제이차 20260305-92-1(단),Y,20260305,20260605,PF대출채권,KRW,,20000000000,20000000000,44,N,A1,A1,,,(주)베스트원골드,외부 신용보강,금융기관,아이비케이투자증권
69492,아이프로황금제일차,KRZS0038C009,아이프로황금제일차 20260305-32-1(단),Y,20260305,20260406,PF대출채권,KRW,,20000000000,20000000000,0,N,,A1,A1,,광양지아이 주식회사,외부 신용보강,금융기관,교보증권
63048,에스타이거이엠티,KRZS46656026,에스타이거이엠티 20260305-92-1(단),N,20260305,20260605,대출채권,KRW,,130000000000,130000000000,44,N,,A1,A1,,이마트,차환발행위험(유동성 공여형 매입약정),금융기관,신한은행
63048,에스타이거이엠티,KRZS46656027,에스타이거이엠티 20260305-92-2(단),N,20260305,20260605,대출채권,KRW,,20000000000,20000000000,44,N,,A1,A1,,이마트,차환발행위험(유동성 공여형 매입약정),금융기관,신한은행
69756,에스프로젝트에이치스틸,KRZS0049T011,에스프로젝트에이치스틸 20260305-92-1(단),N,20260305,20260605,대출채권,KRW,,112500000000,112500000000,44,N,,A1,A1,,현대제철,외부 신용보강,금융기관,신한은행
69756,에스프로젝트에이치스틸,KRZS0049T012,에스프로젝트에이치스틸 20260305-92-2(단),N,20260305,20260605,대출채권,KRW,,12500000000,12500000000,44,N,,A1,A1,,현대제철,외부 신용보강,금융기관,신한은행
73931,에이치씨디제십사차,KRZS48019033,에이치씨디제십사차 20260305-92-1(단),N,20260305,20260605,매출채권,KRW,,68300000000,68300000000,44,N,A1,,A1,,한화임팩트(주),자체 신용보강,자체 신용보강,한화임팩트(주)
70563,에이치와이제일차,KRZS49217003,에이치와이제일차 20260305-1-1(단),N,20260305,20260306,하이브리드증권,KRW,,10000000000,10000000000,0,N,A1,A1,,,(주)비에스한양,외부 신용보강,금융기관,한국투자증권
71104,에이치원제일차,KRZS44704021,에이치원제일차 20260305-26-1(단),N,20260305,20260331,수익증권,KRW,,2200000000,2200000000,0,N,A1,A1,,,제이알투자운용,외부 신용보강,금융기관,교보증권
71104,에이치원제일차,KRZS44704022,에이치원제일차 20260305-26-2(단),N,20260305,20260331,수익증권,KRW,,9800000000,9800000000,0,N,A1,A1,,,제이알투자운용,외부 신용보강,금융기관,교보증권
60146,엠에스아이디제칠차,KRZS44798018,엠에스아이디제칠차 20260305-78-1(단),Y,20260305,20260522,PF대출채권,KRW,,9130000000,9130000000,30,N,A1,A1,,,르피에드둔산피에프브이 주식회사,외부 신용보강,금융기관,미래에셋증권(주)
68092,와이케이뉴코아,KRZS49870007,와이케이뉴코아 20260305-92-1(단),N,20260305,20260605,대출채권,KRW,,24500000000,24500000000,44,N,,A1,A1,,케이더블유퍼스트(주),외부 신용보강,금융기관,유안타증권
72370,와이케이에스티제삼차,KRZS0128N007,와이케이에스티제삼차 20260305-32-1(단),N,20260305,20260406,대출채권,KRW,,7300000000,7300000000,0,N,A1,,A1,,와이케이에스티제이차(주),외부 신용보강,금융기관,유안타증권
71610,와이케이키엔제일차,KRZS0103L008,와이케이키엔제일차 20260305-14-1(단),N,20260305,20260319,대출채권,KRW,,5200000000,5200000000,0,N,A1,,A1,,(주)키이업사이클링성장투자목적회사,외부 신용보강,금융기관,유안타증권
74016,울산강동리조트제삼차,KRZS22796047,울산강동리조트제삼차 20260305-1-1(단),Y,20260305,20260306,PF대출채권,KRW,,14000000000,14000000000,0,N,A2,,A2,,(주) 케이디개발,외부 신용보강,일반기업,롯데건설
74005,이비지에스와이제삼차,KRZS0168M001,이비지에스와이제삼차 20260305-85-1(단),N,20260305,20260529,대출채권,KRW,,40000000000,40000000000,37,N,,A3,A3,,이랜드월드,자체 신용보강,자체 신용보강,이랜드월드
74015,제이케이본동,KRZS36185033,제이케이본동 20260305-92-1(단),Y,20260305,20260605,PF대출채권,KRW,,12200000000,12200000000,44,N,,A2,A2,,(주)더엠에스산업개발,외부 신용보강,일반기업,롯데건설
71628,케이더블유플랜에이,KRZS0089W001,케이더블유플랜에이 20260305-92-1(단),Y,20260305,20260605,PF대출채권,KRW,,136000000000,136000000000,44,N,A1,,A1,,진양건설 주식회사,외부 신용보강,금융기관,메리츠증권
70034,키스센트럴제이차,KRZS0054D009,키스센트럴제이차 20260305-1-1(단),Y,20260305,20260306,PF대출채권,KRW,,10000000000,10000000000,0,N,,A1,A1,,(주)청주센트럴밸리,외부 신용보강,금융기관,한국투자증권
56788,키스얼터너티브제일차,KRZS42203018,키스얼터너티브제일차 20260305-92-1(단),N,20260305,20260605,수익증권,KRW,,9500000000,9500000000,44,N,A1,A1,,,한국투자신탁운용,차환발행위험(유동성 공여형 매입약정),금융기관,한국투자증권
74007,프라이든제오차,KRZS48032059,프라이든제오차 20260305-29-3(단),N,20260305,20260403,매출채권,KRW,,53600000000,53600000000,0,N,,A1,A1,,SK에너지,자체 신용보강,자체 신용보강,SK에너지
74008,프라이든제오차,KRZS48032060,프라이든제오차 20260305-32-4(단),N,20260305,20260406,매출채권,KRW,,6100000000,6100000000,0,N,,A1,A1,,SK에너지,자체 신용보강,자체 신용보강,SK에너지
74013,플로리스리테일제사차,KRZS0024X005,플로리스리테일제사차 20260305-92-1(단),Y,20260305,20260605,PF대출채권,KRW,,9800000000,9800000000,44,N,,A2,A2,,(주)세콘도,외부 신용보강,일반기업,롯데건설
59293,피티골드제일차,KRZS44319020,피티골드제일차 20260305-92-1(단),Y,20260305,20260605,PF대출채권,KRW,,30000000000,30000000000,44,N,A1,A1,,,(주)베스트원골드,외부 신용보강,금융기관,비엔케이투자증권
73997,뉴비타제십사차,KRZS0166W001,뉴비타제십사차 20260304-1-1(단),N,20260304,20260305,기타,KRW,,10000000000,10000000000,0,N,A1,A1,,,삼성증권,자체 신용보강,자체 신용보강,삼성증권
73996,뉴월드전방제사차,KRZS44686013,뉴월드전방제사차 20260304-33-1(단),,20260304,20260406,,KRW,,50000000000,50000000000,0,N,A1,,A1,,,,,
73998,더에이치소나무제일차,KRZS0166B001,더에이치소나무제일차 20260304-14-1(단),Y,20260304,20260318,PF대출채권,KRW,,30000000000,30000000000,0,N,A1,,A1,,(주)대신피플앤피플,외부 신용보강,금융기관,현대차증권
72888,르네상스지엠제일차,KRZS0141P002,르네상스지엠제일차 20260304-92-1(단),N,20260304,20260604,회사채,KRW,,91500000000,91500000000,43,N,,A1,A1,,한화토탈에너지스(주),외부 신용보강,금융기관,키움증권
69479,마이트광주임동제이차,KRZS0037E009,마이트광주임동제이차 20260304-33-1(단),Y,20260304,20260406,PF대출채권,KRW,,20000000000,20000000000,0,N,A1,,A1,,(주)챔피언스시티복합개발피에프브이,외부 신용보강,금융기관,대신증권
72882,아이엠히어로제삼차,KRZS0144P002,아이엠히어로제삼차 20260304-30-1(단),N,20260304,20260403,회사채,KRW,,20200000000,20200000000,0,N,A1,A1,,,한화토탈에너지스(주),외부 신용보강,금융기관,(주)아이엠증권
73498,에프엔프로젝트제삼차,KRZS0156W006,에프엔프로젝트제삼차 20260304-12-1(단),Y,20260304,20260316,PF대출채권,KRW,,19000000000,19000000000,0,N,,A1,A1,,한남2재정비촉진구역주택재개발정비사업조합,외부 신용보강,금융기관,삼성증권
73994,엠에스엠제일차,KRZS0083B001,엠에스엠제일차 20260304-27-1(단),Y,20260304,20260331,PF대출채권,KRW,,71900000000,71900000000,0,N,,A1,A1,,(주)와이즈클래스에이,외부 신용보강,금융기관,키움증권
67700,와이케이베토벤제이차,KRZS49753014,와이케이베토벤제이차 20260304-30-1(단),N,20260304,20260403,대출채권,KRW,,6700000000,6700000000,0,N,A1,,A1,,베토벤어드바이저스코리아(유),외부 신용보강,금융기관,유안타증권
70285,위드지엠제삼십일차,KRZS0065B005,위드지엠제삼십일차 20260304-57-1(단),Y,20260304,20260430,PF대출채권,KRW,,20000000000,20000000000,8,N,A1,,A1,,림파트너스에쿼티(주),외부 신용보강,금융기관,하나증권(주)
69494,제이스마트제육차,KRZS44702030,제이스마트제육차 20260304-33-1(단),Y,20260304,20260406,PF대출채권,KRW,,10000000000,10000000000,0,N,A1,,A1,,(주)챔피언스시티복합개발피에프브이,외부 신용보강,금융기관,한국투자증권
72884,케이그레이스,KRZS0135Z002,케이그레이스 20260304-61-1(단),Y,20260304,20260504,PF대출채권,KRW,,135000000000,135000000000,12,N,,A1,A1,,홍제353피에프브이(주),외부 신용보강,금융기관,키움증권
72892,키스에스에프제오십일차,KRZS0141N003,키스에스에프제오십일차 20260304-92-1(단),N,20260304,20260604,회사채,KRW,,20100000000,20100000000,43,N,,A1,A1,,한화토탈에너지스(주),외부 신용보강,금융기관,한국투자증권
74004,키스온제십차,KRZS0167T001,키스온제십차 20260304-1-1(단),N,20260304,20260305,기타,KRW,,10000000000,10000000000,0,N,A1,A1,,,삼성증권,자체 신용보강,자체 신용보강,삼성증권
74003,키스프라임제사차,KRZS0167S001,키스프라임제사차 20260304-1-1(단),N,20260304,20260305,기타,KRW,,10000000000,10000000000,0,N,A1,A1,,,삼성증권,자체 신용보강,자체 신용보강,삼성증권
73630,키스플러스제삼십구차,KRZS0148P002,키스플러스제삼십구차 20260304-61-1(단),N,20260304,20260504,대출채권,KRW,,30400000000,30400000000,12,N,,A1,A1,,(주)디씨알이,차환발행위험(유동성 공여형 매입약정),금융기관,한국투자증권
73995,투에스제팔차,KRZS0132Y005,투에스제팔차 20260304-92-1(단),Y,20260304,20260604,PF대출채권,KRW,,29000000000,29000000000,43,N,A1,,A1,,장대비구역재개발정비사업조합,외부 신용보강,일반기업,현대건설
73992,프라이든제오차,KRZS48032057,프라이든제오차 20260304-30-1(단),N,20260304,20260403,매출채권,KRW,,96600000000,96600000000,0,N,,A1,A1,,SK에너지,자체 신용보강,자체 신용보강,SK에너지
69853,하나루트제일차,KRZS0043F011,하나루트제일차 20260304-33-1(단),N,20260304,20260406,대출채권,KRW,,4000000000,4000000000,0,N,,A1,A1,,엔터식스패션쇼핑몰,차환발행위험(유동성 공여형 매입약정),금융기관,하나증권(주)
70298,한화글로벌인프라제이차,KRZS43613017,한화글로벌인프라제이차 20260304-92-1(단),N,20260304,20260604,수익증권,KRW,,19600000000,19600000000,43,N,A1,,A1,,플랫폼파트너스자산운용 주식회사,외부 신용보강,금융기관,한화투자증권
72893,헤리온제일차,KRZS0144G003,헤리온제일차 20260304-92-1(단),N,20260304,20260604,회사채,KRW,,40500000000,40500000000,43,N,,A1,A1,,한화토탈에너지스(주),외부 신용보강,금융기관,하나증권(주)
70287,히어로즈에이치엠,KRZS0064N005,히어로즈에이치엠 20260304-92-1(단),N,20260304,20260604,수익증권,KRW,,34700000000,34700000000,43,N,,A1,A1,,케이에스자산운용,외부 신용보강,금융기관,키움증권
71107,그랜드오제일차,KRZS0080N008,그랜드오제일차 20260303-38-1(단),Y,20260303,20260410,PF대출채권,KRW,,26452000000,26452000000,0,N,A1,,A1,,주식회사 우먼건설,외부 신용보강,금융기관,키움증권
73981,글로에스송도,KRZS0099M012,글로에스송도 20260303-34-1(단),N,20260303,20260406,수익증권,KRW,,20000000000,20000000000,0,N,,A1,A1,,주식회사 엘제이프로젝트피에프브이,외부 신용보강,금융기관,삼성증권
73981,글로에스송도,KRZS0099M013,글로에스송도 20260303-34-2(단),N,20260303,20260406,수익증권,KRW,,18000000000,18000000000,0,N,,A1,A1,,주식회사 엘제이프로젝트피에프브이,외부 신용보강,금융기관,삼성증권
71589,나르샤제이차,KRZS0097S004,나르샤제이차 20260303-92-1(단),Y,20260303,20260603,PF대출채권,KRW,,2300000000,2300000000,42,N,A2+,,A2+,,(주)대신로지스파크,외부 신용보강,금융기관,유진투자증권
72841,넥스트영종제일차,KRZS0140D007,넥스트영종제일차 20260303-29-1(단),N,20260303,20260401,대출채권,KRW,,20000000000,20000000000,0,N,A1,A1,,,(주)인스파이어인티그레이티드리조트,외부 신용보강,금융기관,케이비증권
72841,넥스트영종제일차,KRZS0140D008,넥스트영종제일차 20260303-29-2(단),N,20260303,20260401,대출채권,KRW,,73000000000,73000000000,0,N,A1,A1,,,(주)인스파이어인티그레이티드리조트,외부 신용보강,금융기관,케이비증권
72565,노바디스턴일차,KRZS0075C002,노바디스턴일차 20260303-91-1(단),Y,20260303,20260602,PF대출채권,KRW,,20000000000,20000000000,41,N,A1,,A1,,센트럴허브피에프브이(주),외부 신용보강,금융기관,(주)아이엠증권
71079,노원제일차,KRZS0088X015,노원제일차 20260303-28-1(단),Y,20260303,20260331,PF대출채권,KRW,,111800000000,111800000000,0,N,A2+,A2+,,,노원2동 주택재개발정비사업조합,차환발행위험(유동성 공여형 매입약정),금융기관,NH투자증권
71079,노원제일차,KRZS0088X015,노원제일차 20260303-28-1(단),Y,20260303,20260331,PF대출채권,KRW,,111800000000,111800000000,0,N,A2+,A2+,,,노원2동 주택재개발정비사업조합,외부 신용보강,일반기업,(주)포스코이앤씨
63015,뉴스타용답제일차,KRZS46497015,뉴스타용답제일차 20260303-90-1(단),Y,20260303,20260601,PF대출채권,KRW,,30900000000,30900000000,40,N,,A1,A1,,용답동주택재개발정비사업조합,외부 신용보강,금융기관,케이비증권
63015,뉴스타용답제일차,KRZS46497015,뉴스타용답제일차 20260303-90-1(단),Y,20260303,20260601,PF대출채권,KRW,,30900000000,30900000000,40,N,,A1,A1,,용답동주택재개발정비사업조합,외부 신용보강,금융기관,주택도시보증공사
73257,뉴월드궐동제이차,KRZS43601018,뉴월드궐동제이차 20260303-27-1(단),Y,20260303,20260330,PF대출채권,KRW,,500000000,500000000,0,N,A1,,A1,,유성산업개발(주),외부 신용보강,금융기관,NH투자증권
72759,다온영종제이차,KRZS0135J005,다온영종제이차 20260303-31-1(단),Y,20260303,20260403,PF대출채권,KRW,,15000000000,15000000000,0,N,,A1,A1,,(주)인스파이어인티그레이티드리조트,외부 신용보강,금융기관,한국투자증권
72759,다온영종제이차,KRZS0135J006,다온영종제이차 20260303-90-2(단),Y,20260303,20260601,PF대출채권,KRW,,30000000000,30000000000,40,N,,A1,A1,,(주)인스파이어인티그레이티드리조트,외부 신용보강,금융기관,한국투자증권
72757,다온영종제일차,KRZS0135H009,다온영종제일차 20260303-13-1(단),Y,20260303,20260316,PF대출채권,KRW,,29000000000,29000000000,0,N,,A1,A1,,(주)인스파이어인티그레이티드리조트,외부 신용보강,금융기관,한국투자증권
72757,다온영종제일차,KRZS0135H010,다온영종제일차 20260303-90-2(단),Y,20260303,20260601,PF대출채권,KRW,,10500000000,10500000000,40,N,,A1,A1,,(주)인스파이어인티그레이티드리조트,외부 신용보강,금융기관,한국투자증권
71154,대봉동한투유동화제일차,KRZS36638033,대봉동한투유동화제일차 20260303-31-1(단),Y,20260303,20260403,PF대출채권,KRW,,900000000,900000000,0,N,A1,A1,,,(주)송안,외부 신용보강,금융기관,한국투자증권
72867,더블유에스제이차,KRZS43057044,더블유에스제이차 20260303-91-1(단),Y,20260303,20260602,PF대출채권,KRW,,20000000000,20000000000,41,N,,A2+,A2+,,주식회사 월성산단,외부 신용보강,금융기관,유진투자증권
72867,더블유에스제이차,KRZS43057045,더블유에스제이차 20260303-91-2(단),Y,20260303,20260602,PF대출채권,KRW,,10000000000,10000000000,41,N,,A2+,A2+,,주식회사 월성산단,외부 신용보강,금융기관,유진투자증권
72767,디벨롭지아이오,KRZS0139S004,디벨롭지아이오 20260303-28-1(단),Y,20260303,20260331,PF대출채권,KRW,,10000000000,10000000000,0,N,A1,,A1,,주식회사 중앙홀딩스,외부 신용보강,금융기관,신영증권
72829,디비레드제일차,KRZS0143F003,디비레드제일차 20260303-87-1(단),N,20260303,20260529,회사채,KRW,,26700000000,26700000000,37,N,A1,,A1,,이수디비제사차(주),외부 신용보강,금융기관,디비증권(주)
73969,디비엠비피제육차,KRZS0059D001,디비엠비피제육차 20260303-91-1(단),N,20260303,20260602,기타,KRW,,21200000000,21200000000,41,N,A2-,,A2-,,디엘건설(주),자체 신용보강,자체 신용보강,디엘건설(주)
73986,디에이지축제일차,KRZS44359040,디에이지축제일차 20260303-92-1(단),Y,20260303,20260603,PF대출채권,KRW,,12100000000,12100000000,42,N,A2-,A2-,,,(주)성수개발,외부 신용보강,금융기관,다올투자증권(주)
73973,디케이성수,KRZS0169E001,디케이성수 20260303-14-1(단),Y,20260303,20260317,PF대출채권,KRW,,20000000000,20000000000,0,N,,A1,A1,,마스턴제172호성수오피스프로젝트금융투자(주),외부 신용보강,금융기관,교보증권
73232,랩스제일차,KRZS43611021,랩스제일차 20260303-27-1(단),Y,20260303,20260330,PF대출채권,KRW,,25800000000,25800000000,0,N,A1,,A1,,(주)더루시아청담,외부 신용보강,금융기관,삼성증권
72871,레전드오브어텀제일차,KRZS0122C002,레전드오브어텀제일차 20260303-31-1(단),Y,20260303,20260403,PF대출채권,KRW,,14000000000,14000000000,0,N,A1,,A1,,판교7 주식회사(주),외부 신용보강,금융기관,교보증권
71761,로즈라인제일차,KRZS0104X004,로즈라인제일차 20260303-14-1(단),Y,20260303,20260317,PF대출채권,KRW,,17500000000,17500000000,0,N,,A1,A1,,평택첨단복합산단피에프브이(주),외부 신용보강,금융기관,삼성증권
73975,마이트창원상남동제일차,KRZS38762040,마이트창원상남동제일차 20260303-31-1(단),Y,20260303,20260403,PF대출채권,KRW,,42400000000,42400000000,0,N,A1,,A1,,엠아이케이개발 주식회사,외부 신용보강,금융기관,대신증권
73292,마이트청주장성제일차,KRZS0152Y003,마이트청주장성제일차 20260303-27-1(단),N,20260303,20260330,대출채권,KRW,,63000000000,63000000000,0,N,A1,A1,,,청주장성제일차(주),외부 신용보강,금융기관,대신증권
73984,미드나잇이머전제사차,KRZS0164V001,미드나잇이머전제사차 20260303-1-1(단),N,20260303,20260304,기타,KRW,,10000000000,10000000000,0,N,A1,A1,,,삼성증권,자체 신용보강,자체 신용보강,삼성증권
73985,미드나잇이머전제오차,KRZS0164W001,미드나잇이머전제오차 20260303-1-1(단),N,20260303,20260304,기타,KRW,,10000000000,10000000000,0,N,A1,A1,,,삼성증권,자체 신용보강,자체 신용보강,삼성증권
70253,밀키웨이제일차,KRZS0052X011,밀키웨이제일차 20260303-90-1(단),Y,20260303,20260601,PF대출채권,KRW,,12900000000,12900000000,40,N,A1,,A1,,태우디엔씨(주),외부 신용보강,금융기관,교보증권
73972,비욘드캐슬명륜제일차,KRZS38241047,비욘드캐슬명륜제일차 20260303-31-1(단),Y,20260303,20260403,PF대출채권,KRW,,3000000000,3000000000,0,N,,A1,A1,,(주)엘앤드더블유건설,외부 신용보강,금융기관,한국투자증권
73967,비케이프로제구차,KRZS45714265,비케이프로제구차 20260303-38-1(단),N,20260303,20260410,매출채권,KRW,,196400000000,196400000000,0,N,,,A1,A1,SK에너지,자체 신용보강,자체 신용보강,SK에너지
73965,비케이프로제십오차,KRZS46031012,비케이프로제십오차 20260303-58-1(단),N,20260303,20260430,수익증권,KRW,,349700000000,349700000000,8,N,,A1,A1,,SK에너지,자체 신용보강,자체 신용보강,SK에너지
70721,빅시너지제일차,KRZS0078R009,빅시너지제일차 20260303-27-1(단),Y,20260303,20260330,PF대출채권,KRW,,2750000000,2750000000,0,N,A1,,A1,,첨단678피에프브이(주),외부 신용보강,금융기관,한국투자증권
72818,세운에스제일차,KRZS0139K007,세운에스제일차 20260303-28-1(단),Y,20260303,20260331,PF대출채권,KRW,,6700000000,6700000000,0,N,A1,A1,,,세운5구역피에프브이 주식회사,외부 신용보강,금융기관,신한투자증권(주)
72795,세이브노들,KRZS0006C010,세이브노들 20260303-86-1(단),Y,20260303,20260528,PF대출채권,KRW,,140000000000,140000000000,36,N,A1,,A1,,한강지역주택조합,외부 신용보강,금융기관,키움증권
73980,센텀하이브제일차,KRZS0100P008,센텀하이브제일차 20260303-31-1(단),N,20260303,20260403,수익증권,KRW,,9500000000,9500000000,0,N,,A1,A1,,주식회사 엘제이프로젝트피에프브이,외부 신용보강,금융기관,한국투자증권
72326,신대엔에이치제일차,KRZS0123F003,신대엔에이치제일차 20260303-58-1(단),Y,20260303,20260430,PF대출채권,KRW,,24700000000,24700000000,8,N,A1,A1,,,용인신대피에프브이(주),외부 신용보강,금융기관,NH투자증권
73576,씨더블유대구제이차,KRZS41995018,씨더블유대구제이차 20260303-56-1(단),Y,20260303,20260428,PF대출채권,KRW,,20000000000,20000000000,6,N,A1,,A1,,이케이디제육차(주),외부 신용보강,금융기관,한화투자증권
72824,아산동산제이차,KRZS0130W010,아산동산제이차 20260303-13-1(단),Y,20260303,20260316,PF대출채권,KRW,,10000000000,10000000000,0,N,A1,A1,,,(주)하늘이엔씨,외부 신용보강,금융기관,한국투자증권
72824,아산동산제이차,KRZS0130W012,아산동산제이차 20260303-13-3(단),Y,20260303,20260316,PF대출채권,KRW,,65000000000,65000000000,0,N,A1,A1,,,(주)하늘이엔씨,외부 신용보강,금융기관,한국투자증권
72824,아산동산제이차,KRZS0130W011,아산동산제이차 20260303-29-2(단),Y,20260303,20260401,PF대출채권,KRW,,3000000000,3000000000,0,N,A1,A1,,,(주)하늘이엔씨,외부 신용보강,금융기관,한국투자증권
72756,에스더블유제이차,KRZS0134R003,에스더블유제이차 20260303-86-1(단),Y,20260303,20260528,PF대출채권,KRW,,30000000000,30000000000,36,N,,A1,A1,,세운5구역피에프브이 주식회사,외부 신용보강,금융기관,대신증권
72758,에스더블유제일차,KRZS0134P003,에스더블유제일차 20260303-86-1(단),Y,20260303,20260528,PF대출채권,KRW,,100000000000,100000000000,36,N,,A1,A1,,세운5구역피에프브이 주식회사,외부 신용보강,금융기관,대신증권
73840,에스디비제오차,KRZS49313020,에스디비제오차 20260303-91-1(단),N,20260303,20260602,매출채권,KRW,,77900000000,77900000000,41,N,,A1,A1,,한화에어로스페이스,자체 신용보강,자체 신용보강,한화에어로스페이스
73840,에스디비제오차,KRZS49313021,에스디비제오차 20260303-91-2(단),N,20260303,20260602,매출채권,KRW,,120000000000,120000000000,41,N,,A1,A1,,한화에어로스페이스,자체 신용보강,자체 신용보강,한화에어로스페이스
72874,에스엘티금토제이차,KRZS0128B004,에스엘티금토제이차 20260303-92-1(단),Y,20260303,20260603,PF대출채권,KRW,,10000000000,10000000000,42,N,,A1,A1,,해피니스제십사차(주),외부 신용보강,금융기관,메리츠증권
72873,에스엘티금토제일차,KRZS0127Z002,에스엘티금토제일차 20260303-16-1(단),Y,20260303,20260319,PF대출채권,KRW,,37400000000,37400000000,0,N,,A1,A1,,해피니스제십사차(주),외부 신용보강,금융기관,메리츠증권
66921,에스와이글로벌제삼차,KRZS49092015,에스와이글로벌제삼차 20260303-27-1(단),Y,20260303,20260330,PF대출채권,KRW,,10000000000,10000000000,0,N,,A1,A1,,이스트웨스트인터네셔널(주),외부 신용보강,금융기관,신영증권
72826,에이쓰리동산제오차,KRZS0142L004,에이쓰리동산제오차 20260303-29-1(단),Y,20260303,20260401,PF대출채권,KRW,,2000000000,2000000000,0,N,A1,A1,,,(주)하늘이엔씨,외부 신용보강,금융기관,키움증권
69006,에이치디비에이제삼차,KRZS39655027,에이치디비에이제삼차 20260303-86-1(단),Y,20260303,20260528,PF대출채권,KRW,,172170000000,172170000000,36,N,,A1,A1,,(주)피앤디유나이티드,외부 신용보강,금융기관,메리츠증권
72017,에이치백사제일차,KRZS0117M005,에이치백사제일차 20260303-27-1(단),Y,20260303,20260330,PF대출채권,KRW,,21000000000,21000000000,0,N,,A1,A1,,엠큐디앤파트너스(주),외부 신용보강,금융기관,삼성증권
73971,에이치와이중앙제일차,KRZS46089014,에이치와이중앙제일차 20260303-86-1(단),N,20260303,20260528,대출채권,KRW,,20000000000,20000000000,36,N,A3,A3,,,제이티비씨,외부 신용보강,일반기업,중앙일보
69767,에이치제이갤럭시제사차,KRZS0046H017,에이치제이갤럭시제사차 20260303-27-1(단),N,20260303,20260330,주식,KRW,,49700000000,49700000000,0,N,A1,,A1,,(주)세미콜론수송위탁관리부동산투자회사,외부 신용보강,금융기관,케이비증권
69767,에이치제이갤럭시제사차,KRZS0046H018,에이치제이갤럭시제사차 20260303-27-2(단),N,20260303,20260330,주식,KRW,,30000000000,30000000000,0,N,A1,,A1,,(주)세미콜론수송위탁관리부동산투자회사,외부 신용보강,금융기관,케이비증권
71127,에이치케이양동제일차,KRZS39577022,에이치케이양동제일차 20260303-31-1(단),Y,20260303,20260403,PF대출채권,KRW,,15000000000,15000000000,0,N,,A1,A1,,(주)세민개발,외부 신용보강,금융기관,비엔케이투자증권
73987,에이치판교제일차,KRZS0144E001,에이치판교제일차 20260303-28-1(단),Y,20260303,20260331,PF대출채권,KRW,,14000000000,14000000000,0,N,A1,A1,,,판교7 주식회사(주),외부 신용보강,금융기관,한화투자증권
60003,에코야음제이차,KRZS44735020,에코야음제이차 20260303-10-1(단),Y,20260303,20260313,PF대출채권,KRW,,3000000000,3000000000,0,N,A1,A1,,,(주)창연건설,외부 신용보강,금융기관,한화투자증권
66923,에프엔센텀제일차,KRZS49070012,에프엔센텀제일차 20260303-90-1(단),Y,20260303,20260601,PF대출채권,KRW,,25500000000,25500000000,40,N,A1,,A1,,(주)백송홀딩스,외부 신용보강,금융기관,삼성증권
66922,엔에이치센텀제일차,KRZS49004014,엔에이치센텀제일차 20260303-90-1(단),Y,20260303,20260601,PF대출채권,KRW,,17000000000,17000000000,40,N,A1,,A1,,(주)백송홀딩스,외부 신용보강,금융기관,NH투자증권
72008,엠아이엘제이차,KRZS40450047,엠아이엘제이차 20260303-27-1(단),Y,20260303,20260330,PF대출채권,KRW,,18600000000,18600000000,0,N,,,A1,,(주)주강유앤아이,외부 신용보강,금융기관,유안타증권
64058,엠아이제구차,KRZS40973031,엠아이제구차 20260303-64-1(단),N,20260303,20260506,대출채권,KRW,,10050000000,10050000000,14,N,A1,A1,,,홀데인코리아홀딩스 유한회사,외부 신용보강,금융기관,키움증권
70271,엠에이동탄제일차,KRZS43308048,엠에이동탄제일차 20260303-30-1(단),Y,20260303,20260402,PF대출채권,KRW,,5000000000,5000000000,0,N,A1,,A1,,에프엔동탄제일차(주),외부 신용보강,금융기관,미래에셋증권(주)
66935,오거스트제일차,KRZS49024002,오거스트제일차 20260303-90-1(단),Y,20260303,20260601,PF대출채권,KRW,,130000000000,130000000000,40,N,A1,,A1,,(주)백송홀딩스,외부 신용보강,금융기관,메리츠증권
66935,오거스트제일차,KRZS49024003,오거스트제일차 20260303-90-2(단),Y,20260303,20260601,PF대출채권,KRW,,125000000000,125000000000,40,N,A1,,A1,,(주)백송홀딩스,외부 신용보강,금융기관,메리츠증권
54388,와이알디제일차,KRZS38453054,와이알디제일차 20260303-29-1(단),Y,20260303,20260401,PF대출채권,KRW,,27040000000,27040000000,0,N,A1,,A1,,마스턴제51호여의도피에프브이 주식회사,외부 신용보강,금융기관,NH투자증권
61622,이터널과천제삼차,KRZS45630020,이터널과천제삼차 20260303-27-1(단),Y,20260303,20260330,PF대출채권,KRW,,3000000000,3000000000,0,N,,A1,A1,,주식회사 과천포럼,차환발행위험(유동성 공여형 매입약정),금융기관,한국투자증권
61621,이터널과천제일차,KRZS45321024,이터널과천제일차 20260303-27-1(단),Y,20260303,20260330,PF대출채권,KRW,,16600000000,16600000000,0,N,,A1,A1,,주식회사 과천포럼,차환발행위험(유동성 공여형 매입약정),금융기관,한국투자증권
70729,장성엔에이치제일차,KRZS0080P012,장성엔에이치제일차 20260303-27-1(단),Y,20260303,20260330,PF대출채권,KRW,,25000000000,25000000000,0,N,A1,A1,,,(유)에이치엠서빈,외부 신용보강,금융기관,NH투자증권
72820,제너럴그린,KRZS49974008,제너럴그린 20260303-86-1(단),Y,20260303,20260528,PF대출채권,KRW,,20000000000,20000000000,36,N,A1,,A1,,금빛,외부 신용보강,금융기관,디비증권(주)
72821,제너럴옐로우,KRZS49975008,제너럴옐로우 20260303-86-1(단),Y,20260303,20260528,PF대출채권,KRW,,15000000000,15000000000,36,N,A1,,A1,,금빛,외부 신용보강,일반기업,디비증권(주)
73990,제이드이천제일차,KRZS40745027,제이드이천제일차 20260303-86-1(단),Y,20260303,20260528,PF대출채권,KRW,,10000000000,10000000000,36,N,A1,,A1,,와이케이이천(주),외부 신용보강,금융기관,한화투자증권
73970,제이온밀라노제일차,KRZS0082E004,제이온밀라노제일차 20260303-88-1(단),N,20260303,20260530,대출채권,KRW,,20000000000,20000000000,38,N,,A3,A3,,이랜드리테일,자체 신용보강,자체 신용보강,이랜드리테일
72346,제이온스크린,KRZS0126C003,제이온스크린 20260303-58-1(단),Y,20260303,20260430,PF대출채권,KRW,,24700000000,24700000000,8,N,A1,A1,,,용인신대피에프브이(주),외부 신용보강,일반기업,대우건설
73979,제이온써클,KRZS0168W001,제이온써클 20260303-92-1(단),N,20260303,20260603,대출채권,KRW,,42000000000,42000000000,42,N,,,A1,,비아이에스제팔차(주),외부 신용보강,금융기관,대신증권
72729,중부파크제일차,KRZS0122E003,중부파크제일차 20260303-27-1(단),Y,20260303,20260330,PF대출채권,KRW,,150000000000,150000000000,0,N,,A1,A1,,제주중부공원개발(주),차환발행위험(유동성 공여형 매입약정),금융기관,NH투자증권
72729,중부파크제일차,KRZS0122E003,중부파크제일차 20260303-27-1(단),Y,20260303,20260330,PF대출채권,KRW,,150000000000,150000000000,0,N,,A1,A1,,제주중부공원개발(주),외부 신용보강,공공기관,주택도시보증공사
72380,지아이비알비제일차,KRZS40802011,지아이비알비제일차 20260303-64-1(단),N,20260303,20260506,매출채권,KRW,,7000000000,7000000000,14,N,,A1,A1,,디케이씨,외부 신용보강,금융기관,신한은행
54576,지타레스제일차,KRZS40282060,지타레스제일차 20260303-29-1(단),Y,20260303,20260401,PF대출채권,KRW,,12290000000,12290000000,0,N,A1,,A1,,마스턴제51호여의도피에프브이 주식회사,외부 신용보강,금융기관,케이비증권
72763,챔피언거제,KRZS0055A003,챔피언거제 20260303-31-1(단),Y,20260303,20260403,PF대출채권,KRW,,42000000000,42000000000,0,N,A2+,,A2+,,센트럴허브피에프브이(주),외부 신용보강,일반기업,유진투자증권
69783,챔피언청라제일차,KRZS44280027,챔피언청라제일차 20260303-27-1(단),Y,20260303,20260330,PF대출채권,KRW,,14600000000,14600000000,0,N,A2+,A2+,,,(주)진성디엘피,외부 신용보강,금융기관,유진투자증권
70010,케이더블평제일차,KRZS0042Y013,케이더블평제일차 20260303-27-2(단),Y,20260303,20260330,PF대출채권,KRW,,30000000000,30000000000,0,N,A1,A1,,,(주)청주글로벌,외부 신용보강,금융기관,키움증권
70010,케이더블평제일차,KRZS0042Y012,케이더블평제일차 20260303-91-1(단),Y,20260303,20260602,PF대출채권,KRW,,20000000000,20000000000,41,N,A1,A1,,,(주)청주글로벌,외부 신용보강,금융기관,키움증권
72396,케이메트로제사차,KRZS0091D005,케이메트로제사차 20260303-58-1(단),Y,20260303,20260430,PF대출채권,KRW,,24700000000,24700000000,8,N,A1,A1,,,용인신대피에프브이(주),외부 신용보강,금융기관,키움증권
73202,케이메트로제오차,KRZS0093Z004,케이메트로제오차 20260303-29-1(단),Y,20260303,20260401,PF대출채권,KRW,,41000000000,41000000000,0,N,A1,A1,,,(주)제이피개발,외부 신용보강,금융기관,키움증권
64891,케이에스엘피제이차,KRZS44167015,케이에스엘피제이차 20260303-91-1(단),N,20260303,20260602,하이브리드증권,KRW,,20500000000,20500000000,41,N,A1,,A1,,현대커머셜,외부 신용보강,금융기관,키움증권
64891,케이에스엘피제이차,KRZS44167015,케이에스엘피제이차 20260303-91-1(단),N,20260303,20260602,하이브리드증권,KRW,,20500000000,20500000000,41,N,A1,,A1,,현대커머셜,금리변동/환율변동,금융기관,키움증권
61709,케이제이에스티,KRZS45775015,케이제이에스티 20260303-30-1(단),N,20260303,20260402,수익증권,KRW,,13400000000,13400000000,0,N,,A1,A1,,지알이파트너스자산운용,외부 신용보강,금융기관,현대차증권
69477,케이지마포제일차,KRZS48999008,케이지마포제일차 20260303-62-1(단),Y,20260303,20260504,PF대출채권,KRW,,121400000000,121400000000,12,N,,A1,A1,,테라윈마포제이차피에프브이(주),외부 신용보강,금융기관,키움증권
73976,케이피대명제오차,KRZS0035K011,케이피대명제오차 20260303-30-1(단),Y,20260303,20260402,PF대출채권,KRW,,2500000000,2500000000,0,N,A2,A2,,,대명3동뉴타운주택재개발정비사업조합,외부 신용보강,일반기업,지에스건설
73977,케이피평촌제오차,KRZS0080S004,케이피평촌제오차 20260303-90-1(단),Y,20260303,20260601,PF대출채권,KRW,,13300000000,13300000000,40,N,A2,A2,,,뉴타운맨션삼호아파트지구 주택재건축정비사업조합,외부 신용보강,일반기업,지에스건설
66544,쿼드비에스제일차,KRZS48878008,쿼드비에스제일차 20260303-58-1(단),Y,20260303,20260430,PF대출채권,KRW,,7100000000,7100000000,8,N,A1,,A1,,봉산공원개발(주),외부 신용보강,금융기관,교보증권
65781,큐브에스엔,KRZS48341010,큐브에스엔 20260303-87-1(단),N,20260303,20260529,하이브리드증권,KRW,,100000000000,100000000000,37,N,A1,A1,,,신세계건설,외부 신용보강,금융기관,NH투자증권
73961,키벨레제일차,KRZS0167M001,키벨레제일차 20260303-31-1(단),Y,20260303,20260403,PF대출채권,KRW,,30000000000,30000000000,0,N,A1,A1,,,(주)하이아트이앤씨,외부 신용보강,금융기관,하나증권(주)
58431,키스도미노제이차,KRZS43629027,키스도미노제이차 20260303-64-1(단),N,20260303,20260506,대출채권,KRW,,45900000000,45900000000,14,N,A1,A1,,,키스도미노제일차(주),외부 신용보강,금융기관,한국투자증권
70242,키스돈의제이차,KRZS0053N008,키스돈의제이차 20260303-29-1(단),Y,20260303,20260401,PF대출채권,KRW,,12000000000,12000000000,0,N,,A1,A1,,지엘돈의문디앤씨 주식회사,외부 신용보강,금융기관,한국투자증권
70242,키스돈의제이차,KRZS0053N009,키스돈의제이차 20260303-29-2(단),Y,20260303,20260401,PF대출채권,KRW,,10000000000,10000000000,0,N,,A1,A1,,지엘돈의문디앤씨 주식회사,외부 신용보강,금융기관,한국투자증권
70241,키스돈의제일차,KRZS0059C006,키스돈의제일차 20260303-29-1(단),Y,20260303,20260401,PF대출채권,KRW,,18000000000,18000000000,0,N,,A1,A1,,지엘돈의문디앤씨 주식회사,외부 신용보강,금융기관,한국투자증권
70549,키스에스에프제사십사차,KRZS0082D009,키스에스에프제사십사차 20260303-27-1(단),N,20260303,20260330,대출채권,KRW,,39600000000,39600000000,0,N,A1,,A1,,두산,차환발행위험(유동성 공여형 매입약정),금융기관,한국투자증권
65771,키스온제사차,KRZS48455010,키스온제사차 20260303-91-1(단),N,20260303,20260602,대출채권,KRW,,91900000000,91900000000,41,N,A1,A1,,,신세계건설,외부 신용보강,금융기관,한국투자증권
69454,키스온제오차,KRZS0036M008,키스온제오차 20260303-44-1(단),N,20260303,20260416,대출채권,KRW,,15600000000,15600000000,0,N,,A1,A1,,HANWHA Q CELLS AMERICAS HOLDINGS CORP,외부 신용보강,금융기관,한국투자증권
72015,키스진우리제일차,KRZS42301011,키스진우리제일차 20260303-28-1(단),N,20260303,20260331,수익증권,KRW,,14600000000,14600000000,0,N,,A1,A1,,이화자산운용,외부 신용보강,금융기관,한국투자증권
72859,키스진천제일차,KRZS0138H002,키스진천제일차 20260303-91-1(단),Y,20260303,20260602,PF대출채권,KRW,,2000000000,2000000000,41,N,,A1,A1,,진천메가폴리스개발 주식회사(주),외부 신용보강,금융기관,한국투자증권
72809,투모로우세운제이차,KRZS0139E003,투모로우세운제이차 20260303-86-1(단),Y,20260303,20260528,PF대출채권,KRW,,40000000000,40000000000,36,N,A1,A1,,,세운5구역피에프브이 주식회사,외부 신용보강,금융기관,현대차증권
70250,파스텔블루제일차,KRZS0060T007,파스텔블루제일차 20260303-90-1(단),Y,20260303,20260601,PF대출채권,KRW,,30000000000,30000000000,40,N,A1,A1,,,지엘돈의문디앤씨 주식회사,외부 신용보강,금융기관,하나증권(주)
69777,파인솔루션제십칠차,KRZS45427047,파인솔루션제십칠차 20260303-24-1(단),N,20260303,20260327,대출채권,KRW,,6400000000,6400000000,0,N,,A1,A1,,프로젝트피노(주),외부 신용보강,금융기관,신한투자증권(주)
68359,파인솔루션제이십차,KRZS49980016,파인솔루션제이십차 20260303-31-1(단),N,20260303,20260403,대출채권,KRW,,5100000000,5100000000,0,N,,A1,A1,,센트로이드인베스트먼트파트너스(유),차환발행위험(유동성 공여형 매입약정),금융기관,신한투자증권(주)
73567,팬서스제일차,KRZS0047H002,팬서스제일차 20260303-27-1(단),Y,20260303,20260330,PF대출채권,KRW,,23700000000,23700000000,0,N,A1,,A1,,이케이디제육차(주),외부 신용보강,금융기관,메리츠증권
73974,폴리제일차,KRZS39402036,폴리제일차 20260303-31-1(단),N,20260303,20260403,대출채권,KRW,,3300000000,3300000000,0,N,A1,,A1,,진양건설 주식회사,외부 신용보강,금융기관,대신증권
69424,프라임레벨,KRZS0038E012,프라임레벨 20260303-27-1(단),Y,20260303,20260330,PF대출채권,KRW,,1000000000,1000000000,0,N,A1,A1,,,(주)에스와이신도시개발,외부 신용보강,금융기관,아이비케이투자증권
71095,프라임앵커,KRZS0088C009,프라임앵커 20260303-27-1(단),N,20260303,20260330,매출채권,KRW,,12600000000,12600000000,0,N,A1,A1,,,신세계건설,외부 신용보강,금융기관,유안타증권
73991,플로리스리테일제삼차,KRZS0169H001,플로리스리테일제삼차 20260303-91-1(단),Y,20260303,20260602,PF대출채권,KRW,,34000000000,34000000000,41,N,,A2,,,(주)프리모,외부 신용보강,일반기업,롯데건설
72794,피우메제일차,KRZS0137C006,피우메제일차 20260303-28-1(단),Y,20260303,20260331,PF대출채권,KRW,,36350000000,36350000000,0,N,A1,,A1,,한강지역주택조합,외부 신용보강,금융기관,삼성증권
72794,피우메제일차,KRZS0137C007,피우메제일차 20260303-28-2(단),Y,20260303,20260331,PF대출채권,KRW,,10000000000,10000000000,0,N,A1,,A1,,한강지역주택조합,외부 신용보강,금융기관,삼성증권
67241,하나사상제일차,KRZS49344018,하나사상제일차 20260303-27-1(단),Y,20260303,20260330,PF대출채권,KRW,,14060000000,14060000000,0,N,A1,A1,,,(주)사상파크홀딩스,외부 신용보강,금융기관,하나증권(주)
62090,하나에스알디제일차,KRZS45982017,하나에스알디제일차 20260303-90-1(단),Y,20260303,20260601,PF대출채권,KRW,,20000000000,20000000000,40,N,A1,,A1,,잠원동복합개발피에프브이(주),외부 신용보강,금융기관,하나증권(주)
73982,하이웨이그린,KRZS0168N001,하이웨이그린 20260303-1-1(단),N,20260303,20260304,기타,KRW,,10000000000,10000000000,0,N,,A1,A1,,삼성증권,자체 신용보강,자체 신용보강,삼성증권
70270,하이제주드림제칠차,KRZS42905020,하이제주드림제칠차 20260303-90-1(단),N,20260303,20260601,대출채권,KRW,,14000000000,14000000000,40,N,,A1,A1,,빌리언폴드제4호일반사모부동산투자(유),외부 신용보강,금융기관,(주)아이엠증권
72392,현대차강소아이티제일차,KRZS0125A008,현대차강소아이티제일차 20260303-27-1(단),N,20260303,20260330,대출채권,KRW,,2000000000,2000000000,0,N,A1,A1,,,아이에스티엔,외부 신용보강,금융기관,현대차증권
59178,흑동고래제일차,KRZS44070017,흑동고래제일차 20260303-91-1(단),N,20260303,20260602,하이브리드증권,KRW,,10200000000,10200000000,41,N,,A1,A1,,현대커머셜,외부 신용보강,금융기관,미래에셋증권(주)
