YYYYMM,balance_total_amt,bal_amt_top,bal_share_top,bal_amt_high_mid,bal_share_high_mid,bal_amt_low,bal_share_low,bal_amt_distress,bal_share_distress
201601,10536398512703.0,8653300000000.0,0.8212768328349882,1878098512702.9995,0.1782486217125052,4999999999.999458,0.0004745454525065,0.0,0.0
201602,15804765590590.0,12628327077887.0,0.7990202072598773,3165438512702.999,0.2002838001335287,10999999999.998734,0.0006959926065938,0.0,0.0
201603,21827729480645.0,17364200967942.002,0.7955110944241415,4415028512702.999,0.2022669612346935,48499999999.9996,0.002221944341165,0.0,0.0
201604,24113712392816.0,18358100967942.0,0.7613137566246863,5698111424873.997,0.2363017080095717,57499999999.99849,0.0023845353657419,0.0,0.0
201605,24195312392816.0,18155100967942.0,0.7503561298647484,5972111424873.997,0.2468292753536515,68099999999.999306,0.0028145947815999,0.0,0.0
201606,24820342392816.0,18775400967942.0,0.7564521339309305,5986591424873.996,0.2411969718277035,58349999999.99857,0.0023508942413658,0.0,0.0
201607,27729790873565.0,21059200967942.0,0.7594431946480303,6612239905622.999,0.2384525702257096,58349999999.99945,0.00210423512626,0.0,0.0
201608,29088794661305.0,21573273890055.0,0.7416351946253921,7358170771249.999,0.2529555059576983,157349999999.9973,0.0054092994169095,0.0,0.0
201609,31160844661305.0,23610073890055.0,0.7576840148808156,7383420771249.997,0.2369454631766963,167349999999.99854,0.005370521942488,0.0,0.0
201610,32433543115136.0,24788800000000.0,0.7642951592430748,7377393115135.995,0.2274618313807699,267350000000.0,0.0082430093761552,0.0,0.0
201611,32716614451023.0,25030100000000.0,0.7650577671314444,7520659451022.999,0.2298727902387785,165854999999.9975,0.0050694426297771,0.0,0.0
201612,33213587581287.0,25399200000000.0,0.7647231705348887,7656532581286.994,0.230524105911425,157854999999.99887,0.0047527235536861,0.0,0.0
201701,34924127581287.0,27151100000000.0,0.7774310163311873,7715172581286.995,0.2209123925380724,57854999999.99924,0.0016565911307402,0.0,0.0
201702,36110777581287.0,27943700000000.0,0.7738326857431265,8101222581286.998,0.224343620489777,65854999999.99752,0.0018236937670964,0.0,0.0
201703,36925954581287.0,28359400000000.0,0.7680072274792787,8500699581286.999,0.2302093385987889,65854999999.99866,0.0017834339219323,0.0,0.0
201704,39559114581287.0,30453100000000.004,0.7698124774108444,9040409581286.994,0.2285291184338959,65604999999.99699,0.0016584041552596,0.0,0.0
201705,39838114581287.0,30860900000000.0,0.7746576444281871,8905289581286.996,0.2235369237446303,71924999999.99878,0.0018054318271825,0.0,0.0
201706,37997429581287.0,29070300000000.0,0.7650596453586577,8861829581286.996,0.2332218173423835,65299999999.99837,0.0017185372989587,0.0,0.0
201707,40412687237401.0,30746300000000.0,0.7608081051226164,9581087237400.998,0.2370811715914285,85299999999.99872,0.002110723285955,0.0,0.0
201708,42504353896374.0,32085800000000.0,0.7548826663316768,10221359671773.998,0.240477944840516,95299999999.99576,0.002242123247711,101894224599.99667,0.002397265580096
201709,41724526896374.0,31334400000000.004,0.7509827511722623,10154932671773.994,0.243380415001338,133299999999.99948,0.0031947636058537,101894224599.99722,0.0024420702205458
201710,42187796896374.0,31658100000000.0,0.7504089411865208,10277502671773.998,0.2436131637074734,150299999999.99875,0.0035626415944208,101894224599.99783,0.0024152535115849
201711,43714115550329.0,33108260000000.0,0.75738144494498,10366461325729.0,0.2371421952662835,137499999999.99847,0.003145437080654,101894224599.99985,0.0023309227080824
201712,42594565100867.0,31883160000000.0,0.7485264827683621,10479010876266.994,0.24601755767319,130499999999.9984,0.0030637711569766,101894224599.99973,0.0023921884014711
201801,46996695100867.0,35253460000000.0,0.7501263636589127,11450840876266.992,0.2436520451425476,190499999999.9969,0.0040534765176814,101894224599.99698,0.002168114680858
201802,48290995100867.0,36341460000000.0,0.7525514834410099,11636140876266.996,0.2409588133763283,211499999999.9968,0.004379698524709,101894224599.99556,0.0021100046579526
201803,47875695100867.0,36026460000000.0,0.7524999882319742,11485840876266.996,0.2399096420859902,261499999999.9987,0.0054620616880665,101894224599.99773,0.002128307993969
201804,49846645100867.0,37639060000000.0,0.7550971569668453,11739190876266.99,0.2355061379258763,366499999999.9955,0.007352550994322,101894224599.99532,0.002044154112956
201805,50529145100867.0,37683160000000.0,0.7457707808983576,12227590876266.996,0.2419908520490126,516499999999.9981,0.010221823444053,101894224599.99802,0.0020165436085767
201806,49326245100867.0,36588760000000.0,0.7417706319461338,12148090876266.986,0.2462804710033252,487499999999.9974,0.0098831767754288,101894224599.99998,0.0020657202751119
201807,52579045100867.0,38494760000000.0,0.7321312117051978,13319890876266.998,0.2533307870219834,662499999999.9978,0.0126000766793894,101894224599.9985,0.0019379245934293
201808,52599045100867.0,38489560000000.0,0.7317539686545672,13330090876266.99,0.2534283816503594,677499999999.9974,0.0128804619684784,101894224599.99538,0.0019371877265946
201809,50808895100867.0,36942360000000.0,0.7270844982293193,13127140876266.998,0.2583630454904932,637499999999.9985,0.0125470156108378,101894224599.99632,0.0020054406693496
201810,50944195100867.0,37387460000000.0,0.7338904840085247,12847340876266.992,0.2521845884664561,607499999999.9976,0.0119248129997378,101894224599.99837,0.0020001145252811
201811,51235940111025.0,38244300000000.0,0.7464350203612358,12262245886424.996,0.239328991716625,627499999999.9993,0.012247262344367,101894224599.9949,0.0019887255777721
201812,50583324224600.0,38378800000000.0,0.7587243540893143,11475129999999.992,0.2268559881325343,627499999999.9961,0.0124052740625304,101894224599.99632,0.0020143837156207
201901,53951224224600.0,40880500000000.0,0.757730720433955,12394329999999.992,0.2297321363534246,574499999999.9948,0.0106485072073312,101894224599.99968,0.001888636005289
201902,55702274224600.0,42581000000000.0,0.7644391650564745,12497879999999.992,0.2243692950418263,521499999999.9985,0.0093622748309563,101894224599.99776,0.0018292650707428
201903,53646624224600.0,40884200000000.0,0.7621020071800211,12212329999999.998,0.227643960389216,448199999999.99744,0.0083546729450028,101894224599.99622,0.00189935948576
201904,55903974224600.0,43118300000000.0,0.7712922130860995,12323079999999.998,0.2204329865796437,360699999999.9954,0.0064521352015305,101894224599.99704,0.0018226651327261
201905,56353624224600.0,43796000000000.0,0.777163857739637,12240029999999.992,0.2172004049148069,215699999999.9965,0.0038276154012795,101894224599.99974,0.0018081219442763
201906,53792824224600.0,40790000000000.0,0.7582795770248166,12677929999999.992,0.2356806912956663,222999999999.99664,0.0041455343387235,101894224599.99872,0.0018941973407933
201907,52904074224600.0,40394600000000.0,0.7635442183244332,12267579999999.996,0.2318834641717568,139999999999.9958,0.0026462990242611,101894224599.99568,0.0019260184795487
201908,51572074224600.0,39946500000000.0,0.7745761751995894,11381679999999.992,0.2206946331154333,141999999999.99966,0.0027534281320852,101894224599.9953,0.0019757635528918
201909,50437574224600.0,39211500000000.0,0.7774263652210956,10992179999999.992,0.2179363335566356,131999999999.997,0.0026170965203877,101894224599.99876,0.0020202047018808
201910,50158174224600.0,39046300000000.0,0.7784633432859245,10869979999999.998,0.2167140285315416,139999999999.99884,0.0027911701764323,101894224599.99756,0.0020314580061015
201911,51721274224600.0,40531900000000.0,0.7836601206689134,10959479999999.994,0.2118950115654223,127999999999.99837,0.0024748036841505,101894224599.99962,0.0019700640815136
201912,51217024224600.0,40752100000000.0,0.7956748877344264,10258029999999.994,0.2002855526126598,104999999999.99606,0.0020500995828954,101894224599.99657,0.0019894600700182
202001,56830224224600.0,45644500000000.0,0.8031729704181239,11058829999999.994,0.1945941644765318,24999999999.996468,0.0004399067633658,101894224599.99953,0.0017929583419784
202002,58050724224600.0,46097700000000.0,0.7940934521617097,11801129999999.996,0.2032899702394938,49999999999.99507,0.0008613156970539,101894224599.995,0.0017552619017424
202003,63136674224600.0,51213100000000.0,0.8111466216579047,11771679999999.998,0.1864475781243065,49999999999.99867,0.0007919327492945,101894224599.9982,0.0016138674684942
202004,64861474224600.0,53445600000000.0,0.823996072228184,11258979999999.988,0.1735850153669464,54999999999.99994,0.000847960991598,101894224599.99536,0.0015709514132713
202005,65361674224600.0,53896500000000.0,0.8245887309250581,11308279999999.994,0.1730108681295671,54999999999.99618,0.0008414717133928,101894224599.99376,0.0015589292319817
202006,63580624224600.0,52281300000000.0,0.8222835280024166,11160430000000.0,0.1755319350212028,36999999999.99877,0.0005819382941145,101894224599.99368,0.001602598682266
202007,64120879280800.0,52362900000000.0,0.8166279157010758,11589460000000.0,0.1807439344249648,74999999999.99815,0.0011696658068514,93519280799.99586,0.0014584840671079
202008,63432349280800.0,51942900000000.0,0.8188708220479282,11320929999999.984,0.1784725006776102,74999999999.99706,0.001182362010084,93519280799.99588,0.0014743152643773
202009,62132749280800.0,50284600000000.0,0.8093091096411331,11694629999999.994,0.1882200632575874,59999999999.99912,0.0009656743133776,93519280799.99968,0.0015051527879018
202010,62443103285200.0,50620600000000.0,0.8106675891618904,11691379999999.994,0.187232526650722,45999999999.99738,0.0007366706262163,85123285199.99855,0.0013632135611712
202011,60088803285200.0,48985600000000.0,0.8152200962881425,10970079999999.996,0.1825644612679772,47999999999.9998,0.0007988177060571,85123285199.99426,0.001416624737823
202012,61047303285200.0,50624500000000.0,0.829266769794779,10292679999999.994,0.1686017145084163,44999999999.99833,0.0007371332979242,85123285199.9965,0.0013943823988804
202101,63760536185000.0,53239500000000.0,0.8349914098201212,10411329999999.986,0.1632879932156108,32999999999.99427,0.0005175615196247,76706184999.99757,0.001203035444643
202102,64049986185000.0,53641500000000.0,0.8374943258389401,10298779999999.998,0.1607928527924006,32999999999.999687,0.0005152225935644,76706184999.99486,0.0011975987750948
202103,64219486185000.0,53934200000000.0,0.8398416618381108,10143279999999.99,0.157947074985617,65299999999.99926,0.0010168253263797,76706184999.99966,0.0011944378498923
202104,65142648330200.0,55202200000000.0,0.8474049093028411,9754879999999.992,0.149746444918139,117299999999.9988,0.0018006636666876,68268330199.99666,0.0010479821123322
202105,66493748330200.0,56798600000000.0,0.854194588609217,9524579999999.99,0.1432402329419311,102299999999.997,0.0015384904982644,68268330199.99409,0.0010266879505872
202106,68659348330200.0,58776800000000.0,0.8560640528850878,9699979999999.994,0.1412769016296275,114299999999.9951,0.0016647405310388,68268330199.999084,0.0009943049542457
202107,70915689438600.0,60049500000000.0,0.8467731255999685,10709079999999.992,0.1510114346314308,97299999999.9953,0.0013720518092719,59809438599.994514,0.0008433879593285
202108,71247189438600.0,60249700000000.0,0.8456431822047169,10845379999999.988,0.152221864265206,92299999999.99466,0.0012954896989942,59809438599.99491,0.0008394638310826
202109,73378389438600.0,62850700000000.0,0.856528747508023,10374579999999.99,0.1413846785051205,93299999999.99844,0.001271491521057,59809438599.9954,0.0008150824657993
202110,76169629226000.0,65447700000000.0,0.859236163613356,10587299999999.996,0.138996344180524,83299999999.99538,0.0010936117301141,51329225999.99456,0.0006738804760057
202111,80069329226000.0,68951700000000.0,0.861149964243863,10992999999999.992,0.1372935193321235,73299999999.99478,0.0009154566512366,51329225999.99434,0.0006410597727766
202112,82003129226000.0,69579700000000.0,0.8485005469515544,12293799999999.988,0.1499186691536901,78299999999.99896,0.0009548416107903,51329225999.99949,0.000625942283965
202201,84085027638600.0,71782700000000.0,0.8536918166754279,12191199999999.994,0.1449865730246072,68299999999.99293,0.0008122730278873,42827638599.99731,0.0005093372720774
202202,87713227638600.0,75036700000000.0,0.855477583257677,12560399999999.998,0.1431984700386574,73299999999.99594,0.0008356778330175,42827638599.99893,0.0004882688706481
202203,91622527638600.0,79018200000000.0,0.8624320026585921,12490499999999.996,0.1363256430696617,70999999999.99452,0.0007749185907646,42827638599.9953,0.0004674356809815
202204,97446805088400.0,84719700000000.0,0.8693943318423374,12611799999999.994,0.1294224062919154,80999999999.99759,0.0008312227366153,34305088399.9966,0.0003520391291318
202205,100073544552386.0,87633500000000.0,0.8756909769906877,12334739463985.986,0.1232567460177156,70999999999.99782,0.0007094782174207,34305088399.995235,0.0003427987741759
202206,104386244552386.0,92317300000000.0,0.8843818493122508,11983639463985.977,0.1148009444670846,50999999999.9907,0.0004885701197383,34305088399.993607,0.0003286361009259
202207,110987000754186.0,98535300000000.0,0.887809377048002,12359939463985.994,0.1113638478380075,65999999999.99665,0.0005946642359151,25761290199.998096,0.0002321108780753
202208,115256000754186.0,102042300000000.0,0.885353468212317,13129939463985.988,0.1139197905364517,57999999999.99328,0.0005032275944026,25761290199.996468,0.0002235136568285
202209,113081300754186.0,100712300000000.0,0.8906185136561747,12287239463985.99,0.1086584553063796,55999999999.988976,0.000495218923257,25761290199.99673,0.0002278121141885
202210,112146638420986.0,100433703000000.0,0.8955569637583166,11634739463985.994,0.1037457709638204,60999999999.99742,0.0005439307041109,17195956999.99034,0.0001533345737519
202211,114810798420986.0,103466203000000.0,0.9011887768658496,11271399463985.986,0.0981736876583354,55999999999.99484,0.0004877589980226,17195956999.99408,0.0001497764777921
202212,114018698420986.0,103585803000000.0,0.9084983817087168,10375699463985.977,0.0909999816492928,39999999999.99821,0.0003508196511094,17195956999.99853,0.0001508169908808
202301,120359207559786.0,109722399999999.98,0.911624479959272,10588199463985.98,0.0879716614844486,39999999999.99583,0.0003323385124493,8608095800.0,7.152004382983415e-05
202302,117792507559786.0,107261900000000.0,0.9106003617892152,10481999463985.992,0.0889869795722433,39999999999.99713,0.0003395801721913,8608095800.0,7.307846635008539e-05
202303,120062237559786.0,109469900000000.02,0.9117762772452792,10549729463985.992,0.0878688393486975,33999999999.993088,0.0002831864597148,8608095800.0,7.169694630848044e-05
202304,121433829463986.0,110423500000000.0,0.9093306246489462,10976329463985.98,0.0903893874749397,33999999999.998974,0.0002799878761139,0.0,0.0
202305,117646150000000.0,106850500000000.0,0.9082362661251558,10761649999999.996,0.0914747316423019,33999999999.994545,0.0002890022325422,0.0,0.0
202306,117425850000000.0,106844800000000.0,0.9098916465156522,10540549999999.988,0.089763454980313,40499999999.99133,0.0003448985040346,0.0,0.0
202307,118449350000000.0,107375800000000.0,0.9065123616127906,10987049999999.984,0.0927573684448246,86499999999.99332,0.0007302699423846,0.0,0.0
202308,118549750000000.0,107438400000000.0,0.9062726829875222,11039849999999.986,0.0931241946946323,71499999999.9927,0.0006031223178454,0.0,0.0
202309,117218350000000.0,106574800000000.02,0.9091989436807464,10581049999999.988,0.0902678633507466,62499999999.99251,0.000533192968507,0.0,0.0
202310,117617950000000.0,106976700000000.02,0.9095269897154304,10584749999999.984,0.0899926414293055,56499999999.99839,0.000480368855264,0.0,0.0
202311,122159530000000.0,111222700000000.0,0.9104709227352136,10870329999999.992,0.0889847071284573,66499999999.99878,0.0005443701363291,0.0,0.0
202312,114903730000000.0,104506600000000.02,0.9095144256848756,10317630000000.0,0.0897936907705259,79499999999.989,0.0006918835445985,0.0,0.0
202401,116622330000000.0,105649600000000.02,0.9059122725467756,10913229999999.984,0.0935775335649698,59499999999.99943,0.0005101938882545,0.0,0.0
202402,116470430000000.0,105559100000000.0,0.9063167363596064,10846829999999.994,0.0931294750092362,64499999999.990486,0.0005537886311572,0.0,0.0
202403,116579500000000.0,105855100000000.0,0.9080078401434214,10649999999999.988,0.0913539687509381,74399999999.99335,0.0006381911056403,0.0,0.0
202404,116120900000000.0,105415200000000.0,0.907805571606834,10636299999999.992,0.091596775429746,69399999999.99748,0.00059765296342,0.0,0.0
202405,116088200000000.0,104931199999999.98,0.9038920407069796,11087599999999.984,0.0955101379812934,69399999999.9915,0.0005978213117267,0.0,0.0
202406,112274500000000.0,101000700000000.0,0.8995871725102316,11221399999999.977,0.0999461142111519,52399999999.99455,0.0004667132786162,0.0,0.0
202407,112827200000000.0,100746200000000.0,0.8929247557326602,12028599999999.988,0.1066108172497411,52399999999.98948,0.0004644270175985,0.0,0.0
202408,112934400000000.0,100762700000000.0,0.8922232729797122,12114299999999.99,0.1072684673580414,57399999999.99984,0.0005082596622464,0.0,0.0
202409,115391800000000.0,103315700000000.0,0.8953469830611881,12013699999999.97,0.1041122506105284,62399999999.989365,0.0005407663282832,0.0,0.0
202410,116780400000000.0,104716200000000.0,0.8966932807217649,12001799999999.99,0.1027723830368794,62399999999.99183,0.0005343362413555,0.0,0.0
202411,117764500000000.0,106028200000000.0,0.9003409346619737,11665899999999.994,0.0990612620951135,70399999999.99266,0.0005978032429127,0.0,0.0
202412,113267700000000.0,102548200000000.0,0.9053613695696126,10659099999999.994,0.0941053804394368,60399999999.99527,0.0005332499909506,0.0,0.0
202501,118046200000000.0,106483600000000.0,0.9020502142381542,11480199999999.996,0.0972517539742914,82399999999.9924,0.0006980317875543,0.0,0.0
202502,116340200000000.0,104189300000000.0,0.8955571676858042,12063499999999.986,0.1036915872587462,87399999999.99428,0.0007512450554494,0.0,0.0
202503,111648036000000.0,100642636000000.0,0.9014277331309258,10940999999999.982,0.0979954542147072,64399999999.98888,0.0005768126543667,0.0,0.0
202504,114911636000000.0,102811136000000.0,0.894697348143229,12016099999999.984,0.1045681744536296,84399999999.99832,0.0007344774031413,0.0,0.0
202505,114535136000000.0,102180336000000.0,0.8921309177997571,12285399999999.992,0.1072631546008728,69399999999.99646,0.00060592759937,0.0,0.0
202506,109077136000000.0,97238336000000.0,0.8914639636302882,11774399999999.988,0.1079456284954162,64399999999.99025,0.0005904078742954,0.0,0.0
202507,110525636000000.0,97976836000000.0,0.8864625397857924,12486399999999.992,0.1129728853132317,62399999999.99837,0.0005645749009759,0.0,0.0
202508,111948836000000.0,99608536000000.0,0.8897683938402003,12272899999999.99,0.1096295454112626,67399999999.99465,0.0006020607485369,0.0,0.0
202509,114723536000000.0,103125536000000.0,0.8989047896850041,11549199999999.984,0.1006698398835962,48799999999.99607,0.0004253704313995,0.0,0.0
202510,114070036000000.0,102888035999999.98,0.9019725039799232,11135199999999.988,0.0976172217566407,46799999999.99519,0.0004102742634358,0.0,0.0
202511,116336436000000.0,105458236000000.0,0.9064936113394432,10741399999999.986,0.0923304887902874,136799999999.99272,0.0011758998702693,0.0,0.0
202512,114155800000000.0,104055699999999.98,0.9115235493947744,10048299999999.994,0.0880226847869315,51799999999.99479,0.0004537658182939,0.0,0.0
202601,121622700000000.0,109477800000000.0,0.9001428187336739,12068100000000.0,0.0992257201986142,51800000000.0,0.0004259073347327,25000000000.0,0.0002055537329791
202602,126696700000000.0,114035300000000.0,0.900065273996876,12611600000000.0,0.0995416613060955,49800000000.0,0.0003930646970284,,
202603,131442700000000.0,119135800000000.0,0.9063706086378323,12264100000000.0,0.09330377419210044,42800000000.0,0.00032561717006726127,,
