연월,YYYYMM,사태명,사태유형,라벨,MSI_precursor,MSI_trend_cp,MSI_trend_abcp,MSI_trend_ab,MSI_trend_total,MSI_trend_norm,MSI_trend_domain,MSI_total_v53,MSI_v53_상태,MSI_total_v54_base,hidden_risk_boost,delta_v53_to_v54,MSI_total_v54,MSI_v54_상태,구조주의플래그,MSI_total_final,MSI_final_상태,MSI_total,MSI_상태,trend_signal,trend_boost,MSI_trend_상태,MSI_demand,MSI_supply,TI_CP_3m,TI_CP_6m,TI_ABCP_3m,TI_ABCP_6m,TI_AB_3m,TI_AB_6m,TALERT_CP,TALERT_ABCP,TALERT_AB,dominant_mkt,trend_status,cp_AAA_z,cp_AA_z,ab_iss_z,ab_AAp_z,ab_A_z,abcp_iss_z,세부라벨
2016.07,201607,-,-,정상,0.4033,,,,0.0,0.0,안정,0.4033,정상,0.3025,0.0,0.0,0.4033,정상,0,0.4033,정상,0.4033,🟢정상,0.0,0.0,안정,0.4033,0.4017,,,,,,,0,0,0,CP,→안정,-4.9846,5.5173,1.6994,-1.851,1.1483,-0.1528,정상
2016.08,201608,-,-,정상,0.3656,,,,0.0,0.0,안정,0.3656,정상,0.2742,0.0,0.0,0.3656,정상,0,0.3656,정상,0.3656,🟢정상,0.0,0.0,안정,0.3178,0.3656,,,,,,,0,0,0,CP,→안정,-2.4014,1.3904,-1.5569,0.9154,3.5411,0.7846,정상
2016.09,201609,-,-,정상,0.5493,,,,0.0,0.0,안정,0.5493,정상,0.412,0.0,0.0,0.5493,정상,0,0.5493,정상,0.5493,🟢정상,0.0,0.0,안정,0.5493,0.544,,,,,,,0,0,0,CP,→안정,0.2226,-1.245,1.1026,0.4439,-0.0323,0.6305,정상
2016.1,201610,-,-,정상,0.6099,,,,0.0,0.0,안정,0.6099,정상,0.4574,0.0,0.0,0.6099,정상,0,0.6099,정상,0.6099,🟢정상,0.0,0.0,안정,0.6099,0.5964,,,,,,,0,0,0,CP,→안정,0.3724,-0.8719,2.4294,1.5966,-0.0167,0.9602,정상
2016.11,201611,-,-,정상,0.4879,,,,0.0,0.0,안정,0.4879,정상,0.3659,0.0,0.0,0.4879,정상,0,0.4879,정상,0.4879,🟢정상,0.0,0.0,안정,0.4879,0.4777,,,,,,,0,0,0,CP,→안정,1.2242,-0.6867,-1.0625,0.9639,2.2348,0.3048,정상
2016.12,201612,-,-,정상,0.5379,,,,0.0,0.0,안정,0.5379,정상,0.4034,0.0,0.0,0.5379,정상,0,0.5379,정상,0.5379,🟢정상,0.0,0.0,안정,0.5037,0.5379,,,,,,,0,0,0,CP,→안정,0.8301,-0.5861,-0.6893,-0.2755,-0.9094,-3.2731,정상
2017.01,201701,-,-,정상,0.4605,,,,0.0,0.0,안정,0.4605,정상,0.3454,0.0,0.0,0.4605,정상,0,0.4605,정상,0.4605,🟢정상,0.0,0.0,안정,0.4516,0.4605,,,,,,,0,0,0,CP,→안정,-4.1902,2.1285,1.0384,0.1803,0.0659,-0.8683,정상
2017.02,201702,-,-,정상,0.4486,0.251,0.3158,0.2188,0.26404,0.2561599999999999,안정,0.4486,정상,0.4005,0.0,0.0,0.4486,정상,0,0.4514,정상,0.4486,🟢정상,0.0701999999999999,0.0028079999999999,트렌드주의,0.3849,0.4486,0.251,,0.3158,,0.2188,,0,0,0,-,→안정,-3.3485,1.4734,-0.5102,1.7108,1.2979,-0.7831,정상
2017.03,201703,-,-,정상,0.4932,0.148,0.5294,0.2187,0.32884,0.51536,약한트렌드이탈,0.4972,정상,0.4987,0.0,0.0015,0.4987,정상,0,0.509,정상,0.4932,🟢정상,0.3942000000000001,0.015768,트렌드주의,0.4576,0.4932,0.148,,0.5294,,0.2187,,0,0,0,ABCP,📈상승경보,-1.6845,0.3333,-0.2749,-0.4985,-1.4887,-1.2311,정상
2017.04,201704,-,-,정상,0.5748,0.1128,0.2964,0.2883,0.25644,0.2257599999999999,안정,0.5748,정상,0.4875,0.0,0.0,0.5748,정상,0,0.5761,정상,0.5748,🟢정상,0.0322,0.001288,트렌드주의,0.5631,0.5748,0.1128,,0.2964,,0.2883,,0,0,0,-,📉하락안정,-0.1604,-0.1064,1.3896,0.5597,-1.2476,-0.1386,정상
2017.05,201705,-,-,정상,0.6351,0.24578,0.26324,0.2883799999999999,0.269804,0.2792159999999999,안정,0.6351,정상,0.5461,0.0,0.0,0.6351,정상,0,0.643,정상,0.6351,🟢정상,0.0990200000000002,0.0079216,트렌드주의,0.6351,0.583,0.2396,0.2499,0.2735,0.2564,0.3149,0.2707,0,0,0,-,→안정,0.6544,-1.2792,2.1398,1.552,1.2578,-0.2287,정상
2017.06,201706,-,-,정상,0.5176,0.3678,0.1954399999999999,0.3216,0.2803759999999999,0.3215039999999995,약한트렌드이탈,0.5176,정상,0.4686,0.0,0.0,0.5176,정상,0,0.5237,정상,0.5176,🟢정상,0.1518799999999998,0.0060751999999999,트렌드주의,0.4662,0.5176,0.4854,0.2894,0.1271,0.241,0.3399,0.3094,0,0,0,CP,⚠️상승주의,0.7534,-1.739,-1.4027,1.8741,-0.2073,1.1493,정상
2017.07,201707,-,-,정상,0.5418,0.24494,0.29442,0.2919199999999999,0.283524,0.3340959999999999,약한트렌드이탈,0.5418,정상,0.4899,0.0,0.0,0.5418,정상,0,0.5485,정상,0.5418,🟢정상,0.16762,0.0067047999999999,트렌드주의,0.5388,0.5418,0.2561,0.2375,0.3393,0.2645,0.2834,0.2976,0,0,0,-,→안정,-1.4465,0.7192,1.8241,-0.0904,-0.9053,-0.3212,정상
2017.08,201708,-,-,정상,0.5182,0.2010199999999999,0.34276,0.3117999999999999,0.3020279999999999,0.4081119999999996,약한트렌드이탈,0.5182,정상,0.4907,0.0,0.0,0.5182,정상,0,0.5286,정상,0.5182,🟢정상,0.2601399999999998,0.0104055999999999,트렌드주의,0.4727,0.5182,0.1697,0.2219,0.4243,0.2884,0.3076,0.3146,0,0,0,ABCP,→안정,-2.1976,0.0458,0.6965,3.1874,1.1441,-0.2301,정상
2017.09,201709,-,-,정상,0.5157,0.25848,0.4384,0.2052399999999999,0.309152,0.4366079999999999,약한트렌드이탈,0.5157,정상,0.4959,0.0,0.0,0.5157,정상,0,0.5275,정상,0.5157,🟢정상,0.2957600000000002,0.0118304,트렌드주의,0.5157,0.4514,0.2247,0.281,0.5419,0.3694,0.1789,0.2228,0,0,0,ABCP,📈상승경보,-0.7152,-0.5315,0.192,-0.1201,2.7401,-0.7279,정상
2017.1,201710,-,-,정상,0.6178,0.3036,0.33578,0.20776,0.278136,0.3125439999999999,약한트렌드이탈,0.6178,정상,0.5415,0.0,0.0,0.6178,정상,0,0.6291,정상,0.6178,🟢정상,0.1406800000000002,0.0112544,트렌드주의,0.6178,0.5608,0.306,0.302,0.299,0.3603,0.1819,0.225,0,0,0,-,→안정,-0.22,-0.6814,1.8202,0.9912,0.3056,0.2521,정상
2017.11,201711,-,-,정상,0.7146,0.36902,0.1817599999999999,0.2527399999999999,0.247604,0.1904159999999999,안정,0.7146,주의,0.5836,0.0,0.0,0.7146,주의,0,0.7146,주의,0.7146,🟡주의,0.0,0.0,안정,0.7146,0.5884,0.4208,0.3345,0.0974,0.238,0.2516,0.2535,0,0,0,CP,→안정,1.5226,-2.5092,2.9034,1.072,2.0292,1.2613,정상
2017.12,201712,-,-,정상,0.5079,0.46378,0.11778,0.20738,0.22282,0.0912799999999999,안정,0.5079,정상,0.4037,0.0,0.0,0.5079,정상,0,0.5079,정상,0.5079,🟢정상,0.0,0.0,안정,0.5079,0.428,0.529,0.4203,0.0,0.1963,0.2132,0.2035,0,0,0,CP,📈상승경보,1.8393,-2.5378,-1.4939,0.3445,4.5166,0.1555,정상
2018.01,201801,-,-,정상,0.4849,0.3655199999999999,0.0851999999999999,0.18376,0.1806879999999999,0.0,안정,0.4849,정상,0.3637,0.0,0.0,0.4849,정상,0,0.4849,정상,0.4849,🟢정상,0.0,0.0,안정,0.4849,0.4804,0.3366,0.3848,0.0,0.142,0.2053,0.1694,0,0,0,-,→안정,-1.4994,-0.5684,0.3818,0.3666,0.5673,0.0881,정상
2018.02,201802,-,-,정상,0.5827,0.2879199999999999,0.18684,0.25908,0.235952,0.1438079999999999,안정,0.5827,정상,0.473,0.0,0.0,0.5827,정상,0,0.5827,정상,0.5827,🟢정상,0.0,0.0,안정,0.5827,0.54,0.2401,0.3198,0.2025,0.1764,0.2904,0.2382,0,0,0,-,📉하락안정,-1.0171,0.0994,1.8412,1.215,1.0283,-0.8075,정상
2018.03,201803,-,-,정상,0.542,0.28428,0.33498,0.1602,0.254928,0.2197119999999999,안정,0.542,정상,0.4614,0.0,0.0,0.542,정상,0,0.543,정상,0.542,🟢정상,0.0246399999999999,0.0009855999999999,트렌드주의,0.542,0.4705,0.2802,0.287,0.4704,0.2447,0.1752,0.1502,0,0,0,ABCP,⚠️상승주의,-0.3831,-0.3793,0.6517,-1.6203,1.2885,-1.7729,정상
2018.04,201804,-,-,정상,0.5141,0.1780399999999999,0.2309,0.18048,0.20016,0.0006399999999999,안정,0.5141,정상,0.3857,0.0,0.0,0.5141,정상,0,0.5141,정상,0.5141,🟢정상,0.0,0.0,안정,0.5141,0.4992,0.1343,0.2072,0.2465,0.2205,0.1767,0.183,0,0,0,-,📉하락안정,-0.9251,0.712,0.4654,0.8733,0.6065,0.3631,정상
2018.05,201805,-,-,정상,0.6026,0.23664,0.07838,0.21692,0.165448,0.0,안정,0.6026,정상,0.452,0.0,0.0,0.6026,정상,0,0.6026,정상,0.6026,🟢정상,0.0,0.0,안정,0.6026,0.5168,0.2505,0.2274,0.0299,0.1107,0.1988,0.229,0,0,0,-,📉하락안정,-0.054,-2.0263,1.8376,-0.5902,0.3871,2.5327,정상
2018.06,201806,-,-,정상,0.5336,0.35926,0.0600599999999999,0.15648,0.158468,0.0,안정,0.5336,정상,0.4002,0.0,0.0,0.5336,정상,0,0.5336,정상,0.5336,🟢정상,0.0,0.0,안정,0.5336,0.443,0.3898,0.3389,0.0,0.1001,0.1518,0.1596,0,0,0,-,→안정,1.0192,-1.8881,-0.7434,0.1236,3.1668,0.5089,정상
2018.07,201807,-,-,정상,0.5422,0.21482,0.04926,0.13116,0.115132,0.0,안정,0.5422,정상,0.4066,0.0,0.0,0.5422,정상,0,0.5422,정상,0.5422,🟢정상,0.0,0.0,안정,0.5422,0.4747,0.2003,0.2245,0.0,0.0821,0.1182,0.1398,0,0,0,-,📉하락안정,-0.9828,1.1515,1.1813,-0.445,1.3009,1.1553,정상
2018.08,201808,-,-,정상,0.6012,0.1939199999999999,0.03012,0.1515,0.111432,0.0,안정,0.6012,정상,0.4509,0.0,0.0,0.6012,정상,0,0.6012,정상,0.6012,🟢정상,0.0,0.0,안정,0.6012,0.5023,0.1566,0.2188,0.0,0.0502,0.1419,0.1579,0,0,0,-,📉하락안정,-0.2059,0.6814,1.7461,-1.4311,0.3791,1.1326,정상
2018.09,201809,-,-,정상,0.51,0.23336,0.14598,0.11746,0.152048,0.0,안정,0.51,정상,0.3825,0.0,0.0,0.51,정상,0,0.51,정상,0.51,🟢정상,0.0,0.0,안정,0.51,0.4211,0.2141,0.2462,0.216,0.0993,0.112,0.1211,0,0,0,-,📉하락안정,0.0279,0.4154,-0.7899,-2.5173,0.9408,-0.3401,정상
2018.1,201810,-,-,정상,0.5915,0.303,0.08248,0.1161,0.140032,0.0,안정,0.5915,정상,0.4436,0.0,0.0,0.5915,정상,0,0.5915,정상,0.5915,🟢정상,0.0,0.0,안정,0.5915,0.492,0.3087,0.2992,0.0901,0.0774,0.1182,0.1147,0,0,0,-,→안정,1.255,-1.3156,1.0397,-0.7112,1.2644,3.5568,정상
2018.11,201811,-,-,정상,0.6096,0.30016,0.07096,0.13944,0.144192,0.0,안정,0.6096,정상,0.4572,0.0,0.0,0.6096,정상,0,0.6096,정상,0.6096,🟢정상,0.0,0.0,안정,0.6096,0.4656,0.2962,0.3028,0.097,0.0536,0.1413,0.1382,0,0,0,-,📉하락안정,0.8065,-0.7028,1.6869,-2.8884,1.4927,1.9332,정상
2018.12,201812,-,-,정상,0.5393,0.4548999999999999,0.03072,0.1149999999999999,0.149268,0.0,안정,0.5393,정상,0.4045,0.0,0.0,0.5393,정상,0,0.5393,정상,0.5393,🟢정상,0.0,0.0,안정,0.5393,0.4637,0.5464,0.3939,0.0,0.0512,0.1168,0.1138,0,0,0,CP,📈상승경보,1.7026,-1.3964,-0.3869,-2.3312,0.1117,2.583,정상
2019.01,201901,-,-,정상,0.579,0.3189599999999999,0.21522,0.12648,0.200472,0.001888,안정,0.579,정상,0.4347,0.0,0.0,0.579,정상,0,0.579,정상,0.579,🟢정상,0.0,0.0,안정,0.579,0.5002,0.3525,0.2966,0.2622,0.1839,0.1254,0.1272,0,0,0,-,→안정,-0.2615,0.4427,1.7246,-1.1079,1.377,-0.9536,정상
2019.02,201902,-,-,정상,0.625,0.36134,0.42318,0.13904,0.297156,0.3886239999999998,약한트렌드이탈,0.625,정상,0.5659,0.0,0.0,0.625,정상,0,0.6439,정상,0.625,🟢정상,0.2357799999999998,0.0188623999999999,트렌드주의,0.625,0.5174,0.389,0.3429,0.5247,0.3555,0.1355,0.1414,0,0,0,ABCP,📈상승경보,1.9336,-2.0439,1.235,-1.915,1.0048,-0.3975,정상
2019.03,201903,-,-,정상,0.5893,0.50196,0.44718,0.1553999999999999,0.341424,0.565696,약한트렌드이탈,0.5893,정상,0.5834,0.0,0.0,0.5893,정상,0,0.6076,정상,0.5893,🟢정상,0.45712,0.0182848,트렌드주의,0.5893,0.5459,0.504,0.5006,0.4347,0.4555,0.1605,0.152,0,0,0,CP,⚠️상승주의,1.1914,-1.166,0.9044,-0.4688,-0.2295,-0.2738,정상
2019.04,201904,-,-,정상,0.6461,0.43398,0.29116,0.18066,0.275524,0.3020959999999999,약한트렌드이탈,0.6461,정상,0.5601,0.0,0.0,0.6461,정상,0,0.6563,정상,0.6461,🟢정상,0.1276199999999999,0.0102095999999999,트렌드주의,0.6461,0.5531,0.4044,0.4537,0.2338,0.3294,0.1926,0.1727,0,0,0,-,→안정,1.919,-2.2786,2.1804,-1.6797,0.2336,1.1768,정상
2019.05,201905,-,-,정상,0.5915,0.42996,0.19268,0.17418,0.232736,0.1309439999999999,안정,0.5915,정상,0.4764,0.0,0.0,0.5915,정상,0,0.5915,정상,0.5915,🟢정상,0.0,0.0,안정,0.5915,0.5205,0.4482,0.4178,0.1139,0.2452,0.1647,0.1805,0,0,0,CP,⚠️상승주의,1.6151,-1.786,1.1043,-1.224,0.6266,1.4167,정상
2019.06,201906,COVID,demand,전조,0.496,0.28752,0.07962,0.18496,0.163336,0.0,안정,0.496,정상,0.372,0.0,0.0,0.496,정상,0,0.496,정상,0.496,🟢정상,0.0,0.0,안정,0.4851,0.496,0.2385,0.3202,0.0,0.1327,0.1894,0.182,0,0,0,-,📉하락안정,-0.7552,1.3006,0.4762,-0.761,-0.706,1.0944,전조초기
2019.07,201907,COVID,demand,전조,0.5778,0.23932,0.0513599999999999,0.2006399999999999,0.148664,0.0,안정,0.5778,정상,0.4334,0.0,0.0,0.5778,정상,0,0.5778,정상,0.5778,🟢정상,0.0,0.0,안정,0.5778,0.512,0.265,0.2222,0.0,0.0856,0.2142,0.1916,0,0,0,-,📉하락안정,1.3402,-0.969,1.6219,-1.6737,0.6195,2.4015,전조초기
2019.08,201908,COVID,demand,전조,0.5778,0.29902,0.0288599999999999,0.23756,0.166372,0.0,안정,0.5778,정상,0.4334,0.0,0.0,0.5778,정상,0,0.5778,정상,0.5778,🟢정상,0.0,0.0,안정,0.5778,0.5367,0.3529,0.2631,0.0,0.0481,0.2645,0.2196,0,0,0,-,→안정,1.1018,-0.7141,1.7393,-1.4223,-0.476,2.3213,전조중기
2019.09,201909,COVID,demand,전조,0.5584,0.3327799999999999,0.0,0.2075,0.149556,0.0,안정,0.5584,정상,0.4188,0.0,0.0,0.5584,정상,0,0.5584,정상,0.5584,🟢정상,0.0,0.0,안정,0.5584,0.546,0.3701,0.3079,0.0,0.0,0.2123,0.2043,0,0,0,-,→안정,1.9881,-1.4038,0.9189,-0.9543,-0.5666,1.8445,전조중기
2019.1,201910,COVID,demand,전조,0.5651,0.393,0.0,0.1977,0.15768,0.0,안정,0.5651,정상,0.4238,0.0,0.0,0.5651,정상,0,0.5651,정상,0.5651,🟢정상,0.0,0.0,안정,0.5651,0.5147,0.399,0.389,0.0,0.0,0.1728,0.2143,0,0,0,-,→안정,2.1749,-1.5594,1.1627,-1.672,0.7881,2.1693,전조중기
2019.11,201911,COVID,demand,전조,0.5917,0.3514,0.0,0.26022,0.174368,0.0,안정,0.5917,정상,0.4438,0.0,0.0,0.5917,정상,0,0.5917,정상,0.5917,🟢정상,0.0,0.0,안정,0.5917,0.5561,0.2752,0.4022,0.0,0.0,0.2475,0.2687,0,0,0,-,📉하락안정,1.223,-0.4871,2.4041,-1.1924,-0.6946,3.8473,전조후기
2019.12,201912,COVID,demand,전조,0.5743,0.34788,0.0,0.23802,0.164784,0.0,안정,0.5743,정상,0.4307,0.0,0.0,0.5743,정상,0,0.5743,정상,0.5743,🟢정상,0.0,0.0,안정,0.5743,0.567,0.3204,0.3662,0.0,0.0,0.2415,0.2357,0,0,0,-,→안정,2.0252,-1.3462,1.3234,-0.9253,-0.6044,1.0099,전조후기
2020.01,202001,COVID,demand,위기,0.5331,0.1995799999999999,0.0,0.1811999999999999,0.112396,0.0,안정,0.5331,정상,0.3998,0.0,0.0,0.5331,정상,0,0.5331,정상,0.5331,🟢정상,0.0,0.0,안정,0.5331,0.5229,0.173,0.2173,0.0,0.0,0.1536,0.1996,0,0,0,-,📉하락안정,0.1768,0.3525,1.6261,-0.7064,0.8929,-0.0413,위기
2020.02,202002,COVID,demand,위기,0.5771,0.2087999999999999,0.0,0.2399,0.13772,0.0,안정,0.5771,정상,0.4328,0.0,0.0,0.5771,정상,0,0.5771,정상,0.5771,🟢정상,0.0,0.0,안정,0.5771,0.551,0.2169,0.2034,0.0,0.0,0.2306,0.2461,0,0,0,-,📉하락안정,0.534,-0.2973,2.0671,-1.3605,-0.5131,0.6909,위기
2020.03,202003,COVID,demand,위기,0.6069,0.37238,0.14746,0.18104,0.205876,0.0235039999999999,안정,0.6069,정상,0.4611,0.0,0.0,0.6069,정상,0,0.6069,정상,0.6069,🟢정상,0.0,0.0,안정,0.6069,0.6023,0.4241,0.3379,0.1759,0.1285,0.1652,0.1916,0,0,0,CP,→안정,3.2933,-2.7778,1.2911,-0.0036,0.0845,-0.3567,위기
2020.04,202004,-,-,정상,0.5877,0.4787,0.3454,0.21142,0.3184680000000001,0.4738720000000003,약한트렌드이탈,0.5877,정상,0.5592,0.0,0.0,0.5877,정상,0,0.6014,정상,0.5877,🟢정상,0.3423400000000004,0.0136936,트렌드주의,0.5662,0.5877,0.5348,0.4413,0.4534,0.2734,0.2434,0.1901,0,0,0,CP,📈상승경보,1.7085,-0.9743,0.4641,0.2481,-1.4885,-1.3981,정상
2020.05,202005,-,-,정상,0.6655,0.36794,0.24572,0.31462,0.297724,0.3908959999999999,약한트렌드이탈,0.6655,주의,0.5968,0.0,0.0,0.6655,주의,0,0.6846,주의,0.6655,🟡주의,0.2386199999999999,0.0190895999999999,트렌드주의,0.6655,0.5957,0.3248,0.3967,0.3095,0.2032,0.3193,0.3115,0,0,0,-,→안정,0.3631,0.1059,2.6101,-0.8748,-1.6442,0.0081,정상
2020.06,202006,-,-,정상,0.5944,0.42288,0.1588399999999999,0.35008,0.288144,0.352576,약한트렌드이탈,0.5944,정상,0.5339,0.0,0.0,0.5944,정상,0,0.602,정상,0.5944,🟢정상,0.19072,0.0076288,트렌드주의,0.5944,0.5661,0.4266,0.4204,0.1268,0.1802,0.3595,0.3438,0,0,0,CP,→안정,-0.5217,-0.53,1.4515,0.378,-1.2308,-0.1582,정상
2020.07,202007,-,-,정상,0.6182,0.36514,0.09666,0.3727999999999999,0.260812,0.2432479999999999,안정,0.6182,정상,0.5245,0.0,0.0,0.6182,정상,0,0.6225,정상,0.6182,🟢정상,0.0540600000000002,0.0043248,트렌드주의,0.6182,0.5936,0.3346,0.3855,0.0,0.1611,0.3404,0.3944,0,0,0,-,→안정,0.3242,-0.52,1.9657,0.3105,-1.5172,0.582,정상
2020.08,202008,-,-,정상,0.6382,0.26034,0.06048,0.36614,0.222716,0.0908639999999999,안정,0.6382,정상,0.5014,0.0,0.0,0.6382,정상,0,0.6382,정상,0.6382,🟢정상,0.0,0.0,안정,0.6382,0.5472,0.2523,0.2657,0.0,0.1008,0.3218,0.3957,0,0,0,-,→안정,-0.779,0.4542,2.7036,-1.0863,-0.9232,1.9603,정상
2020.09,202009,-,-,정상,0.4833,0.22702,0.02412,0.27536,0.165196,0.0,안정,0.4833,정상,0.3625,0.0,0.0,0.4833,정상,0,0.4833,정상,0.4833,🟢정상,0.0,0.0,안정,0.4615,0.4833,0.232,0.2237,0.0,0.0402,0.2669,0.281,0,0,0,-,📉하락안정,-1.5438,1.1164,0.1685,0.2605,-0.6681,2.0872,정상
2020.1,202010,-,-,정상,0.5937,0.25302,0.0,0.19178,0.127316,0.0,안정,0.5937,정상,0.4453,0.0,0.0,0.5937,정상,0,0.5937,정상,0.5937,🟢정상,0.0,0.0,안정,0.5937,0.5423,0.2607,0.2479,0.0,0.0,0.209,0.1803,0,0,0,-,📉하락안정,1.4758,-1.6523,1.4709,-0.7173,-0.1863,2.5068,정상
2020.11,202011,-,-,정상,0.6539,0.38436,0.0,0.21788,0.164024,0.0,안정,0.6539,정상,0.4904,0.0,0.0,0.6539,정상,0,0.6539,정상,0.6539,🟢정상,0.0,0.0,안정,0.6539,0.5738,0.4776,0.3222,0.0,0.0,0.221,0.2158,0,0,0,CP,⚠️상승주의,0.7999,-0.9127,2.8178,-0.2144,-0.1269,2.3164,정상
2020.12,202012,-,-,정상,0.5304,0.50148,0.0,0.1407,0.156576,0.0,안정,0.5304,정상,0.3978,0.0,0.0,0.5304,정상,0,0.5304,정상,0.5304,🟢정상,0.0,0.0,안정,0.5114,0.5304,0.5433,0.4736,0.0,0.0,0.1071,0.1631,0,0,0,CP,📈상승경보,2.4993,-2.0811,-0.8727,0.0132,-0.0711,0.4251,정상
2021.01,202101,-,-,정상,0.5241,0.4212,0.0,0.12086,0.132584,0.0,안정,0.5241,정상,0.3931,0.0,0.0,0.5241,정상,0,0.5241,정상,0.5241,🟢정상,0.0,0.0,안정,0.5241,0.5017,0.4053,0.4318,0.0,0.0,0.0974,0.1365,0,0,0,-,→안정,0.5669,-0.6512,0.5561,-0.6716,0.4986,0.2313,정상
2021.02,202102,-,-,정상,0.5191,0.3673599999999999,0.0,0.19032,0.1496,0.0,안정,0.5191,정상,0.3893,0.0,0.0,0.5191,정상,0,0.5191,정상,0.5191,🟢정상,0.0,0.0,안정,0.5133,0.5191,0.2839,0.423,0.0,0.0,0.2022,0.1824,0,0,0,-,📉하락안정,-0.0248,-0.2714,0.4684,2.3135,1.458,0.9186,정상
2021.03,202103,-,-,정상,0.5366,0.25164,0.0,0.2183,0.137648,0.0,안정,0.5366,정상,0.4024,0.0,0.0,0.5366,정상,0,0.5366,정상,0.5366,🟢정상,0.0,0.0,안정,0.529,0.5366,0.24,0.2594,0.0,0.0,0.2855,0.1735,0,0,0,-,📉하락안정,-0.7852,0.9871,1.1205,1.3336,0.3321,0.0077,정상
2021.04,202104,-,-,정상,0.5564,0.29466,0.0,0.2508,0.159252,0.0,안정,0.5564,정상,0.4173,0.0,0.0,0.5564,정상,0,0.5564,정상,0.5564,🟢정상,0.0,0.0,안정,0.5401,0.5564,0.2922,0.2963,0.0,0.0,0.2634,0.2424,0,0,0,-,📉하락안정,1.6327,-1.6838,0.3021,1.4335,0.5813,0.5234,정상
2021.05,202105,-,-,정상,0.6107,0.34278,0.0,0.2285999999999999,0.1599959999999999,0.0,안정,0.6107,정상,0.458,0.0,0.0,0.6107,정상,0,0.6107,정상,0.6107,🟢정상,0.0,0.0,안정,0.6107,0.5528,0.3783,0.3191,0.0,0.0,0.1998,0.2478,0,0,0,-,→안정,1.9054,-1.5841,1.3712,-0.3725,0.3281,0.5213,정상
2021.06,202106,-,-,정상,0.4732,0.16006,0.0,0.18758,0.107044,0.0,안정,0.4732,정상,0.3549,0.0,0.0,0.4732,정상,0,0.4732,정상,0.4732,🟢정상,0.0,0.0,안정,0.4732,0.4525,0.0835,0.2111,0.0,0.0,0.179,0.1933,0,0,0,-,📉하락안정,-1.008,2.2874,0.307,-0.2586,1.7844,-0.16,정상
2021.07,202107,-,-,정상,0.5183,0.09434,0.0,0.19648,0.0974599999999999,0.0,안정,0.5183,정상,0.3887,0.0,0.0,0.5183,정상,0,0.5183,정상,0.5183,🟢정상,0.0,0.0,안정,0.4725,0.5183,0.0464,0.1263,0.0,0.0,0.2014,0.1932,0,0,0,-,📉하락안정,-0.8504,2.2959,0.2207,1.2327,-0.3175,0.3359,정상
2021.08,202108,-,-,정상,0.5817,0.20004,0.0,0.21632,0.126536,0.0,안정,0.5817,정상,0.4363,0.0,0.0,0.5817,정상,0,0.5817,정상,0.5817,🟢정상,0.0,0.0,안정,0.5817,0.5077,0.2172,0.1886,0.0,0.0,0.2516,0.1928,0,0,0,-,📉하락안정,0.5736,-0.4875,1.3618,-0.5036,0.9556,1.6492,정상
2021.09,202109,-,-,정상,0.513,0.27892,0.0,0.16812,0.123032,0.0,안정,0.513,정상,0.3848,0.0,0.0,0.513,정상,0,0.513,정상,0.513,🟢정상,0.0,0.0,안정,0.513,0.4822,0.3823,0.21,0.0,0.0,0.1584,0.1746,0,0,0,-,→안정,0.9588,-1.3356,-0.1465,-0.4596,1.2626,0.0313,정상
2021.1,202110,-,-,정상,0.5766,0.25314,0.0,0.19518,0.1287,0.0,안정,0.5766,정상,0.4324,0.0,0.0,0.5766,정상,0,0.5766,정상,0.5766,🟢정상,0.0,0.0,안정,0.5766,0.5313,0.2892,0.2291,0.0,0.0,0.1857,0.2015,0,0,0,-,📉하락안정,0.247,0.3221,1.9288,0.5178,0.7586,2.8925,정상
2021.11,202111,-,-,정상,0.6869,0.1759399999999999,0.0,0.31392,0.160756,0.0,안정,0.6869,주의,0.5152,0.0,0.0,0.6869,주의,0,0.6869,주의,0.6869,🟡주의,0.0,0.0,안정,0.6869,0.6401,0.1244,0.2103,0.0,0.0,0.3081,0.3178,0,0,0,-,→안정,-0.1018,1.1607,4.0863,1.773,-0.0658,0.7016,정상
2021.12,202112,-,-,정상,0.5082,0.10304,0.0,0.25524,0.122704,0.0,안정,0.5082,정상,0.3812,0.0,0.0,0.5082,정상,0,0.5082,정상,0.5082,🟢정상,0.0,0.0,안정,0.5082,0.4937,0.0407,0.1446,0.0,0.0,0.2202,0.2786,0,0,0,-,📉하락안정,-1.2894,1.737,1.2688,-1.1016,-0.1222,1.2427,정상
2022.01,202201,LEGO,demand,전조,0.5396,0.09876,0.14518,0.1934799999999999,0.155216,0.0,안정,0.5396,정상,0.4047,0.0,0.0,0.5396,정상,0,0.5396,정상,0.5396,🟢정상,0.0,0.0,안정,0.5396,0.4794,0.0657,0.1208,0.2134,0.0997,0.1399,0.2292,0,0,0,-,📉하락안정,-0.84,1.6383,1.422,-0.3818,2.3195,-0.3001,전조초기
2022.02,202202,LEGO,demand,전조,0.706,0.11184,0.33928,0.24108,0.254512,0.218048,안정,0.706,주의,0.584,0.0,0.0,0.706,주의,0,0.7078,주의,0.706,🟡주의,0.0225600000000003,0.0018048,트렌드주의,0.706,0.6093,0.1272,0.1016,0.5182,0.22,0.2292,0.249,0,0,0,ABCP,⚠️상승주의,-1.4056,2.5043,5.06,-0.1511,0.4455,-0.8633,전조초기
2022.03,202203,LEGO,demand,전조,0.6789,0.1332,0.5305,0.2132,0.32412,0.49648,약한트렌드이탈,0.6789,주의,0.6333,0.0,0.0,0.6789,주의,0,0.7085,주의,0.6789,🟡주의,0.3706000000000001,0.029648,트렌드주의,0.6789,0.582,0.1506,0.1216,0.6955,0.4205,0.1862,0.2312,0,0,0,ABCP,📈상승경보,-1.0377,2.163,4.1722,-1.0444,0.8864,-1.8241,전조중기
2022.04,202204,LEGO,demand,전조,0.7352,0.0867999999999999,0.28452,0.183,0.204368,0.0174719999999999,안정,0.7352,경고,0.5558,0.0,0.0,0.7352,경고,0,0.7352,경고,0.7352,🔴경고,0.0,0.0,안정,0.7352,0.6218,0.0907,0.0842,0.2283,0.322,0.1197,0.2252,0,0,0,-,📉하락안정,-0.066,0.6384,4.8269,0.1893,1.0401,0.3229,전조중기
2022.05,202205,LEGO,demand,전조,0.7599,0.15814,0.2068,0.2728399999999999,0.223484,0.0939359999999999,안정,0.7599,경고,0.5934,0.0,0.0,0.7599,경고,0,0.7599,경고,0.7599,🔴경고,0.0,0.0,안정,0.7599,0.6515,0.181,0.1429,0.0907,0.2842,0.263,0.2794,0,0,0,-,📉하락안정,0.2705,-0.1609,7.6146,-0.3819,-0.7234,-0.0386,전조중기
2022.06,202206,LEGO,demand,전조,0.7805,0.2339399999999999,0.29598,0.2608,0.2695,0.278,안정,0.7805,경고,0.6549,0.0,0.0,0.7805,경고,0,0.7883,경고,0.7805,🔴경고,0.0975,0.0078,트렌드주의,0.7805,0.6753,0.2721,0.2085,0.2349,0.3367,0.2401,0.2746,0,0,0,-,📉하락안정,0.5597,-0.1227,5.6033,0.2369,-0.0501,-1.3047,전조후기
2022.07,202207,LEGO,demand,전조,0.7415,0.2311,0.13696,0.24638,0.199556,0.0,안정,0.7415,경고,0.5561,0.0,0.0,0.7415,경고,0,0.7415,경고,0.7415,🔴경고,0.0,0.0,안정,0.7415,0.6447,0.2617,0.2107,0.0958,0.1644,0.2405,0.2503,0,0,0,-,📉하락안정,-0.4824,1.6706,6.2745,0.9303,-0.121,1.7097,전조후기
2022.08,202208,LEGO,demand,위기,0.7473,0.21684,0.23242,0.36072,0.280624,0.3224959999999999,약한트렌드이탈,0.7473,경고,0.6411,0.0,0.0,0.7473,경고,0,0.7595,경고,0.7473,🔴경고,0.1531199999999999,0.0122495999999999,트렌드주의,0.7473,0.6754,0.2094,0.2218,0.2845,0.1977,0.3816,0.3468,0,0,0,-,→안정,-0.5954,1.4323,7.6572,1.4284,-0.7475,-0.7335,위기
2022.09,202209,LEGO,demand,위기,0.7571,0.28244,0.16038,0.27246,0.229624,0.1184959999999999,안정,0.7571,경고,0.5974,0.0,0.0,0.7571,경고,0,0.7571,경고,0.7571,🔴경고,0.0,0.0,안정,0.7571,0.636,0.3038,0.2682,0.1878,0.1421,0.2568,0.2829,0,0,0,-,→안정,-0.3554,1.1256,4.5397,0.1682,-0.1461,1.2304,위기
2022.1,202210,LEGO,demand,위기,0.7499,0.39148,0.2912,0.2408199999999999,0.291104,0.3644159999999998,약한트렌드이탈,0.7499,경고,0.6535,0.0,0.0,0.7499,경고,0,0.7663,경고,0.7499,🔴경고,0.2055200000000001,0.0164416,트렌드주의,0.7487,0.6691,0.4018,0.3846,0.3569,0.2474,0.226,0.2507,0,0,0,-,→안정,0.9642,-0.4852,3.6724,1.6516,0.0474,-0.9982,위기
2022.11,202211,SMG,supply,전조,0.7919,0.3842,0.47636,0.28594,0.38176,0.7270399999999999,트렌드주의,0.7919,경고,0.7757,0.02,0.02,0.8119,위험,0,0.8446,위험,0.7919,🔴경고,0.6588000000000002,0.052704,강한트렌드이탈,0.8114,0.7158,0.3581,0.4016,0.5681,0.4152,0.3043,0.2737,0,0,0,ABCP,📈상승경보,1.4477,-1.2324,4.9657,0.3368,-1.5459,-1.6455,전조초기
2022.12,202212,SMG,supply,전조,0.7358,0.4579399999999999,0.4987199999999999,0.34036,0.42722,0.90888,강한트렌드경보,0.767,경고,0.7791,0.02,0.0321,0.7991,경고,0,0.8067,위험,0.7358,🔴경고,0.8861000000000002,0.070888,강한트렌드이탈,0.7137,0.7117,0.4793,0.4437,0.4797,0.5114,0.3871,0.3092,0,0,0,ABCP,⚠️상승주의,1.9155,-1.7773,2.5896,2.0293,-2.7532,-0.8387,전조중기
2023.01,202301,SMG,supply,전조,0.7595,0.4390799999999999,0.47706,0.4197,0.44652,0.9860799999999998,강한트렌드경보,0.8003,위험,0.8161,0.02,0.0358,0.8361,위험,0,0.8381,위험,0.7595,🔴경고,0.9826,0.078608,강한트렌드이탈,0.7581,0.7483,0.4632,0.423,0.4125,0.5201,0.4545,0.3965,0,0,0,CP,⚠️상승주의,0.8387,-0.5503,4.0642,4.6925,-1.0635,-0.9843,전조중기
2023.02,202302,SMG,supply,전조,0.7248,0.35614,0.57002,0.30518,0.421308,0.885232,강한트렌드경보,0.7537,경고,0.7649,0.02,0.0312,0.7849,경고,0,0.7933,경고,0.7248,🔴경고,0.8565400000000001,0.0685232,강한트렌드이탈,0.7248,0.6187,0.3811,0.3395,0.5675,0.5717,0.2441,0.3459,0,1,0,ABCP,📈상승경보,-0.3928,0.8621,3.6292,0.1593,-0.3591,-1.3467,전조중기
2023.03,202303,SMG,supply,전조,0.7421,0.3236799999999999,0.5799799999999999,0.39204,0.453544,1.0,강한트렌드경보,0.7885,경고,0.8066,0.02,0.0381,0.8266,위험,0,0.8221,위험,0.7421,🔴경고,1.0,0.08,강한트렌드이탈,0.7421,0.7405,0.3106,0.3324,0.6149,0.5567,0.3561,0.416,0,1,0,ABCP,📈상승경보,0.0121,0.7902,3.7516,3.6605,-2.5659,-1.8553,전조후기
2023.04,202304,SMG,supply,전조,0.6747,0.30418,0.40862,0.39698,0.383076,0.7323040000000001,트렌드주의,0.6851,주의,0.6891,0.02,0.024,0.7091,주의,0,0.7279,경고,0.6747,🟡주의,0.6653800000000001,0.0532304,강한트렌드이탈,0.6747,0.6384,0.1993,0.3741,0.3578,0.4425,0.4235,0.3793,0,0,0,AB,→안정,0.5002,0.1013,2.1322,1.0888,-2.0216,-0.2473,전조후기
2023.05,202305,SMG,supply,위기,0.7649,0.36354,0.39008,0.3144,0.3545,0.6179999999999999,트렌드주의,0.7649,경고,0.7282,0.0,0.0,0.7649,경고,0,0.8067,위험,0.7649,🔴경고,0.5225000000000002,0.0418,강한트렌드이탈,0.7932,0.6622,0.3171,0.3945,0.3176,0.4384,0.309,0.318,0,0,0,-,→안정,-0.0438,0.92,4.2604,0.3157,-1.6099,-0.408,위기
2023.06,202306,SMG,supply,위기,0.7245,0.3458799999999999,0.5404,0.48712,0.480184,1.0,강한트렌드경보,0.7741,경고,0.7934,0.02,0.0393,0.8134,위험,0,0.8045,위험,0.7245,🔴경고,1.0,0.08,강한트렌드이탈,0.6848,0.7198,0.3238,0.3606,0.6505,0.467,0.5521,0.4438,0,0,0,ABCP,📈상승경보,0.8168,-0.2917,2.2547,3.6097,-2.875,-1.4547,위기
2023.07,202307,SMG,supply,위기,0.6286,0.2571,0.42818,0.47758,0.413724,0.8548959999999999,강한트렌드경보,0.6693,주의,0.6852,0.02,0.0359,0.7052,주의,1,0.6941,주의,0.6286,🟢정상,0.8186199999999999,0.0654896,강한트렌드이탈,0.6286,0.6149,0.2505,0.2615,0.4772,0.3955,0.4714,0.4817,0,0,0,ABCP,⚠️상승주의,0.3215,-0.0385,1.434,1.0985,-1.8477,-0.2247,위기
2023.08,202308,TY,supply,전조,0.7264,0.39782,0.47866,0.3876199999999999,0.426076,0.904304,강한트렌드경보,0.7584,경고,0.7709,0.02,0.0325,0.7909,경고,0,0.7968,경고,0.7264,🔴경고,0.88038,0.0704304,강한트렌드이탈,0.7264,0.6776,0.4763,0.3455,0.4849,0.4745,0.3827,0.3909,0,0,0,ABCP,⚠️상승주의,0.5774,-0.297,2.9834,1.3696,-2.2965,-1.3387,전조후기
2023.09,202309,TY,supply,전조,0.7018,0.4951,0.60882,0.57532,0.5726760000000001,1.0,강한트렌드경보,0.7555,경고,0.7764,0.02,0.0409,0.7964,경고,0,0.7818,경고,0.7018,🟡주의,1.0,0.08,강한트렌드이탈,0.6402,0.7018,0.5725,0.4435,0.6237,0.5989,0.5683,0.58,0,1,1,ABCP,📈상승경보,0.9287,-0.8254,0.7176,4.9436,-2.7003,-1.1802,전조후기
2023.1,202310,TY,supply,위기,0.7491,0.4755,0.28186,0.45946,0.391628,0.7665119999999999,트렌드주의,0.7522,경고,0.7535,0.02,0.0213,0.7735,경고,0,0.8058,위험,0.7491,🔴경고,0.7081400000000001,0.0566512,강한트렌드이탈,0.7491,0.6854,0.5349,0.4359,0.1741,0.3537,0.4138,0.4899,0,0,0,CP,📈상승경보,1.57,-1.3315,3.1804,1.2058,-2.2282,0.5614,위기
2023.11,202311,TY,supply,위기,0.7572,0.4855199999999999,0.3324,0.37664,0.38072,0.72288,트렌드주의,0.7572,경고,0.7486,0.02,0.02,0.7772,경고,0,0.8095,위험,0.7572,🔴경고,0.6536000000000003,0.052288,강한트렌드이탈,0.7572,0.7081,0.4458,0.512,0.3135,0.345,0.3593,0.3882,0,0,0,CP,⚠️상승주의,1.6034,-1.256,3.5063,1.7138,-2.0227,-0.9452,위기
2023.12,202312,TY,supply,위기,0.6909,0.54128,0.45418,0.48688,0.48468,1.0,강한트렌드경보,0.7465,경고,0.7682,0.02,0.0417,0.7882,경고,0,0.7709,경고,0.6909,🟡주의,1.0,0.08,강한트렌드이탈,0.6471,0.6909,0.5363,0.5446,0.4759,0.4397,0.4597,0.505,1,0,0,CP,📈상승경보,1.19,-0.8669,0.8085,4.0843,-2.5203,-1.1313,위기
2024.01,202401,-,-,정상,0.6337,0.39438,0.26824,0.41924,0.353868,0.615472,트렌드주의,0.6337,정상,0.6291,0.0,0.0,0.6337,정상,1,0.6752,주의,0.6337,🟢정상,0.51934,0.0415472,강한트렌드이탈,0.6337,0.6189,0.3654,0.4137,0.2578,0.2752,0.4352,0.4086,0,0,0,AB,→안정,0.3977,0.265,1.5543,1.02,-2.1468,-0.045,정상
2024.02,202402,-,-,정상,0.6491,0.2588,0.38088,0.33564,0.338368,0.553472,약한트렌드이탈,0.6491,정상,0.6252,0.0,0.0,0.6491,정상,0,0.6844,주의,0.6491,🟢정상,0.44184,0.0353472,트렌드주의,0.6491,0.6254,0.2093,0.2918,0.3774,0.3832,0.3534,0.3238,0,0,0,-,→안정,-0.3459,1.1851,2.1298,1.9885,-1.0677,-1.6296,정상
2024.03,202403,-,-,정상,0.6297,0.2766,0.55718,0.45082,0.45852,1.0,강한트렌드경보,0.6964,주의,0.7223,0.02,0.0459,0.7423,경고,1,0.7097,주의,0.6297,🟢정상,1.0,0.08,강한트렌드이탈,0.5788,0.6297,0.2388,0.3018,0.5474,0.5637,0.487,0.4267,0,1,0,ABCP,📈상승경보,-0.7267,1.6344,0.7262,3.2337,-2.0337,-2.5981,정상
2024.04,202404,-,-,정상,0.6055,0.22376,0.30154,0.36954,0.313184,0.452736,약한트렌드이탈,0.6055,정상,0.5673,0.0,0.0,0.6055,정상,0,0.6308,정상,0.6055,🟢정상,0.3159200000000001,0.0252736,트렌드주의,0.6055,0.5623,0.1553,0.2694,0.2107,0.3621,0.3957,0.3521,0,0,0,-,→안정,0.0218,0.655,0.9728,-0.2405,-1.7699,-0.1515,정상
2024.05,202405,-,-,정상,0.5938,0.1653799999999999,0.28894,0.28512,0.2627,0.2507999999999999,안정,0.5938,정상,0.508,0.0,0.0,0.5938,정상,0,0.5963,정상,0.5938,🟢정상,0.0634999999999999,0.0025399999999999,트렌드주의,0.5938,0.5383,0.143,0.1803,0.2035,0.3459,0.3087,0.2694,0,0,0,-,→안정,-0.4505,1.1634,1.0683,-0.6802,-0.9886,-1.0491,정상
2024.06,202406,-,-,정상,0.5953,0.19102,0.3936199999999999,0.35498,0.337644,0.550576,약한트렌드이탈,0.5953,정상,0.5841,0.0,0.0,0.5953,정상,0,0.6128,정상,0.5953,🟢정상,0.4382200000000003,0.0175288,트렌드주의,0.5953,0.5742,0.1768,0.2005,0.4346,0.3663,0.3728,0.3431,0,0,0,ABCP,→안정,-0.809,1.4128,1.178,0.9332,-1.2324,-1.3414,정상
2024.07,202407,-,-,정상,0.3937,0.08222,0.11046,0.22408,0.15026,0.0,안정,0.3937,정상,0.2953,0.0,0.0,0.3937,정상,0,0.3937,정상,0.3937,🟢정상,0.0,0.0,안정,0.3652,0.3937,0.1118,0.0625,0.1392,0.0913,0.2209,0.2262,0,0,0,-,📉하락안정,0.0573,-1.001,-1.9634,-1.1833,1.7555,1.3051,정상
2024.08,202408,-,-,정상,0.4903,0.2080199999999999,0.09178,0.2417,0.1749959999999999,0.0,안정,0.4903,정상,0.3677,0.0,0.0,0.4903,정상,0,0.4903,정상,0.4903,🟢정상,0.0,0.0,안정,0.4712,0.4903,0.3051,0.1433,0.1078,0.0811,0.2633,0.2273,0,0,0,-,→안정,1.1318,-1.3379,-0.8237,-1.0303,-0.3395,0.1174,정상
2024.09,202409,-,-,정상,0.522,0.10654,0.05166,0.23046,0.134156,0.0,안정,0.522,정상,0.3915,0.0,0.0,0.522,정상,0,0.522,정상,0.522,🟢정상,0.0,0.0,안정,0.5179,0.522,0.0784,0.1253,0.0,0.0861,0.2142,0.2413,0,0,0,-,📉하락안정,-1.1616,1.7731,1.5431,0.2107,-0.0245,1.2496,정상
2024.1,202410,-,-,정상,0.5045,0.20858,0.03156,0.2050799999999999,0.136372,0.0,안정,0.5045,정상,0.3784,0.0,0.0,0.5045,정상,0,0.5045,정상,0.5045,🟢정상,0.0,0.0,안정,0.4917,0.5045,0.2171,0.2029,0.0,0.0526,0.2037,0.206,0,0,0,-,📉하락안정,1.2209,-1.0076,0.0158,-0.6892,-0.457,1.7391,정상
2024.11,202411,-,-,정상,0.6737,0.34606,0.17802,0.23154,0.233036,0.1321439999999999,안정,0.6737,주의,0.5383,0.0,0.0,0.6737,주의,0,0.6737,주의,0.6737,🟡주의,0.0,0.0,안정,0.6737,0.6178,0.4195,0.2971,0.2454,0.1331,0.2364,0.2283,0,0,0,-,→안정,2.3009,-2.2171,3.0338,-0.8425,-0.4596,-0.6326,정상
2024.12,202412,-,-,정상,0.6233,0.23326,0.1606199999999999,0.23936,0.206644,0.0265759999999999,안정,0.6233,정상,0.4741,0.0,0.0,0.6233,정상,0,0.6233,정상,0.6233,🟢정상,0.0,0.0,안정,0.6233,0.558,0.2242,0.2393,0.2382,0.1089,0.2198,0.2524,0,0,0,-,📉하락안정,-0.1289,0.9014,2.2545,0.2051,0.7965,-0.0467,정상
2025.01,202501,-,-,정상,0.6117,0.23262,0.0858,0.28006,0.192868,0.0,안정,0.6117,정상,0.4588,0.0,0.0,0.6117,정상,0,0.6117,정상,0.6117,🟢정상,0.0,0.0,안정,0.6117,0.5852,0.1971,0.2563,0.0894,0.0834,0.2701,0.2867,0,0,0,-,📉하락안정,0.4011,-0.6282,2.5211,-0.7359,-1.8316,1.3658,정상
2025.02,202502,-,-,정상,0.6571,0.24442,0.1995,0.28468,0.242556,0.1702239999999999,안정,0.6571,정상,0.5354,0.0,0.0,0.6571,정상,0,0.6571,정상,0.6571,🟢정상,0.0,0.0,안정,0.6571,0.585,0.2335,0.2517,0.1737,0.2167,0.292,0.2798,0,0,0,-,📉하락안정,0.4967,-0.0552,3.0491,-0.7986,-0.3869,-0.2279,정상
2025.03,202503,-,-,정상,0.6987,0.30532,0.40034,0.30574,0.343496,0.573984,약한트렌드이탈,0.6987,주의,0.6675,0.0,0.0,0.6987,주의,0,0.7361,경고,0.6987,🟡주의,0.4674800000000001,0.0373984,트렌드주의,0.6987,0.6485,0.3673,0.264,0.4907,0.3401,0.2827,0.3211,0,0,0,ABCP,⚠️상승주의,0.9924,-0.271,3.3391,0.9627,-0.7759,-0.7466,정상
2025.04,202504,-,-,정상,0.538,0.11506,0.20876,0.32074,0.234812,0.1392479999999999,안정,0.538,정상,0.4383,0.0,0.0,0.538,정상,0,0.538,정상,0.538,🟢정상,0.0,0.0,안정,0.528,0.538,0.1024,0.1235,0.2249,0.198,0.3259,0.3173,0,0,0,-,→안정,-1.9878,3.1493,2.3534,-0.4173,-1.6397,1.2397,정상
2025.05,202505,-,-,정상,0.5955,0.12678,0.12692,0.23152,0.168732,0.0,안정,0.5955,정상,0.4466,0.0,0.0,0.5955,정상,0,0.5955,정상,0.5955,🟢정상,0.0,0.0,안정,0.5955,0.5292,0.1212,0.1305,0.1046,0.1418,0.1909,0.2586,0,0,0,-,📉하락안정,-0.2509,1.3387,2.558,-1.3224,0.155,0.9463,정상
2025.06,202506,-,-,정상,0.5958,0.07338,0.0958799999999999,0.22402,0.142636,0.0,안정,0.5958,정상,0.4468,0.0,0.0,0.5958,정상,0,0.5958,정상,0.5958,🟢정상,0.0,0.0,안정,0.5958,0.5744,0.0,0.1223,0.0,0.1598,0.2131,0.2313,0,0,0,-,📉하락안정,0.0766,0.8241,2.3722,-1.532,-1.8023,0.4886,정상
2025.07,202507,-,-,정상,0.5394,0.04866,0.05412,0.24158,0.128012,0.0,안정,0.5394,정상,0.4045,0.0,0.0,0.5394,정상,0,0.5394,정상,0.5394,🟢정상,0.0,0.0,안정,0.5188,0.5394,0.0,0.0811,0.0,0.0902,0.2294,0.2497,0,0,0,-,📉하락안정,-0.9139,1.4199,1.651,-0.597,-1.6485,1.6548,정상
2025.08,202508,-,-,정상,0.5852,0.0880199999999999,0.1757,0.21086,0.172228,0.0,안정,0.5852,정상,0.4389,0.0,0.0,0.5852,정상,0,0.5852,정상,0.5852,🟢정상,0.0,0.0,안정,0.5852,0.564,0.0573,0.1085,0.2048,0.1563,0.1961,0.2207,0,0,0,-,📉하락안정,0.2102,0.013,2.1386,-0.5658,-0.4868,-0.5571,정상
2025.09,202509,-,-,정상,0.6034,0.17546,0.1213799999999999,0.25082,0.183972,0.0,안정,0.6034,정상,0.4526,0.0,0.0,0.6034,정상,0,0.6034,정상,0.6034,🟢정상,0.0,0.0,안정,0.6034,0.5948,0.2435,0.1301,0.1704,0.0887,0.2744,0.2351,0,0,0,-,📉하락안정,1.0576,-1.2021,2.0816,-0.69,-2.0048,1.5546,정상
2025.1,202510,-,-,정상,0.5654,0.2557,0.08244,0.28978,0.200028,0.000112,안정,0.5654,정상,0.4241,0.0,0.0,0.5654,정상,0,0.5654,정상,0.5654,🟢정상,0.0,0.0,안정,0.5605,0.5654,0.3421,0.1981,0.0954,0.0738,0.3208,0.2691,0,0,0,-,→안정,1.2279,-1.2492,0.8708,-0.6722,-1.8128,1.3812,정상
2025.11,202511,-,-,정상,0.568,0.36036,0.20672,0.2042,0.23644,0.14576,안정,0.568,정상,0.4624,0.0,0.0,0.568,정상,0,0.568,정상,0.568,🟢정상,0.0,0.0,안정,0.568,0.5361,0.4335,0.3116,0.2369,0.1866,0.1994,0.2074,0,0,0,CP,→안정,2.2863,-3.0274,0.6301,-1.8375,-0.2285,-0.4319,정상
2025.12,202512,-,-,정상,0.6108,0.39888,0.17634,0.30344,0.271688,0.2867519999999999,안정,0.6108,정상,0.5298,0.0,0.0,0.6108,정상,0,0.6195,정상,0.6108,🟢정상,0.1084400000000002,0.0086752,트렌드주의,0.6108,0.5784,0.3957,0.401,0.1728,0.1787,0.3362,0.2816,0,0,0,-,→안정,1.9493,-2.4507,1.2769,-2.3726,-3.0181,1.2127,정상
