YYYYMM,balance_total_amt,bal_share_top,bal_share_high_mid,bal_share_low,bal_share_distress,bal_amt_top,bal_amt_high_mid,bal_amt_low,bal_amt_distress
201601,3844978000000.0,0.5531703952532369,0.4216018921304621,0.025227712616301,0.0,2126928000000.0002,1621050000000.0,96999999999.99979,0.0
201602,6745948000000.0,0.5085716640567048,0.4679327501486818,0.0234955857946132,0.0,3430798000000.0,3156649999999.9995,158499999999.99933,0.0
201603,9341816500000.0,0.5379567239412164,0.4375833650768028,0.0244599109819808,0.0,5025493000000.0,4087823500000.0,228499999999.99945,0.0
201604,10111283500000.0,0.5810612470711557,0.3954501424077368,0.0234886105211074,0.0,5875275000000.0,3998508499999.9995,237499999999.99966,0.0
201605,10682528000000.0,0.597594455170162,0.376568963825791,0.0258365810040469,0.0,6383819500000.0,4022708499999.9995,275999999999.9991,0.0
201606,11883645000000.0,0.6529823130865993,0.3263169675634033,0.0207007193499974,0.0,7759810000000.0,3877834999999.9995,245999999999.99985,0.0
201607,12490670000000.0,0.6708443181991038,0.3026559023655256,0.0264997794353705,0.0,8379295000000.0,3780374999999.9995,330999999999.99927,0.0
201608,12939617440000.0,0.6677815229134008,0.3027740208059814,0.0294444562806178,0.0,8640837440000.0,3917780000000.0,380999999999.99963,0.0
201609,13226764940000.0,0.6894749004286758,0.2873901908171357,0.0231349087541885,0.0,9119522440000.0,3801242500000.0,305999999999.9995,0.0
201610,14139699940000.0,0.7104049224965377,0.2603865368871469,0.0292085406163152,0.0,10044912440000.0,3681787499999.999,412999999999.9996,0.0
201611,13377911460000.0,0.6941497548227905,0.2745673351914978,0.0312829099857116,0.0,9286273960000.0,3673137499999.9995,418499999999.99963,0.0
201612,13497412960000.0,0.6802628020058742,0.2952139800277697,0.0245232179663561,0.0,9181787960000.0,3984625000000.0,330999999999.99963,0.0
201701,14149692960000.0,0.6891964361041514,0.281544978485526,0.0292585854103225,0.0,9751917960000.0,3983774999999.999,413999999999.99896,0.0
201702,14554568575000.0,0.6849150851590942,0.2856439872179447,0.0294409276229611,0.0,9968643575000.0,4157424999999.9995,428499999999.9991,0.0
201703,14699148575000.0,0.6821839730264785,0.2929166256148275,0.024899401358694,0.0,10027523575000.0,4305625000000.0005,365999999999.99994,0.0
201704,14561376075000.0,0.6688771737529621,0.3008372270201118,0.030285599226926,0.0,9739772075000.0,4380603999999.9995,440999999999.9987,0.0
201705,15492205690000.0,0.6901452190827451,0.2804206248568082,0.0294341560604466,0.0,10691871690000.0,4344333999999.999,455999999999.9988,0.0
201706,14044831240000.0,0.6764087853860179,0.2989558171437309,0.0246353974702511,0.0,9500047240000.0,4198783999999.999,345999999999.9996,0.0
201707,14560784602500.0,0.6938605905045356,0.2785996847521184,0.0275397247433459,0.0,10103154602500.0,4056629999999.9995,400999999999.99927,0.0
201708,14402624250000.0,0.695043075222906,0.2779826738866703,0.0269742508904236,0.0,10010444250000.0,4003679999999.9995,388499999999.999,0.0
201709,15947966870000.0,0.712930178666718,0.2627093493579598,0.024360471975322,0.0,11369786870000.0,4189679999999.999,388499999999.99866,0.0
201710,15218274070000.0,0.6951195004993099,0.2781034814153534,0.0267770180853366,0.0,10578519070000.0,4232254999999.9995,407499999999.999,0.0
201711,16720353250000.0,0.7256239188606856,0.249855068103899,0.0245210130354153,0.0,12132688250000.0,4177664999999.9985,409999999999.9986,0.0
201712,15994888140000.0,0.7179933388393175,0.26268798901397,0.0193186721467124,0.0,11484223140000.0,4201664999999.999,308999999999.99854,0.0
201801,15149829270000.0,0.7034088688446322,0.2761288543550695,0.0204622768002982,0.0,10656524270000.0,4183304999999.999,309999999999.99963,0.0
201802,14987436455000.0,0.6948417420329273,0.2831398159879638,0.0220184419791089,0.0,10413896455000.0,4243540000000.0005,329999999999.9991,0.0
201803,16694796845000.0,0.7230844934549426,0.2555016490828103,0.0214138574622469,0.0,12071748720000.0,4265548124999.9985,357499999999.9992,0.0
201804,15837559645000.0,0.7047736059212801,0.2713906511699833,0.0238357429087364,0.0,11161894020000.0,4298165624999.9995,377499999999.99854,0.0
201805,17139212025000.0,0.7300887801462389,0.2478857031935224,0.0220255166602386,0.0,12513146400000.0,4248565625000.0,377499999999.9992,0.0
201806,15673113875000.0,0.6910999123331515,0.2841762195771706,0.0247238680896778,0.0,10831687625000.0,4453926249999.999,387499999999.99884,0.0
201807,16402900720000.0,0.7159988602308629,0.2603467870041464,0.0236543527649907,0.0,11744458220000.0,4270442499999.999,387999999999.99994,0.0
201808,15769522125000.0,0.7296764945564259,0.2448756829402019,0.0252385580771047,0.0002092644262674,11506649625000.0,3861572499999.999,398000000000.0,3299999999.9991956
201809,15395104937500.0,0.7445006048371406,0.2281010759105778,0.0258523733105927,0.0015459459416887,11461664937500.0,3511639999999.9985,397999999999.9989,23799999999.999794
201810,16187965025000.0,0.7460094586533739,0.2275017270121634,0.0250185863000405,0.0014702280344221,12076375025000.0,3682789999999.999,404999999999.99976,23799999999.99945
201811,15792944270000.0,0.7375008149762818,0.2353478196627613,0.0256443632723589,0.0015070020885978,11647309270000.0,3716834999999.9995,404999999999.9989,23799999999.998657
201812,16710905070000.0,0.7472261387216413,0.2334930384473783,0.0190833469919292,0.000197475839051,12486825070000.0,3901879999999.9985,318899999999.9989,3299999999.99986
201901,16961814070000.0,0.7426147945035221,0.236768306940886,0.0204223438937861,0.0001945546618056,12596094070000.0,4016019999999.9985,346399999999.99963,3299999999.9983177
201902,16610257555000.0,0.7237204188553595,0.255873515863734,0.0202073928648362,0.0001986724160701,12021182555000.0,4250125000000.0005,335649999999.9986,3299999999.9984818
201903,17923904740000.0,0.7252164039340905,0.2563947458247873,0.0183888502411221,0.0,12998709739999.998,4595595000000.0,329599999999.99854,0.0
201904,18332172070000.0,0.750082260710528,0.228801856320346,0.0211158829691259,0.0,13750637070000.0,4194435000000.0,387099999999.9985,0.0
201905,18931213890000.0,0.7549937881981217,0.2243260799162625,0.0206801318856157,0.0,14292948890000.0,4246764999999.9985,391499999999.9998,0.0
201906,19159373585000.0,0.7644873419278859,0.2149378726674064,0.0205747854047076,0.0,14647098585000.0,4118075000000.0,394199999999.9983,0.0
201907,18135775805000.0,0.7523345541820343,0.2244130630947662,0.0232523827231994,0.0,13644170805000.0,4069904999999.999,421699999999.9997,0.0
201908,18308845115000.0,0.7661324363658533,0.209914660147039,0.0239529034871077,0.0,14027000115000.0,3843295000000.0,438549999999.9982,0.0
201909,18416457020661.0,0.767411288979499,0.2099784988861665,0.0226102121343345,0.0,14132997020661.0,3867059999999.9985,416399999999.99915,0.0
201910,18462910070000.0,0.7721981538092386,0.2055193350134754,0.0222825111772859,0.0,14257025070000.0,3794484999999.999,411399999999.9994,0.0
201911,18859762610000.0,0.7650031396657119,0.2141853576597059,0.0208115026745821,0.0,14427777610000.0,4039484999999.9985,392499999999.99854,0.0
201912,20192494600000.0,0.7616075380800151,0.2235280280822756,0.0148644338377091,0.0,15378756100000.0,4513588499999.998,300149999999.9983,0.0
202001,20335229580000.0,0.754611572966564,0.2284154197387723,0.0169730072946636,0.0,15345199580000.0,4644879999999.998,345149999999.999,0.0
202002,20847907595000.0,0.7571876229337249,0.2266812618228126,0.0161311152434623,0.0,15785777595000.0,4725829999999.998,336299999999.998,0.0
202003,19900306545000.0,0.7401136516010387,0.2413816083253706,0.0185047400735906,0.0,14728488545000.0,4803567999999.999,368249999999.99884,0.0
202004,18680382860000.0,0.7391092015337848,0.2402407934373567,0.0206500050288583,0.0,13806842860000.0,4487789999999.998,385749999999.9984,0.0
202005,20193517890000.0,0.7689062883733132,0.2138777910578314,0.0172159205688553,0.0,15526922890000.0,4318945000000.0,347649999999.9985,0.0
202006,20801044850000.0,0.7876914341637026,0.1982251386761468,0.0140834271601505,0.0,16384804850000.0,4123289999999.999,292949999999.99866,0.0
202007,20465611993000.0,0.7989595912691356,0.1861886662027659,0.0148517425280984,0.0,16351196993000.0,3810464999999.9995,303949999999.9987,0.0
202008,20512810042000.0,0.7964759586106442,0.1891939715745357,0.0143300698148199,0.0,16337960042000.0,3880899999999.9985,293949999999.9987,0.0
202009,19763338697000.0,0.8069255879028565,0.1810319124138218,0.0120424996833215,0.0,15947543697000.0,3577794999999.999,237999999999.99805,0.0
202010,20782759535571.5,0.7904401519660735,0.1973381794164718,0.0122216686174546,0.0,16427527605571.5,4101231929999.999,253999999999.9995,0.0
202011,20573105599374.0,0.7764517414356761,0.2112020428326685,0.0123462157316554,0.0,15974023669374.0,4345081929999.9995,253999999999.99908,0.0
202012,21299161784126.5,0.768389932430277,0.2220087507633308,0.0096013168063921,0.0,16366061484126.498,4728600300000.0,204499999999.9981,0.0
202101,21080701469003.5,0.7851067571607644,0.2051212720012207,0.0097719708380148,0.0,16550601169003.5,4324100300000.0,205999999999.99796,0.0
202102,20769465539003.5,0.7754877085670194,0.2144735160196964,0.0100387754132841,0.0,16106465239003.5,4454500299999.999,208499999999.99973,0.0
202103,22441826469003.5,0.7673547201155312,0.2235105510207934,0.0091347288636753,0.0,17220841469003.5,5015984999999.998,204999999999.9986,0.0
202104,22132228644003.5,0.7703668969922288,0.2202576350719553,0.0093754679358158,0.0,17049936304003.5,4874792339999.999,207499999999.9988,0.0
202105,21139852974003.5,0.7793783549140388,0.2106878011629099,0.0099338439230511,0.0,16475943834003.5,4453909139999.999,209999999999.9984,0.0
202106,21544185257304.5,0.7844852799205172,0.2059993915789309,0.0095153285005519,0.0,16901096202236.0,4438089055068.5,204999999999.99957,0.0
202107,21836289347304.5,0.7836660899690987,0.2069458681003566,0.0093880419305446,0.0,17112359492236.0,4518929855068.499,204999999999.99902,0.0
202108,21391606122489.0,0.7876207448354099,0.2027960570248074,0.0095831981397826,0.0,16848472747420.5,4338133375068.4985,204999999999.99866,0.0
202109,21210858124563.5,0.7843795435742599,0.206662780178782,0.008957676246958,0.0,16637363214563.5,4383494909999.999,189999999999.9986,0.0
202110,21405570418026.0,0.7686325884672818,0.2222576332744482,0.0091097782582699,0.0,16453018998026.0,4757551419999.999,194999999999.99857,0.0
202111,23066650316420.5,0.7521329503170254,0.2391965233058687,0.0086705263771058,0.0,17349187756420.498,5517462560000.0,199999999999.9998,0.0
202112,24462833626108.0,0.7617638169365576,0.2357834827378364,0.0024527003256059,0.0,18634901516108.0,5767932109999.999,59999999999.99805,0.0
202201,23672151643761.5,0.759002717376413,0.2384626587793784,0.0025346238442086,0.0,17967227423761.5,5644924220000.0,59999999999.9997,0.0
202202,25458716936544.0,0.7627123576157697,0.2349308857515394,0.0023567566326908,0.0,19417678016544.0,5981038919999.999,59999999999.99768,0.0
202203,27435295369455.5,0.7674444804008456,0.2303685557195237,0.0021869638796307,0.0,21055065999455.5,6320229370000.0,59999999999.99858,0.0
202204,27054267359748.0,0.7716514948325127,0.2261307404355075,0.0022177647319797,0.0,20876465849748.0,6117801509999.997,59999999999.99867,0.0
202205,28532376835129.5,0.7812153566430469,0.2166817691258051,0.002102874231148,0.0,22289930945129.5,6182445890000.0,59999999999.99795,0.0
202206,29753474152140.5,0.777889636141043,0.2200937926278733,0.0020165712310837,0.0,23144919182140.5,6548554969999.999,59999999999.999016,0.0
202207,28274885415337.0,0.7530860059219522,0.2447919695634071,0.0021220245146406,0.0,21293420525337.0,6921464889999.998,59999999999.99907,0.0
202208,29042352721642.5,0.7344633035100795,0.2634707481635203,0.0020659483264001,0.0,21330542321642.5,7651810399999.999,59999999999.99871,0.0
202209,30299145305354.5,0.7353546259741209,0.2625826095693201,0.0020627644565589,0.0,22280616663354.5,7956028641999.999,62499999999.99872,0.0
202210,27947107501356.0,0.7552511453406002,0.2425786837393123,0.0021701709200874,0.0,21107084949356.0,6779372551999.999,60649999999.99922,0.0
202211,26261654836356.0,0.783769777366096,0.214265380725748,0.001964841908156,0.0,20583091364356.0,5626963471999.999,51599999999.99998,0.0
202212,25663594104459.5,0.7858937264346308,0.2129723715919529,0.0011339019734162,0.0,20168857604459.5,5465636500000.0,29099999999.99898,0.0
202301,25869709688459.5,0.7715509926021158,0.2274884245270572,0.0009605828708269,0.0,19959800188459.5,5885059499999.999,24849999999.998898,0.0
202302,25761848308704.5,0.7864491346243527,0.2124387557297597,0.0011121096458874,0.0,20260383308704.5,5472814999999.998,28649999999.998276,0.0
202303,25944736214956.0,0.7900976539179188,0.2081794532521193,0.0017228928299618,0.0,20498875214956.0,5401161000000.0,44699999999.99794,0.0
202304,25427630999456.0,0.8048195484626083,0.1933792613281669,0.0018011902092247,0.0,20464654499456.0,4917176500000.0,45799999999.99862,0.0
202305,25241156982159.0,0.792438139673902,0.2057374590107165,0.0018244013153814,0.0,20002055482159.0,5193051499999.998,46049999999.99929,0.0
202306,25116711991659.0,0.8041144875318919,0.1940500811419333,0.0018354313261747,0.0,20196711991659.0,4873899999999.998,46099999999.99867,0.0
202307,24621360119766.5,0.7991290905156175,0.1990472896769635,0.0018236198074189,0.0,19675645119766.5,4900814999999.999,44899999999.99997,0.0
202308,24709518643988.5,0.7946234779755768,0.2036828427341477,0.0016936792902755,0.0,19634763643988.5,5032905000000.0,41849999999.99968,0.0
202309,24071364096988.5,0.7943602207147337,0.2040715258265966,0.0015682534586697,0.0,19121334096988.5,4912279999999.999,37749999999.999855,0.0
202310,24617589439786.0,0.7884573543344758,0.2100376242217868,0.0015050214437373,0.0,19409919439786.0,5170619999999.999,37049999999.99883,0.0
202311,24219095233446.5,0.7706844559440769,0.2277671790307833,0.0015277201581379,2.064486700186477e-05,18665280233446.5,5516315000000.0,36999999999.99774,500000000.0
202312,24642418778727.5,0.7768106674354631,0.2216107537590512,0.0015582885894768,2.0290216008812563e-05,19142493778727.5,5461024999999.999,38399999999.999886,500000000.00000006
202401,23895491557065.0,0.7868273608084059,0.211649339287381,0.0015023754549793,2.0924449233695248e-05,18801626557065.0,5057464999999.998,35899999999.99955,500000000.0
202402,23597826854486.0,0.7831446500749628,0.2153679248237157,0.0014874251013214,0.0,18480511854486.0,5082215000000.0,35099999999.99869,0.0
202403,23379545104301.5,0.8176050910752994,0.1808615172423532,0.0015333916823473,0.0,19115235104301.5,4228460000000.0,35849999999.99946,0.0
202404,22826282393301.5,0.8134654637739214,0.1849815019040988,0.0015530343219797,0.0,18568392393301.5,4222439999999.998,35449999999.99816,0.0
202405,22539417795591.5,0.8098065336524146,0.1886716879098695,0.0015217784377158,0.0,18252567795591.5,4252549999999.998,34299999999.99893,0.0
202406,23094392396058.5,0.8031420388970304,0.1954550231323854,0.0014029379705841,0.0,18548077396058.5,4513915000000.0,32399999999.999184,0.0
202407,22325743735768.5,0.7915066122727861,0.2071250122606867,0.0013683754665272,0.0,17670973790768.5,4624219945000.0,30549999999.99893,0.0
202408,22879192108442.0,0.805712110640488,0.1929242048442494,0.0013636845152625,0.0,18434042163442.0,4413949944999.999,31199999999.998344,0.0
202409,24000618246922.0,0.8044598936278705,0.1941838913086206,0.0013562150635088,0.0,19307534801922.0,4660533444999.998,32549999999.999786,0.0
202410,22210030948128.0,0.808900426347324,0.1895619801175855,0.0015375935350904,0.0,17965703503128.0,4210177444999.9985,34149999999.99932,0.0
202411,24098151174628.0,0.8247798175718274,0.1737657140025241,0.0014544684256484,0.0,19875668729628.0,4187432444999.9995,35049999999.99833,0.0
202412,25381583753923.0,0.8246069871699029,0.171816797851551,0.0013533434451146,0.0022228715334313,20929831308923.0,4360982444999.999,34349999999.998917,56419999999.99779
202501,24580292630717.0,0.8238107428148356,0.1696899448132539,0.0014096658864304,0.00508964648548,20249509130717.0,4171028499999.999,34649999999.99831,125104999999.99872
202502,25656478834050.0,0.8203652562843723,0.1703910746395247,0.0014109496565817,0.0078327194195212,21047683834050.0,4371634999999.999,36199999999.9985,200959999999.99805
202503,27362072634457.0,0.8244493367088336,0.168978061778022,0.0012901069473643,0.0052824945657801,22558642634457.0,4623590000000.0,35299999999.999565,144539999999.99948
202504,25036276132694.5,0.8197777107072356,0.1757865257865864,0.0014059598885008,0.003029803617677,20524181132694.5,4401039999999.999,35199999999.998405,75854999999.99812
202505,25544523216028.0,0.8153281249328592,0.1832997609860289,0.0013721140811118,0.0,20827168216028.0,4682304999999.999,35049999999.9993,0.0
202506,28415662313362.5,0.8257228726401629,0.1730471718650618,0.0012299554947753,0.0,23463462313362.5,4917250000000.0,34949999999.99962,0.0
202507,25969050383571.0,0.8107757146519009,0.1879034823347667,0.0013208030133323,0.0,21055075383571.0,4879675000000.0,34299999999.9989,0.0
202508,27326549383571.0,0.8153434987648415,0.1834013116567545,0.0012551895784039,0.0,22280524383571.0,5011724999999.997,34299999999.997837,0.0
202509,28740456610845.0,0.8224434959716541,0.1763595849791537,0.0011969190491921,0.0,23637401610845.0,5068654999999.998,34399999999.9994,0.0
202510,26794250947457.0,0.8058863444177143,0.1928111373641635,0.0013025182181221,0.0,21593120947457.0,5166230000000.0,34899999999.99808,0.0
202511,26643487605790.5,0.816649754255959,0.1820459870631149,0.0013042586809261,0.0,21758397605790.5,4850339999999.999,34749999999.999214,0.0
202512,28988244293761.5,0.847995106038613,0.150807856995355,0.001197036966032,0.0,24581889293761.5,4371655000000.0,34699999999.9987,0.0
