YYYYMM,issue_share_distress,issue_share_high,issue_share_low,issue_share_mid,issue_share_top,issue_detail_a1,issue_detail_a2,issue_detail_a2+,issue_detail_a2-,issue_detail_a3,issue_detail_a3+,issue_detail_a3-,issue_detail_b+,issue_detail_c,issue_detail_d
201601,0.0,0.022703762828138,6.160795296900596e-05,0.0,0.9772346292188928,0.9772346292188928,0.0072204520879674,0.0148672312104805,0.00061607952969,0.0,0.0,0.0,6.160795296900596e-05,0.0,0.0
201602,0.0,0.0285080432398893,0.0,0.002466235934012,0.9690257208260986,0.9690257208260986,0.0086153841961485,0.0198926590437407,0.0,0.0,0.002466235934012,0.0,0.0,0.0,0.0
201603,0.0,0.0403609245489401,0.0,0.0,0.9596390754510598,0.9596390754510598,0.0218566657022114,0.0111685764496113,0.0073356823971174,0.0,0.0,0.0,0.0,0.0,0.0
201604,0.0,0.0760245308453584,0.0,0.0,0.9239754691546416,0.9239754691546416,0.0174058754234677,0.0197365065504195,0.038882148871471,0.0,0.0,0.0,0.0,0.0,0.0
201605,0.0,0.0371929988222594,0.0,0.0,0.9628070011777404,0.9628070011777404,0.0164493863563315,0.0058193657291482,0.0149242467367796,0.0,0.0,0.0,0.0,0.0,0.0
201606,0.0,0.0517058847639876,0.0,0.0007329280975753,0.947561187138437,0.947561187138437,0.0056692301564585,0.0232845618691231,0.022752092738406,0.0007329280975753,0.0,0.0,0.0,0.0,0.0
201607,0.0,0.0401615818986788,0.0,0.0,0.9598384181013212,0.9598384181013212,0.0144044993230225,0.0062731466927728,0.0194839358828834,0.0,0.0,0.0,0.0,0.0,0.0
201608,0.0,0.0338567323066693,0.0,0.0020894488268089,0.9640538188665218,0.9640538188665218,0.0013929658845392,0.0104026692257393,0.0220610971963907,0.0,0.0020894488268089,0.0,0.0,0.0,0.0
201609,0.0,0.0700770944217667,0.0,0.0,0.9299229055782332,0.9299229055782332,0.0125576107157253,0.0301088537985492,0.0274106299074921,0.0,0.0,0.0,0.0,0.0,0.0
201610,0.0,0.0457407997518861,0.0,0.0,0.9542592002481138,0.9542592002481138,0.0094852759887987,0.021607769695139,0.0146477540679483,0.0,0.0,0.0,0.0,0.0,0.0
201611,0.0,0.0229528690799695,0.0,0.0032317766297477,0.9738153542902828,0.9738153542902828,0.0013190925019378,0.0126441611773252,0.0089896154007064,0.0005276370007751,0.0027041396289725,0.0,0.0,0.0,0.0
201612,0.0,0.0315048452949663,0.0,0.0022053391706476,0.966289815534386,0.966289815534386,9.546922816656467e-06,0.0298245868792348,0.0016707114929148,0.0022053391706476,0.0,0.0,0.0,0.0,0.0
201701,0.0,0.0159832906177336,0.0,0.0059535326774524,0.978063176704814,0.978063176704814,0.0,0.0069258432906042,0.0090574473271293,0.0010471037372403,0.004906428940212,0.0,0.0,0.0,0.0
201702,0.0,0.023304422859748,0.0,7.537981258813559e-06,0.9766880391589932,0.9766880391589932,0.0022990842839381,0.0096456008187778,0.011359737757032,0.0,7.537981258813559e-06,0.0,0.0,0.0,0.0
201703,0.0,0.0776147947699697,0.0,9.063972295920796e-06,0.9223761412577344,0.9223761412577344,0.0120188272643909,0.0363465289066423,0.0292494385989364,0.0,9.063972295920796e-06,0.0,0.0,0.0,0.0
201704,0.0,0.0787755697689139,0.0,0.0029458694227515,0.9182785608083344,0.9182785608083344,0.0015711303588008,0.0328653278420313,0.0443391115680817,0.0013596320412699,0.0015862373814816,0.0,0.0,0.0,0.0
201705,0.0,0.0594697598080627,0.0,0.0010150406554776,0.9395151995364596,0.9395151995364596,0.0038742009751053,0.0210144409291666,0.0345811179037907,0.0010072922535274,7.748401950210784e-06,0.0,0.0,0.0,0.0
201706,0.0,0.0673288994269896,0.0,0.0011431629025528,0.9315279376704576,0.9315279376704576,0.0124559482599942,0.030283630317529,0.0245893208494662,0.0011375036802629,5.659222289865649e-06,0.0,0.0,0.0,0.0
201707,0.0,0.0787237918736326,0.0,0.0025503696009926,0.9187258385253748,0.9187258385253748,0.0141819617999126,0.0301396482285537,0.0344021818451661,0.0010328599630188,0.0015175096379738,0.0,0.0,0.0,0.0
201708,0.0,0.0717292310425829,0.0,0.0086587395065201,0.9196120294508968,0.9196120294508968,0.0328635274710741,0.0141552918138878,0.0247104117576208,0.0,0.0086587395065201,0.0,0.0,0.0,0.0
201709,0.0,0.122842336918143,0.0,0.005771588440848,0.8713860746410089,0.8713860746410089,0.0259730495127821,0.0495209861068075,0.0473483012985533,0.0020735166219853,0.0036980718188626,0.0,0.0,0.0,0.0
201710,0.0,0.091000550221847,0.0,0.0017867593440571,0.9072126904340958,0.9072126904340958,0.003242381821262,0.0628263218004973,0.0249318466000875,0.0,0.0017867593440571,0.0,0.0,0.0,0.0
201711,0.0,0.0087185630548478,0.0,0.0039983642853594,0.9872830726597926,0.9872830726597926,0.0,0.0017441561344621,0.0069744069203857,0.0039917114329711,6.652852388285303e-06,0.0,0.0,0.0,0.0
201712,0.0,0.0389731195353755,0.0,0.0009144821651532,0.9601123982994711,0.9601123982994711,0.0007104822975421,0.0277742302513443,0.0104884069864889,0.0009144821651532,0.0,0.0,0.0,0.0,0.0
201801,0.0,0.0182925785758248,0.0,0.0026509947857933,0.9790564266383818,0.9790564266383818,0.0028582154024726,0.0080030031269233,0.0074313600464288,0.0,0.0024366286306079,0.0002143661551854,0.0,0.0,0.0
201802,0.0,0.0453596081686833,0.0,0.0034401997478651,0.9512001920834516,0.9512001920834516,0.0,0.0431630169740739,0.0021965911946093,0.0,0.0034401997478651,0.0,0.0,0.0,0.0
201803,0.0,0.1028213922364515,0.0,0.0033405703617465,0.8938380374018019,0.8938380374018019,0.0339301259662481,0.0558016844445842,0.013089581825619,0.0,0.0033405703617465,0.0,0.0,0.0,0.0
201804,0.0,0.0884784957947405,0.0,0.0072468037677967,0.9042747004374628,0.9042747004374628,0.009395118577706,0.0336847743600398,0.0453986028569947,0.0,0.004908047365096,0.0023387564027006,0.0,0.0,0.0
201805,0.0076221736042268,0.0252942268792765,0.0,0.0040401457414808,0.9630434537750158,0.9630434537750158,0.0,0.0143531305236497,0.0109410963556267,0.0011580330605024,0.0028821126809784,0.0,0.0,0.0075735362156857,4.86373885411013e-05
201806,0.0,0.0534914046087499,0.0,0.002222383267618,0.944286212123632,0.944286212123632,0.0194442337787807,0.0150266800998828,0.0190204907300862,0.0008423026961817,0.0013800805714362,0.0,0.0,0.0,0.0
201807,0.0,0.0269421811227833,0.0,0.0044047484369047,0.968653070440312,0.968653070440312,0.0052549947839748,0.0185400939569449,0.0031470923818635,0.0020960934250686,0.0023086550118361,0.0,0.0,0.0,0.0
201808,0.0,0.0544003778641727,0.0,0.0113424800339102,0.934257142101917,0.934257142101917,0.0331262401892219,0.0169292397717136,0.004344897903237,0.0036351735445409,0.0077073064893692,0.0,0.0,0.0,0.0
201809,0.0,0.0837942642371205,0.000761110998717,0.0057174658223622,0.9097271589418002,0.9097271589418002,0.0205576080753466,0.0199751069946985,0.0432615491670753,0.003044443994868,0.0026730218274941,0.0,0.000761110998717,0.0,0.0
201810,0.0,0.029238659943302,0.0,0.00606779111936,0.9646935489373378,0.9646935489373378,0.0151641080717458,0.010027925864875,0.0040466260066811,0.0016323969029074,0.0031466598194203,0.0012887343970322,0.0,0.0,0.0
201811,0.0,0.0553497172861821,0.0,0.0013414881146865,0.9433087945991312,0.9433087945991312,0.0056414272014159,0.0492755519832544,0.0004327381015117,0.0,6.332752705050623e-06,0.0013351553619815,0.0,0.0,0.0
201812,0.0,0.0056514607811937,0.0004835131093315,0.0069142374634418,0.9869507886460328,0.9869507886460328,0.0021951495163654,0.0034563112648283,0.0,0.0050285363370486,0.0018857011263932,0.0,0.0004835131093315,0.0,0.0
201901,0.0,0.0450158399174208,0.0,0.005609448057947,0.9493747120246322,0.9493747120246322,0.0194624219670424,0.0243107633103963,0.001242654639982,0.0,0.0034216758044575,0.0021877722534894,0.0,0.0,0.0
201902,0.0,0.0251180000474372,0.0,0.001827913632662,0.9730540863199006,0.9730540863199006,0.00529715455832,0.0152036242024619,0.0046172212866551,0.0010278061083307,9.487440999976282e-06,0.0007906200833313,0.0,0.0,0.0
201903,0.0,0.0720601097958729,0.0,0.006525732036422,0.921414158167705,0.921414158167705,0.0470944144846022,0.0108456903201821,0.0141200049910886,0.0011448652695477,0.0053808667668743,0.0,0.0,0.0,0.0
201904,0.0,0.060150951711906,0.000803982062697,0.007999621523836,0.9310454447015608,0.9310454447015608,0.0505778224367914,0.0092400509919972,0.0003330782831173,0.0,0.0065639392690197,0.0014356822548162,0.000803982062697,0.0,0.0
201905,0.0,0.0207940886550567,0.0,0.0043739114999731,0.9748319998449702,0.9748319998449702,0.0105822075956204,0.0102118810594362,0.0,0.0003195968736932,0.0030245024777128,0.001029812148567,0.0,0.0,0.0
201906,0.0,0.0280027267026443,0.0,0.0064345449933932,0.9655627283039624,0.9655627283039624,0.0103169007120959,0.0160636717905332,0.001622154200015,0.0027035903333584,0.0021088004600196,0.001622154200015,0.0,0.0,0.0
201907,0.0,0.0196797712248915,0.0,0.0026711918444887,0.9776490369306196,0.9776490369306196,0.0126646923233907,0.0066438429742315,0.0003712359272692,0.0016001548589189,4.267079623783942e-06,0.0010667699059459,0.0,0.0,0.0
201908,0.0,0.052243828018096,0.0,0.0057748153939034,0.9419813565880004,0.9419813565880004,0.0128825595432843,0.0335437985495104,0.0058174699253012,0.0011369507247932,0.0040326437509693,0.0006052209181408,0.0,0.0,0.0
201909,0.0,0.0894951672634897,0.0,0.0041444561121576,0.9063603766243526,0.9063603766243526,0.0237649864621347,0.0571037110656422,0.0086264697357127,0.0010923736132723,0.0016455928680625,0.0014064896308227,0.0,0.0,0.0
201910,0.0,0.0563450049409264,0.0,0.0063482772359154,0.937306717823158,0.937306717823158,0.0074299669325378,0.0481924338258087,0.0007226041825797,0.0038701438735713,0.0013698447387554,0.0011082886235885,0.0,0.0,0.0
201911,0.0,0.0252776859409765,0.0,0.0047617886014296,0.9699605254575938,0.9699605254575938,0.0090862206564119,0.0134406863729699,0.0027507789115946,0.0037196067043575,0.0006961719710853,0.0003460099259867,0.0,0.0,0.0
201912,0.0,0.0102065801910471,0.0,0.0054031599717565,0.9843902598371964,0.9843902598371964,0.0001375549890976,0.0100690252019495,0.0,0.0011004399127813,0.002652060189803,0.001650659869172,0.0,0.0,0.0
202001,0.0,0.052304585622662,0.0,0.0021196744618552,0.9455757399154828,0.9455757399154828,0.0055350967675024,0.0460441517469499,0.0007253371082096,0.0003521053923347,7.042107846695259e-06,0.0017605269616738,0.0,0.0,0.0
202002,0.0,0.0822709364915672,0.0,0.0023525985340694,0.9153764649743632,0.9153764649743632,0.0012965222382146,0.0766605311698384,0.0043138830835141,0.0019742497718268,7.071939481170696e-06,0.0003712768227614,0.0,0.0,0.0
202003,0.0,0.0297688115770218,0.0,0.0072263166833406,0.9630048717396376,0.9630048717396376,0.018783272704156,0.0109855388728657,0.0,0.0049200454014234,0.0,0.0023062712819172,0.0,0.0,0.0
202004,0.0,0.0141794216905508,0.0,0.0051097850565686,0.9807107932528804,0.9807107932528804,0.0,0.0141794216905508,0.0,0.0,0.0027913707840783,0.0023184142724903,0.0,0.0,0.0
202005,0.0,0.0282802424592146,0.0,6.985298959846025e-06,0.9717127722418256,0.9717127722418256,0.0070435097845114,0.0205382027787186,0.0006985298959846,0.0,6.985298959846025e-06,0.0,0.0,0.0,0.0
202006,0.0,0.0207034396444256,0.0,0.0049015565525351,0.9743950038030392,0.9743950038030392,0.0068197807093698,0.0058205984061355,0.0080630605289203,0.0030634728453344,0.0,0.0018380837072006,0.0,0.0,0.0
202007,0.0,0.0545473418635871,0.0,0.0010168720114431,0.9444357861249698,0.9444357861249698,0.0111602968022067,0.0433870450613803,0.0,0.0,5.059064733547927e-06,0.0010118129467095,0.0,0.0,0.0
202008,0.0,0.0565725350554854,0.0,4.635921390535349e-06,0.943422829023124,0.943422829023124,0.0120302160084392,0.0373411878204146,0.0072011312266315,0.0,4.635921390535349e-06,0.0,0.0,0.0,0.0
202009,0.0,0.05862967382566,0.0,0.0056294598593563,0.9357408663149837,0.9357408663149837,0.0108156605993521,0.042563256835751,0.0052507563905568,0.0044187824982989,0.0006928512870379,0.0005178260740194,0.0,0.0,0.0
202010,0.0,0.0364462440906856,0.0,0.0010878032659553,0.962465952643359,0.962465952643359,0.0104833863122976,0.0258543873672528,0.0001084704111351,0.0007747886509653,3.0991546038613445e-06,0.0003099154603861,0.0,0.0,0.0
202011,0.0,0.0292250811419597,0.0,3.846502003899327e-06,0.9707710723560364,0.9707710723560364,0.0019104293286033,0.0243070077881408,0.0030076440252156,0.0,3.846502003899327e-06,0.0,0.0,0.0,0.0
202012,0.0,0.0041878697798711,0.0,0.0027858928886042,0.9930262373315246,0.9930262373315246,0.0001806089392936,0.0040072608405774,0.0,0.0,0.0021086093662531,0.0006772835223511,0.0,0.0,0.0
202101,0.0,0.033469707877271,0.0,0.0060496821165331,0.9604806100061958,0.9604806100061958,0.0046116029671558,0.0285656142356655,0.0002924906744496,0.0,0.0055621976591171,0.000487484457416,0.0,0.0,0.0
202102,0.0,0.0613940953174528,0.0,0.0024805683996372,0.93612533628291,0.93612533628291,0.0062737963055934,0.0527357231240016,0.0023845758878576,0.0013332293302718,0.0011473390693653,0.0,0.0,0.0,0.0
202103,0.0,0.0593324274391543,0.0,0.0102305903257111,0.9304369822351344,0.9304369822351344,0.006199757544913,0.0459524395107557,0.0071802303834855,0.0022085398282996,0.0080220504974114,0.0,0.0,0.0,0.0
202104,0.0,0.0464693359508826,0.0,0.0009546286557262,0.9525760353933912,0.9525760353933912,0.0048552154255036,0.0416141205253789,0.0,0.0005183504012993,4.319586677494381e-06,0.0004319586677494,0.0,0.0,0.0
202105,0.0,0.0451319422877747,0.0,0.0014707553573471,0.953397302354878,0.953397302354878,0.0042964521865234,0.0394181873064508,0.0014173027948003,0.0004130425287704,0.0010577128285767,0.0,0.0,0.0,0.0
202106,0.0,0.0711057789508139,0.0,4.579215205031316e-06,0.928889641833981,0.928889641833981,0.0171262648668171,0.0495834674871667,0.00439604659683,4.579215205031316e-06,0.0,0.0,0.0,0.0,0.0
202107,0.0,0.0426517906371651,0.0,0.0004165132579164,0.9569316961049184,0.9569316961049184,0.0087467784162464,0.0339050122209187,0.0,0.0,0.0004165132579164,0.0,0.0,0.0,0.0
202108,0.0,0.048973285843637,0.0,0.0042763196173873,0.9467503945389756,0.9467503945389756,0.0116101878466476,0.0361682244621714,0.0011948735348179,0.0002721656384863,0.0019595925971014,0.0020445613817995,0.0,0.0,0.0
202109,0.0,0.0621969328325386,0.0,0.006928776260966,0.9308742909064952,0.9308742909064952,0.0085643795790751,0.0521300305202924,0.001502522733171,0.0010045437701772,0.0059242324907887,0.0,0.0,0.0,0.0
202110,0.0,0.0298393020287209,0.0,0.0009728735135286,0.9691878244577504,0.9691878244577504,0.0087821181512426,0.0210571838774783,0.0,0.0001437199508621,0.0008291535626664,0.0,0.0,0.0,0.0
202111,0.0,0.0171311966534746,0.0,0.0078018119665413,0.975066991379984,0.975066991379984,0.0004945078282059,0.0164293759280592,0.0002073128972094,0.0001179210974952,0.0076838908690461,0.0,0.0,0.0,0.0
202112,0.0,0.0249715290999319,0.0,0.0004070366307561,0.974621434269312,0.974621434269312,0.0028627121716813,0.0221088169282505,0.0,0.0004070366307561,0.0,0.0,0.0,0.0,0.0
202201,0.0,0.0470046870655657,0.0,0.0037153925003264,0.9492799204341078,0.9492799204341078,0.0160457948615072,0.0305520974047526,0.0004067947993058,0.0037153925003264,0.0,0.0,0.0,0.0,0.0
202202,0.0,0.0523409491652488,0.0,0.0028318167753385,0.9448272340594126,0.9448272340594126,0.0190489969969493,0.0332919521682995,0.0,0.0019549336208621,0.0008768831544764,0.0,0.0,0.0,0.0
202203,0.0,0.0583276972649609,0.0,0.0192365258226815,0.9224357769123576,0.9224357769123576,0.0196909855940033,0.037955362688466,0.0006813489824914,0.005028355490787,0.0142081703318945,0.0,0.0,0.0,0.0
202204,0.0,0.036608291078257,0.0,0.0015982945362343,0.9617934143855084,0.9617934143855084,0.0054758960632726,0.0311323950149844,0.0,9.927295256114232e-06,0.0015883672409782,0.0,0.0,0.0,0.0
202205,0.0,0.0341409247707854,0.0,0.0038170190634137,0.9620420561658009,0.9620420561658009,0.0015362217979434,0.0302426014896532,0.0023621014831888,0.0011211423706439,0.0026958766927698,0.0,0.0,0.0,0.0
202206,0.0,0.0097388365598798,0.0,0.007801572486854,0.982459590953266,0.982459590953266,0.0030867852247911,0.0060685380600809,0.0005835132750077,0.0058409678828278,0.0019606046040261,0.0,0.0,0.0,0.0
202207,0.0,0.0159557816046498,0.0,0.0007939212587156,0.9832502971366344,0.9832502971366344,0.009552109818867,0.0064005399464979,3.131839284874454e-06,0.0007907894194307,3.131839284874454e-06,0.0,0.0,0.0,0.0
202208,0.0,0.0193675746535546,0.0,0.0005233934519757,0.9801090318944696,0.9801090318944696,0.0032371733734918,0.0161304012800628,0.0,0.0005183511258488,5.042326126934297e-06,0.0,0.0,0.0,0.0
202209,0.0,0.0428893187076223,0.0,0.0033084236974043,0.9538022575949732,0.9538022575949732,0.0047168398436592,0.033659791649196,0.0045126872147669,0.0006778002703851,0.0026306234270192,0.0,0.0,0.0,0.0
202210,0.0,0.0671623302228576,0.0,0.0010985540899589,0.9317391156871834,0.9317391156871834,0.0,0.0671623302228576,0.0,1.494631414910201e-05,0.0010836077758098,0.0,0.0,0.0,0.0
202211,0.0,0.0973776862699144,0.0,1.5595817676627256e-05,0.9026067179124088,0.9026067179124088,0.0250182908562562,0.0723593954136582,0.0,1.0397211784418172e-05,5.198605892209086e-06,0.0,0.0,0.0,0.0
202212,0.0,0.0199945044210429,0.0,0.003627104594827,0.97637839098413,0.97637839098413,0.0015487210054769,0.0158640654994358,0.0025817179161301,0.0036219421914754,5.16240335158992e-06,0.0,0.0,0.0,0.0
202301,0.0,0.0251957231093625,0.0,1.9265649241457317e-05,0.974785011241396,0.974785011241396,0.0142405257309772,0.0069463368653921,0.0040088605129932,1.3914080007719172e-05,5.351569233738143e-06,0.0,0.0,0.0,0.0
202302,0.0,0.0385003055891085,0.0,0.0022371005958096,0.9592625938150818,0.9592625938150818,0.021096220301857,0.0174040852872515,0.0,0.0022329501308823,4.150464927290587e-06,0.0,0.0,0.0,0.0
202303,0.0021046402955426,0.0585118064031457,0.0,0.0153975484021898,0.9239860048991216,0.9239860048991216,0.031583635368443,0.0269120354591035,1.6135575599160143e-05,0.0028538922407558,0.012543656161434,0.0,0.0,0.0021046402955426,0.0
202304,4.4631701590053e-05,0.0343351680332277,0.0,1.6067412572419076e-05,0.9656041328526096,0.9656041328526096,0.0161566759755991,0.0155005899622254,0.0026779020954031,1.1604242413413778e-05,4.463170159005299e-06,0.0,0.0,0.0,4.4631701590053e-05
202305,0.0,0.0369516237571209,0.0,0.0034062019787177,0.9596421742641612,0.9596421742641612,0.0239019492369106,0.01016936188136,0.0028803126388502,0.0020738250999721,0.0013323768787455,0.0,0.0,0.0,0.0
202306,0.0,0.035084202503327,0.0,0.0021648092642088,0.9627509882324642,0.9627509882324642,0.0208349030493857,0.0142492994539412,0.0,0.0007170853681101,0.0014477238960986,0.0,0.0,0.0,0.0
202307,0.0,0.0172601402834368,0.0,0.0024153536505746,0.9803245060659884,0.9803245060659884,0.0073908578053625,0.008980958222622,0.0008883242554522,0.0024109120292973,4.441621277261147e-06,0.0,0.0,0.0,0.0
202308,0.0,0.0204800916533739,0.0,0.007718559528065,0.9718013488185612,0.9718013488185612,0.014516044285045,0.0059640473683288,0.0,0.0032484648535779,0.0044700946744871,0.0,0.0,0.0,0.0
202309,0.0,0.0271660134750785,0.0,0.0012521715036292,0.9715818150212924,0.9715818150212924,0.0062608575181462,0.0135527487540504,0.0073524072028817,0.0011390575466618,0.0,0.0001131139569674,0.0,0.0,0.0
202310,0.0,0.020623530190661,0.0,0.0035981074303552,0.9757783623789836,0.9757783623789836,0.0049508621812632,0.0145336659738311,0.0011390020355667,0.0007680670393171,0.002830040391038,0.0,0.0,0.0,0.0
202311,0.0,0.0219550816736674,0.0,0.0016910183844732,0.9763538999418592,0.9763538999418592,0.0143576039615406,0.0070682779033537,0.000529199808773,6.841966697215123e-06,0.001684176417776,0.0,0.0,0.0,0.0
202312,0.0,0.0151065735624323,0.0,0.0011301871899977,0.98376323924757,0.98376323924757,0.0066049171927871,0.0058080622723319,0.0026935940973133,0.0011301871899977,0.0,0.0,0.0,0.0,0.0
202401,0.0,0.0124233627308925,0.0,0.0020156489927174,0.98556098827639,0.98556098827639,0.0038708313283818,0.0081257583784333,0.0004267730240773,0.0017169078758633,0.0002987411168541,0.0,0.0,0.0,0.0
202402,0.0,0.0314822294886577,0.0,0.0007215859140021,0.96779618459734,0.96779618459734,0.0096971918744947,0.0108875522965721,0.0108974853175908,0.0007215859140021,0.0,0.0,0.0,0.0,0.0
202403,0.0,0.0527827042378171,0.0,0.0027938941156867,0.944423401646496,0.944423401646496,0.033488834977094,0.0192868517771772,7.017483545763815e-06,0.0011003414199757,0.001693552695711,0.0,0.0,0.0,0.0
202404,0.0,0.0245769683145716,0.0,1.0074323137322192e-05,0.975412957362291,0.975412957362291,0.0133813292106605,0.0103196110050135,0.0008760280988975,1.0074323137322192e-05,0.0,0.0,0.0,0.0,0.0
202405,0.0,0.0269201414562631,0.0,0.0008224588915331,0.9722573996522036,0.9722573996522036,0.0109233701963701,0.0158857013832366,0.0001110698766563,0.0008224588915331,0.0,0.0,0.0,0.0,0.0
202406,0.0,0.0794722523832528,0.0,0.0014572241301858,0.9190705234865612,0.9190705234865612,0.0536108938027421,0.0231375600341948,0.0027237985463158,0.0014572241301858,0.0,0.0,0.0,0.0,0.0
202407,0.0,0.0471193214589892,0.0,0.0027653018804041,0.9501153766606066,0.9501153766606066,0.02315337182882,0.0123814644663221,0.011584485163847,0.0027653018804041,0.0,0.0,0.0,0.0,0.0
202408,0.0,0.0293297550310665,0.0,0.0014433437629419,0.9692269012059914,0.9692269012059914,0.0130514086502048,0.0126221010643142,0.0036562453165474,0.0007927199967402,0.0006506237662017,0.0,0.0,0.0,0.0
202409,0.0,0.0541520460468157,0.0,0.0010922576316687,0.9447556963215156,0.9447556963215156,0.0113101873063203,0.0415618826304299,0.0012799761100654,0.0010922576316687,0.0,0.0,0.0,0.0,0.0
202410,0.0,0.0391717966074266,0.0,0.0010384113552014,0.9597897920373718,0.9597897920373718,0.0271605538189516,0.0077395431223507,0.0042716996661243,0.0010384113552014,0.0,0.0,0.0,0.0,0.0
202411,0.0,0.043260191684612,0.0,0.0004669698650307,0.9562728384503572,0.9562728384503572,0.0318909401367412,0.0016656981655463,0.0097035533823244,0.0004669698650307,0.0,0.0,0.0,0.0,0.0
202412,0.0,0.0394608926321419,0.0,0.0011893659272843,0.9593497414405736,0.9593497414405736,0.020443150066586,0.016549498074135,0.0024682444914208,7.680952337156591e-06,0.0011816849749471,0.0,0.0,0.0,0.0
202501,0.0,0.0285591216276586,0.0,0.0038365073544628,0.9676043710178786,0.9676043710178786,0.0231051702318308,0.003609294475849,0.0018446569199788,0.0038365073544628,0.0,0.0,0.0,0.0,0.0
202502,0.0,0.0485273400045008,0.0,0.0020332886534959,0.9494393713420032,0.9494393713420032,0.0323193792570607,0.0078515452489952,0.0083564154984448,0.0020332886534959,0.0,0.0,0.0,0.0,0.0
202503,0.0,0.073312306419582,0.0,9.964639606526752e-06,0.9266777289408116,0.9266777289408116,0.0492492347912978,0.0236752171943686,0.0003878544339155,9.964639606526752e-06,0.0,0.0,0.0,0.0,0.0
202504,0.0,0.0238466513271124,0.0,0.0004440589973822,0.9757092896755052,0.9757092896755052,0.0158214377949031,0.0038066530570784,0.0042185604751309,0.0004440589973822,0.0,0.0,0.0,0.0,0.0
202505,0.0,0.0362651927601754,0.0,0.0015673503134947,0.9621674569263298,0.9621674569263298,0.0211172203789624,0.0006931460780665,0.0144548263031464,0.0015673503134947,0.0,0.0,0.0,0.0,0.0
202506,0.0,0.0531774529087731,0.0,0.0053637823919039,0.9414587646993228,0.9414587646993228,0.0348797571473901,0.0146637244858515,0.0036339712755313,0.0053637823919039,0.0,0.0,0.0,0.0,0.0
202507,0.0,0.0297678414907181,0.0,0.0020320318609943,0.9682001266482876,0.9682001266482876,0.022500233993508,0.0056900854256299,0.0015775220715801,0.0020320318609943,0.0,0.0,0.0,0.0,0.0
202508,0.0,0.0332070787566347,0.0,0.000553922054951,0.9662389991884144,0.9662389991884144,0.0264895398555778,0.0012285003990992,0.0054890385019575,0.000553922054951,0.0,0.0,0.0,0.0,0.0
202509,0.0,0.0404822640750455,0.0,0.0009613431187766,0.9585563928061778,0.9585563928061778,0.0283232615536784,0.008011532473764,0.004147470047603,0.0008593979312075,0.0001019451875691,0.0,0.0,0.0,0.0
202510,0.0,0.011970712423635,0.0,0.0016639353135028,0.986365352262862,0.986365352262862,0.0078248535920435,0.0040135089886036,0.0001323498429877,0.0016639353135028,0.0,0.0,0.0,0.0,0.0
202511,0.0,0.0522092701485701,0.0,0.0026011513854685,0.9451895784659612,0.9451895784659612,0.0460817378298219,0.0024658915134241,0.003661640805324,0.0015606908312811,0.0,0.0010404605541874,0.0,0.0,0.0
202512,0.0,0.0136190674918026,0.0,0.0010316593426222,0.9853492731655752,0.9853492731655752,0.0066047769298083,0.0070124073471305,1.883214863731355e-06,0.0010316593426222,0.0,0.0,0.0,0.0,0.0
