분기,event_flag,overheat_flag,q_val,S1_Delta,S1_Accel,S2_Delta,S3_Delta,3M_ratio,S4_Accel,Issuance_QoQ,Success_Rate,y_regime
2010/Q1,0,0,2010.25,0.0,0.0,0.0,0.0,78.5556974906359,0.0,0.0,31.67898297987964,0
2010/Q1,0,0,2010.25,0.0,0.0,0.0,0.0,0.0,0.0,0.0,0.0,0
2010/Q2,0,0,2010.5,0.0,0.0,0.0,0.0,0.0,0.0,-3.25881184325989,0.0,0
2010/Q2,0,0,2010.5,5.094613480248459,0.0,-9.727384077838051,286887.7000000011,68.82831341279784,0.0,0.0,36.7735964601281,0
2010/Q3,0,0,2010.75,-2.3665339284578124,-7.461147408706271,-7.732532327395404,269231.8999999985,61.09578108540244,0.0230293592295305,-0.9558759203068368,34.407062531670284,1
2010/Q4,0,0,2011.0,-0.6926112389077019,1.6739226895501105,7.861978769630738,40687.20000000112,68.95775985503317,-0.2203454280153858,-22.99041872184542,33.71445129276258,2
2011/Q1,0,0,2011.25,-7.604735007440496,-6.912123768532794,4.826441063648431,352879.5999999996,73.7842009186816,0.0786603220303803,-15.124386518807388,26.109716285322087,1
2011/Q2,0,0,2011.5,-1.715678588394738,5.889056419045758,-7.97560102400449,91907.40000000036,65.80859989467712,0.0063139581474833,-14.49299070405905,24.39403769692735,0
2011/Q3,0,0,2011.75,5.226479623157783,6.94215821155252,-2.149060259666264,137711.0,63.65953963501085,0.5479759385489666,40.304603150837615,29.62051732008513,0
2011/Q4,0,0,2012.0,-7.673774275687396,-12.90025389884518,-2.4306131332907555,9723.900000000373,61.228926501720096,-0.469528124502679,-6.6482092994302855,21.94674304439773,1
2012/Q1,0,0,2012.25,21.85933549982107,29.533109775508468,-0.4899078348040717,435360.0999999996,60.73901866691602,0.2251352369074761,15.86531439131733,43.806078544218806,0
2012/Q2,0,0,2012.5,-15.126066503279617,-36.98540200310069,-0.4138663049008144,104443.0,60.32515236201521,-0.1389924242442319,1.966071966894134,28.68001204093919,2
2012/Q3,0,0,2012.75,-19.509768185361555,-4.383701682081938,7.000290450799078,272571.2999999989,67.32544281281429,0.0434950814835484,6.3155801152489754,9.170243855577636,0
2012/Q4,0,0,2013.0,-6.683627153222174,12.82614103213938,0.3716371725479064,-55040.5,67.6970799853622,-0.1186768067091407,-5.5521005556650955,2.4866167023554606,0
2013/Q1,0,0,2013.25,17.83089100674664,24.514518159968816,2.668614419932368,330818.5,70.36569440529456,0.2030424188328822,14.752141327623125,20.317507709102102,0
2013/Q2,0,0,2013.5,15.640311129603596,-2.190579877143044,-8.107880341445338,134289.1000000015,62.25781406384922,0.0610838573704002,20.86052706466315,35.9578188387057,0
2013/Q3,0,0,2013.75,-1.5753473900647847,-17.21565851966838,2.338572264009983,99116.79999999888,64.59638632785921,-0.1672887305208754,4.131654012575603,34.38247144864091,2
2013/Q4,0,0,2014.0,3.946464347313352,5.521811737378137,4.132531541269742,32573.300000000745,68.72891786912895,-0.2826899707740322,-24.137343064827622,38.328935795954266,2
2014/Q1,0,0,2014.25,-4.567097061259425,-8.513561408572777,5.825745841384489,305774.69999999925,74.55466371051344,0.2809268362966686,3.955340564839238,33.76183873469484,1
2014/Q2,0,0,2014.5,6.703811531404924,11.270908592664348,-11.340105874805552,202762.5,63.214557835707886,-0.0733622468037118,-3.380884115531946,40.465650266099765,0
2014/Q3,0,0,2014.75,20.765226123860188,14.061414592455264,-7.064938988890404,274727.4000000004,56.14961884681748,0.0115916998548845,-2.221714130043495,61.23087638995995,0
2014/Q4,0,0,2015.0,4.286550621159599,-16.47867550270059,0.2102001139834044,111615.90000000036,56.35981896080089,-0.1460059488261851,-16.822309012662007,65.51742701111955,2
2015/Q1,0,0,2015.25,-2.2975581822259628,-6.584108803385561,6.701760527726911,488549.5999999996,63.0615794885278,0.2334510140184033,6.522792389178322,63.21986882889359,1
2015/Q2,0,0,2015.5,-7.594374786676759,-5.296816604450797,-5.350885988150168,339784.19999999925,57.71069350037763,-0.1062357402522341,-4.100781636045092,55.62549404221683,1
2015/Q3,0,0,2015.75,15.670601864814202,23.26497665149096,-1.3556862605910496,187260.9000000004,56.35500723978658,-0.0661678723709949,-10.71756887314459,71.29609590703103,0
2015/Q4,0,0,2016.0,15.777287468476658,0.1066856036624557,-18.95744630617544,49889.800000000745,37.39756093361114,0.0324122755848899,-7.476341314655599,87.07338337550769,0
2016/Q1,0,0,2016.25,26.55522735351568,10.777939885039018,8.500628420634179,386999.0,45.89818935424532,-0.0234496701176681,-9.821308326422418,113.62861072902336,1
2016/Q2,0,0,2016.5,4.0703931721674,-22.48483418134828,-7.398852755002672,182078.59999999963,38.499336599242646,0.099565018811483,0.13519355472588757,117.69900390119076,2
2016/Q3,0,0,2016.75,-9.016042648945444,-13.086435821112843,19.049929489965663,122730.09999999964,57.54926608920831,-0.0224905808842763,-2.113864533701748,108.68296125224532,1
2016/Q4,0,0,2017.0,7.379257824557285,16.39530047350273,-4.937387338240832,196923.8000000008,52.61187875096748,0.0862287787729938,6.509013343597636,116.0622190768026,1
2017/Q1,0,0,2017.25,-11.752121003616791,-19.13137882817408,8.118931098724623,261201.29999999888,60.7308098496921,-0.0655644560205075,-0.04743225845311727,104.3100980731858,2
2017/Q2,0,0,2017.5,13.03007417806451,24.782195181681303,-7.13916766007285,474490.7000000011,53.59164218961925,-0.0567124382886364,-5.718676087316766,117.34017225125032,0
2017/Q3,0,0,2017.75,-14.273814982794534,-27.303889160859043,2.5210391119615068,206897.09999999963,56.11268130158076,0.1658264873164509,10.863972644328324,103.0663572684558,2
2017/Q4,0,0,2018.0,11.248255004068724,25.52206998686325,-18.416350694993618,101990.59999999964,37.69633060658714,-0.1716964270284494,-6.305670058516622,114.31461227252451,0
2018/Q1,0,0,2018.25,0.9216696427011613,-10.326585361367565,26.957637972674743,360316.00000000186,64.65396857926189,0.2951547823302091,23.20980817450429,115.23628191522567,1
2018/Q2,0,0,2018.5,-20.757311145669178,-21.67898078837034,-16.110163017886208,269751.5,48.54380556137568,-0.2296260173215458,0.24720644234970113,94.4789707695565,2
2018/Q3,0,0,2018.75,-5.734539079109908,15.02277206655927,6.30247605159645,165208.8999999985,54.84628161297213,0.0445619235953838,4.703398801888081,88.74443169044659,0
2018/Q4,0,0,2019.0,14.691507931906145,20.426047011016053,-9.003114509686071,-126129.0,45.843167103286056,-0.114394921532224,-6.736093351334327,103.43593962235272,0
2019/Q1,0,0,2019.25,-18.98862457643933,-33.68013250834548,-44.77269813082922,616300.8000000007,1.0704689724568337,0.1583610419227225,9.100010840937923,84.4473150459134,2
2019/Q2,0,0,2019.5,29.62755676151013,48.61618133794947,48.68537241166706,369899.8999999985,49.7558413841239,-0.1357561624883934,-4.475605407901417,114.07487180742352,1
2019/Q3,0,1,2019.75,9.965942721743644,-19.66161403976649,4.4614658399422495,252184.8000000008,54.21730722406615,0.0174470579584458,-2.7308996120568363,124.04081452916718,2
2019/Q4,0,1,2020.0,25.47828522557372,15.51234250383007,-4.975165595048516,197566.6000000015,49.24214162901763,-0.1878165362360176,-21.512553235658604,149.5190997547409,0
2020/Q1,1,0,2020.25,-53.403204635234616,-78.88148986080833,12.806120202918647,302466.299999997,62.04826183193628,0.5423941792635959,32.726864690700985,96.11589511950628,2
2020/Q2,0,0,2020.5,-8.92512797761897,44.478076657615645,-8.341179450406209,746829.4000000022,53.70708238153007,-0.4377651504879709,-11.049650358096109,87.1907671418873,0
2020/Q3,0,0,2020.75,18.828808714556416,27.753936692175387,-17.56675071748476,432610.19999999925,36.14033166404531,0.0676587574845591,-4.28377460964019,106.01957585644372,0
2020/Q4,0,0,2021.0,8.099035119081009,-10.729773595475407,1.14784858173293,698376.3999999985,37.28818024577824,-0.1434307835865543,-18.626852968295626,114.11861097552472,1
2021/Q1,0,0,2021.25,-19.574523958630508,-27.67355907771152,12.899090245360703,738018.0,50.18727049113895,0.3914843444796929,20.521581479673667,94.54408701689422,2
2021/Q2,0,0,2021.5,-2.7831309372529347,16.791393021377573,-38.4417641161183,733089.3000000007,11.745506375020645,-0.0003659536534827,20.484986114325388,91.76095607964128,0
2021/Q3,0,0,2021.75,8.001643397609769,10.784774334862703,32.160920597441724,507052.69999999925,43.90642697246237,-0.1783067661295381,2.6543095013715767,99.76259947725106,0
2021/Q4,0,0,2022.0,9.665897184770245,1.664253787160476,-10.721198822992868,317812.0,33.1852281494695,-0.065708333963774,-3.91652389500583,109.4284966620213,0
2022/Q1,0,0,2022.25,-30.392454747048504,-40.05835193181875,22.99994442743641,536370.0,56.18517257690592,0.1675846132235838,12.841937427352557,79.0360419149728,2
2022/Q2,0,0,2022.5,-21.78143280851184,8.611021938536666,-7.422818960340706,-6211.199999999255,48.762353616565214,-0.1101476388361741,1.8271735437351388,57.25460910646096,2
2022/Q3,1,0,2022.75,-9.259331374345052,12.522101434166784,-0.6229726600980356,586265.5,48.13938095646718,0.0449661055782673,6.323784101561869,47.99527773211591,2
2022/Q4,0,0,2023.0,-15.299550553549658,-6.040219179204605,2.2545373811361955,-496550.3000000008,50.393918337603374,0.3458759367488757,40.91137777644944,32.69572717856625,1
2023/Q1,0,0,2023.25,0.5131044212763101,15.812654974825968,11.330797799227206,601635.700000003,61.72471613683058,-0.1607407870015942,24.83729907629002,33.20883159984256,0
2023/Q2,0,0,2023.5,-10.319168817329556,-10.832273238605865,-6.725653928092633,238627.5,54.999062208737946,-0.3271007510626104,-7.872776029971018,22.889662782513007,1
2023/Q3,0,0,2023.75,3.5380838245595,13.857252641889056,-3.5395350368052405,75802.39999999851,51.45952717193271,0.2099939165244481,13.126615622473793,26.427746607072507,1
2023/Q4,0,0,2024.0,-5.745172525687366,-9.283256350246866,-1.459042824713876,309324.5,50.00048434721883,-0.1746467211013155,-4.338056487657759,20.68257408138514,2
2024/Q1,1,0,2024.25,-0.7734992903728717,4.971673235314494,8.427993581659067,669191.8000000007,58.428477928877896,0.1166993370839516,7.331877220737404,19.90907479101227,2
2024/Q2,0,0,2024.5,-4.359641143084264,-3.5861418527113926,-4.695183627437679,476231.8999999985,53.73329430144022,-0.1012155578054138,-2.7896785598039764,15.549433647928003,0
2024/Q3,0,0,2024.75,-1.7120256563402023,2.647615486744062,10.28516967728563,7244.699999999255,64.01846397872585,0.0219977952590997,-0.5898990338940036,13.837407991587805,1
2024/Q4,0,0,2025.0,-3.163503046039235,-1.4514773896990327,-13.40775717395315,362717.200000003,50.6107068047727,0.0056580159260412,-0.024097441289883115,10.673904945548568,0
2025/Q1,0,0,2025.25,5.821937634055953,8.985440680095188,4.444009696018163,582160.0,55.05471650079086,0.1073936137187252,10.71526393058264,16.49584257960452,0
2025/Q2,0,0,2025.5,-4.140066839867574,-9.962004473923528,-6.248080407333063,786798.8999999985,48.8066360934578,-0.1204103696833215,-1.3257730377495114,12.355775739736949,1
