분기	EWS_Result_Status	p_normal	p_caution	p_risk	overheat_flag	event_flag	Explanation_Top3
2010/Q1	Normal (정상)	0.809252616	0.090027378	0.100720006	0	0	S1_Accel: 0.00 | S1_Delta: 0.00 | S2_Delta: 0.00
2010/Q1	Normal (정상)	0.872088252	0.07932659	0.048585158	0	0	S1_Accel: 0.00 | S1_Delta: 0.00 | S2_Delta: 0.00
2010/Q2	Normal (정상)	0.863088252	0.08932659	0.047585158	0	0	S1_Accel: 0.00 | S1_Delta: 0.00 | S2_Delta: 0.00
2010/Q2	Normal (정상)	0.947791959	0.013944417	0.038263625	0	0	S1_Accel: 0.00 | S1_Delta: 5.09 | S2_Delta: -9.73
2010/Q3	Caution (주의)	0.176584992	0.722721045	0.100693963	0	0	S1_Accel: -7.46 | S1_Delta: -2.37 | S2_Delta: -7.73
2010/Q4	Caution (주의)	0.22669853	0.0821556	0.69114587	0	0	S1_Accel: 1.67 | S1_Delta: -0.69 | S2_Delta: 7.86
2011/Q1	Caution (주의)	0.069818397	0.843296138	0.086885465	0	0	S1_Accel: -6.91 | S1_Delta: -7.60 | S2_Delta: 4.83
2011/Q2	Normal (정상)	0.911192752	0.067160867	0.021646381	0	0	S1_Accel: 5.89 | S1_Delta: -1.72 | S2_Delta: -7.98
2011/Q3	Normal (정상)	0.773947614	0.195412087	0.0306403	0	0	S1_Accel: 6.94 | S1_Delta: 5.23 | S2_Delta: -2.15
2011/Q4	Caution (주의)	0.06876455	0.722055556	0.209179894	0	0	S1_Accel: -12.90 | S1_Delta: -7.67 | S2_Delta: -2.43
2012/Q1	Normal (정상)	0.782040206	0.190023198	0.027936596	0	0	S1_Accel: 29.53 | S1_Delta: 21.86 | S2_Delta: -0.49
2012/Q2	Danger (위험!!)	0.035757576	0.11032684	0.853915584	0	0	S1_Accel: -36.99 | S1_Delta: -15.13 | S2_Delta: -0.41
2012/Q3	Normal (정상)	0.621166291	0.134429054	0.244404655	0	0	S1_Accel: -4.38 | S1_Delta: -19.51 | S2_Delta: 7.00
2012/Q4	Normal (정상)	0.776096023	0.112632744	0.111271233	0	0	S1_Accel: 12.83 | S1_Delta: -6.68 | S2_Delta: 0.37
2013/Q1	Normal (정상)	0.769625103	0.148925435	0.081449463	0	0	S1_Accel: 24.51 | S1_Delta: 17.83 | S2_Delta: 2.67
2013/Q2	Normal (정상)	0.911640369	0.042908397	0.045451234	0	0	S1_Accel: -2.19 | S1_Delta: 15.64 | S2_Delta: -8.11
2013/Q3	Danger (위험!!)	0.066864719	0.14248557	0.790649711	0	0	S1_Accel: -17.22 | S1_Delta: -1.58 | S2_Delta: 2.34
2013/Q4	Caution (주의)	0.276862085	0.0751443	0.647993615	0	0	S1_Accel: 5.52 | S1_Delta: 3.95 | S2_Delta: 4.13
2014/Q1	Caution (주의)	0.058294587	0.851304075	0.090401338	0	0	S1_Accel: -8.51 | S1_Delta: -4.57 | S2_Delta: 5.83
2014/Q2	Normal (정상)	0.965041959	0.017686841	0.017271201	0	0	S1_Accel: 11.27 | S1_Delta: 6.70 | S2_Delta: -11.34
2014/Q3	Normal (정상)	0.883307024	0.09170141	0.024991566	0	0	S1_Accel: 14.06 | S1_Delta: 20.77 | S2_Delta: -7.06
2014/Q4	Danger (위험!!)	0.074011905	0.16244228	0.763545815	0	0	S1_Accel: -16.48 | S1_Delta: 4.29 | S2_Delta: 0.21
2015/Q1	Caution (주의)	0.06100327	0.811292852	0.127703878	0	0	S1_Accel: -6.58 | S1_Delta: -2.30 | S2_Delta: 6.70
2015/Q2	Caution (주의)	0.146631092	0.756198413	0.097170496	0	0	S1_Accel: -5.30 | S1_Delta: -7.59 | S2_Delta: -5.35
2015/Q3	Normal (정상)	0.872091846	0.08454511	0.043363044	0	0	S1_Accel: 23.26 | S1_Delta: 15.67 | S2_Delta: -1.36
2015/Q4	Normal (정상)	0.906666428	0.060332374	0.033001198	0	0	S1_Accel: 0.11 | S1_Delta: 15.78 | S2_Delta: -18.96
2016/Q1	Caution (주의)	0.185137151	0.792025547	0.022837302	0	0	S1_Accel: 10.78 | S1_Delta: 26.56 | S2_Delta: 8.50
2016/Q2	Danger (위험!!)	0.084262626	0.107436869	0.808300505	0	0	S1_Accel: -22.48 | S1_Delta: 4.07 | S2_Delta: -7.40
2016/Q3	Caution (주의)	0.091841103	0.752151931	0.156006965	0	0	S1_Accel: -13.09 | S1_Delta: -9.02 | S2_Delta: 19.05
2016/Q4	Caution (주의)	0.445474011	0.462611371	0.091914618	0	0	S1_Accel: 16.40 | S1_Delta: 7.38 | S2_Delta: -4.94
2017/Q1	Danger (위험!!)	0.042626263	0.052350649	0.905023088	0	0	S1_Accel: -19.13 | S1_Delta: -11.75 | S2_Delta: 8.12
2017/Q2	Normal (정상)	0.879395649	0.112316489	0.008287862	0	0	S1_Accel: 24.78 | S1_Delta: 13.03 | S2_Delta: -7.14
2017/Q3	Danger (위험!!)	0.013	0.08925974	0.89774026	0	0	S1_Accel: -27.30 | S1_Delta: -14.27 | S2_Delta: 2.52
2017/Q4	Normal (정상)	0.926665563	0.05333829	0.019996147	0	0	S1_Accel: 25.52 | S1_Delta: 11.25 | S2_Delta: -18.42
2018/Q1	Caution (주의)	0.060138096	0.761144621	0.178717283	0	0	S1_Accel: -10.33 | S1_Delta: 0.92 | S2_Delta: 26.96
2018/Q2	Danger (위험!!)	0.072727273	0.030575758	0.89669697	0	0	S1_Accel: -21.68 | S1_Delta: -20.76 | S2_Delta: -16.11
2018/Q3	Normal (정상)	0.714542884	0.16809793	0.117359187	0	0	S1_Accel: 15.02 | S1_Delta: -5.73 | S2_Delta: 6.30
2018/Q4	Normal (정상)	0.907356779	0.051615707	0.041027514	0	0	S1_Accel: 20.43 | S1_Delta: 14.69 | S2_Delta: -9.00
2019/Q1	Danger (위험!!)	0.082727273	0.020909091	0.896363636	0	0	S1_Accel: -33.68 | S1_Delta: -18.99 | S2_Delta: -44.77
2019/Q2	Caution (주의)	0.213706722	0.762122643	0.024170635	0	0	S1_Accel: 48.62 | S1_Delta: 29.63 | S2_Delta: 48.69
2019/Q3	Danger (위험!!)	0.063330087	0.145817821	0.790852092	1	0	S1_Accel: -19.66 | S1_Delta: 9.97 | S2_Delta: 4.46
2019/Q4	Normal (정상)	0.769927126	0.117666573	0.112406302	1	0	S1_Accel: 15.51 | S1_Delta: 25.48 | S2_Delta: -4.98
2020/Q1	Danger (위험!!)	0.027272727	0.086350649	0.886376623	0	1	S1_Accel: -78.88 | S1_Delta: -53.40 | S2_Delta: 12.81
2020/Q2	Normal (정상)	0.778482647	0.096583389	0.124933964	0	0	S1_Accel: 44.48 | S1_Delta: -8.93 | S2_Delta: -8.34
2020/Q3	Normal (정상)	0.924595962	0.060606544	0.014797494	0	0	S1_Accel: 27.75 | S1_Delta: 18.83 | S2_Delta: -17.57
2020/Q4	Caution (주의)	0.111452381	0.682876984	0.205670635	0	0	S1_Accel: -10.73 | S1_Delta: 8.10 | S2_Delta: 1.15
2021/Q1	Danger (위험!!)	0.01	0.106714286	0.883285714	0	0	S1_Accel: -27.67 | S1_Delta: -19.57 | S2_Delta: 12.90
2021/Q2	Normal (정상)	0.837346683	0.038360873	0.124292444	0	0	S1_Accel: 16.79 | S1_Delta: -2.78 | S2_Delta: -38.44
2021/Q3	Normal (정상)	0.740456829	0.211697318	0.047845852	0	0	S1_Accel: 10.78 | S1_Delta: 8.00 | S2_Delta: 32.16
2021/Q4	Normal (정상)	0.93700842	0.045050988	0.017940592	0	0	S1_Accel: 1.66 | S1_Delta: 9.67 | S2_Delta: -10.72
2022/Q1	Danger (위험!!)	0.022272727	0.029350649	0.948376623	0	0	S1_Accel: -40.06 | S1_Delta: -30.39 | S2_Delta: 23.00
2022/Q2	Caution (주의)	0.276588884	0.113135281	0.610275835	0	0	S1_Accel: 8.61 | S1_Delta: -21.78 | S2_Delta: -7.42
2022/Q3	Caution (주의)	0.309644995	0.121553152	0.568801853	0	1	S1_Accel: 12.52 | S1_Delta: -9.26 | S2_Delta: -0.62
2022/Q4	Caution (주의)	0.094181506	0.756901533	0.148916961	0	0	S1_Accel: -6.04 | S1_Delta: -15.30 | S2_Delta: 2.25
2023/Q1	Normal (정상)	0.706017445	0.144325973	0.149656582	0	0	S1_Accel: 15.81 | S1_Delta: 0.51 | S2_Delta: 11.33
2023/Q2	Caution (주의)	0.065347884	0.723861111	0.210791005	0	0	S1_Accel: -10.83 | S1_Delta: -10.32 | S2_Delta: -6.73
2023/Q3	Caution (주의)	0.451817596	0.491654549	0.056527855	0	0	S1_Accel: 13.86 | S1_Delta: 3.54 | S2_Delta: -3.54
2023/Q4	Caution (주의)	0.104240114	0.407626225	0.488133661	0	0	S1_Accel: -9.28 | S1_Delta: -5.75 | S2_Delta: -1.46
2024/Q1	Caution (주의)	0.365712364	0.133814674	0.500472962	0	1	S1_Accel: 4.97 | S1_Delta: -0.77 | S2_Delta: 8.43
2024/Q2	Normal (정상)	0.703490316	0.239137444	0.05737224	0	0	S1_Accel: -3.59 | S1_Delta: -4.36 | S2_Delta: -4.70
2024/Q3	Caution (주의)	0.341875725	0.508142296	0.149981979	0	0	S1_Accel: 2.65 | S1_Delta: -1.71 | S2_Delta: 10.29
2024/Q4	Normal (정상)	0.923754565	0.050329032	0.025916403	0	0	S1_Accel: -1.45 | S1_Delta: -3.16 | S2_Delta: -13.41
2025/Q1	Normal (정상)	0.714596442	0.129422299	0.155981259	0	0	S1_Accel: 8.99 | S1_Delta: 5.82 | S2_Delta: 4.44
2025/Q2	Caution (주의)	0.120971861	0.692137085	0.186891053	0	0	S1_Accel: -9.96 | S1_Delta: -4.14 | S2_Delta: -6.25
