발행인,종목코드,종목명,발행일,만기일,통화,발행금액,잔존일물,신용등급,업종
고려아연,KRZF01013DG3,고려아연 20260327-174-13,20260327,20260917,KRW,5000000000,148,AAA0(A1),제조업
고려아연,KRZF01013TG3,고려아연 20260327-174-27,20260327,20260917,KRW,5000000000,148,AAA0(A1),제조업
고려아연,KRZF01013QG3,고려아연 20260327-174-24,20260327,20260917,KRW,5000000000,148,AAA0(A1),제조업
고려아연,KRZF01013LG3,고려아연 20260327-174-20,20260327,20260917,KRW,5000000000,148,AAA0(A1),제조업
고려아연,KRZF01013FG3,고려아연 20260327-174-15,20260327,20260917,KRW,5000000000,148,AAA0(A1),제조업
고려아연,KRZF01013WG3,고려아연 20260327-174-29,20260327,20260917,KRW,5000000000,148,AAA0(A1),제조업
고려아연,KRZF01013HG3,고려아연 20260327-174-17,20260327,20260917,KRW,5000000000,148,AAA0(A1),제조업
고려아연,KRZF01013CG3,고려아연 20260327-174-12,20260327,20260917,KRW,5000000000,148,AAA0(A1),제조업
고려아연,KRZF01013VG3,고려아연 20260327-174-28,20260327,20260917,KRW,5000000000,148,AAA0(A1),제조업
고려아연,KRZF01013SG3,고려아연 20260327-174-26,20260327,20260917,KRW,5000000000,148,AAA0(A1),제조업
고려아연,KRZF01013NG3,고려아연 20260327-174-22,20260327,20260917,KRW,5000000000,148,AAA0(A1),제조업
고려아연,KRZF01013MG3,고려아연 20260327-174-21,20260327,20260917,KRW,5000000000,148,AAA0(A1),제조업
고려아연,KRZF01013JG3,고려아연 20260327-174-18,20260327,20260917,KRW,5000000000,148,AAA0(A1),제조업
고려아연,KRZF01013GG3,고려아연 20260327-174-16,20260327,20260917,KRW,5000000000,148,AAA0(A1),제조업
고려아연,KRZF01013EG3,고려아연 20260327-174-14,20260327,20260917,KRW,5000000000,148,AAA0(A1),제조업
고려아연,KRZF01013YG3,고려아연 20260327-174-31,20260327,20260917,KRW,5000000000,148,AAA0(A1),제조업
고려아연,KRZF01013XG3,고려아연 20260327-174-30,20260327,20260917,KRW,5000000000,148,AAA0(A1),제조업
고려아연,KRZF01013RG3,고려아연 20260327-174-25,20260327,20260917,KRW,5000000000,148,AAA0(A1),제조업
고려아연,KRZF01013PG3,고려아연 20260327-174-23,20260327,20260917,KRW,5000000000,148,AAA0(A1),제조업
고려아연,KRZF01013KG3,고려아연 20260327-174-19,20260327,20260917,KRW,5000000000,148,AAA0(A1),제조업
대한석탄공사,KRZF07686YG3,대한석탄공사 20260327-94-31,20260327,20260629,KRW,5000000000,68,AAA0(A1),광업
대한석탄공사,KRZF076862GF,대한석탄공사 20260327-94-35,20260327,20260629,KRW,5000000000,68,AAA0(A1),광업
대한석탄공사,KRZF076861GF,대한석탄공사 20260327-94-34,20260327,20260629,KRW,5000000000,68,AAA0(A1),광업
대한석탄공사,KRZF07686ZG3,대한석탄공사 20260327-94-32,20260327,20260629,KRW,5000000000,68,AAA0(A1),광업
대한석탄공사,KRZF076863GF,대한석탄공사 20260327-94-36,20260327,20260629,KRW,5000000000,68,AAA0(A1),광업
대한석탄공사,KRZF076860GF,대한석탄공사 20260327-94-33,20260327,20260629,KRW,5000000000,68,AAA0(A1),광업
롯데케미칼,KRZF01117DGF,롯데케미칼 20260327-94-46,20260327,20260629,KRW,10000000000,68,AAA0(A1),제조업
롯데케미칼,KRZF01117EGF,롯데케미칼 20260327-94-47,20260327,20260629,KRW,10000000000,68,AAA0(A1),제조업
롯데케미칼,KRZF01117AGF,롯데케미칼 20260327-94-43,20260327,20260629,KRW,10000000000,68,AAA0(A1),제조업
롯데케미칼,KRZF01117GGF,롯데케미칼 20260327-94-49,20260327,20260629,KRW,10000000000,68,AAA0(A1),제조업
롯데케미칼,KRZF01117HGF,롯데케미칼 20260327-94-50,20260327,20260629,KRW,10000000000,68,AAA0(A1),제조업
롯데케미칼,KRZF01117CGF,롯데케미칼 20260327-94-45,20260327,20260629,KRW,10000000000,68,AAA0(A1),제조업
롯데케미칼,KRZF011179GF,롯데케미칼 20260327-94-42,20260327,20260629,KRW,10000000000,68,AAA0(A1),제조업
롯데케미칼,KRZF011178GF,롯데케미칼 20260327-94-41,20260327,20260629,KRW,10000000000,68,AAA0(A1),제조업
롯데케미칼,KRZF01117FGF,롯데케미칼 20260327-94-48,20260327,20260629,KRW,10000000000,68,AAA0(A1),제조업
롯데케미칼,KRZF01117BGF,롯데케미칼 20260327-94-44,20260327,20260629,KRW,10000000000,68,AAA0(A1),제조업
미래에셋컨설팅,KRZF327121G3,미래에셋컨설팅 20260327-63-1,20260327,20260529,KRW,10000000000,37,AA+(A2+),부동산업
아이엠증권,KRZFA3001NG3,아이엠증권 20260327-151-88,20260327,20260825,KRW,5000000000,125,AAA0(A1),금융 및 보험업
아이엠증권,KRZFA30018G3,아이엠증권 20260327-147-74,20260327,20260821,KRW,5000000000,121,AAA0(A1),금융 및 보험업
아이엠증권,KRZFA30014G3,아이엠증권 20260327-147-70,20260327,20260821,KRW,5000000000,121,AAA0(A1),금융 및 보험업
아이엠증권,KRZFA30012G3,아이엠증권 20260327-147-68,20260327,20260821,KRW,5000000000,121,AAA0(A1),금융 및 보험업
아이엠증권,KRZFA3001KG3,아이엠증권 20260327-151-85,20260327,20260825,KRW,5000000000,125,AAA0(A1),금융 및 보험업
아이엠증권,KRZFA30016G3,아이엠증권 20260327-147-72,20260327,20260821,KRW,5000000000,121,AAA0(A1),금융 및 보험업
아이엠증권,KRZFA30017G3,아이엠증권 20260327-151-73,20260327,20260825,KRW,5000000000,125,AAA0(A1),금융 및 보험업
아이엠증권,KRZFA30015G3,아이엠증권 20260327-147-71,20260327,20260821,KRW,5000000000,121,AAA0(A1),금융 및 보험업
아이엠증권,KRZFA30013G3,아이엠증권 20260327-147-69,20260327,20260821,KRW,5000000000,121,AAA0(A1),금융 및 보험업
아이엠증권,KRZFA3001BG3,아이엠증권 20260327-147-77,20260327,20260821,KRW,5000000000,121,AAA0(A1),금융 및 보험업
아이엠증권,KRZFA3001FG3,아이엠증권 20260327-151-81,20260327,20260825,KRW,5000000000,125,AAA0(A1),금융 및 보험업
아이엠증권,KRZFA3001MG3,아이엠증권 20260327-151-87,20260327,20260825,KRW,5000000000,125,AAA0(A1),금융 및 보험업
아이엠증권,KRZFA30019G3,아이엠증권 20260327-151-75,20260327,20260825,KRW,5000000000,125,AAA0(A1),금융 및 보험업
아이엠증권,KRZFA3001HG3,아이엠증권 20260327-151-83,20260327,20260825,KRW,5000000000,125,AAA0(A1),금융 및 보험업
아이엠증권,KRZFA3001GG3,아이엠증권 20260327-147-82,20260327,20260821,KRW,5000000000,121,AAA0(A1),금융 및 보험업
아이엠증권,KRZFA3001DG3,아이엠증권 20260327-147-79,20260327,20260821,KRW,5000000000,121,AAA0(A1),금융 및 보험업
아이엠증권,KRZFA3001AG3,아이엠증권 20260327-151-76,20260327,20260825,KRW,5000000000,125,AAA0(A1),금융 및 보험업
아이엠증권,KRZFA3001CG3,아이엠증권 20260327-151-78,20260327,20260825,KRW,5000000000,125,AAA0(A1),금융 및 보험업
아이엠증권,KRZFA30011G3,아이엠증권 20260327-147-67,20260327,20260821,KRW,5000000000,121,AAA0(A1),금융 및 보험업
아이엠증권,KRZFA3001JG3,아이엠증권 20260327-151-84,20260327,20260825,KRW,5000000000,125,AAA0(A1),금융 및 보험업
아이엠증권,KRZFA3001LG3,아이엠증권 20260327-151-86,20260327,20260825,KRW,5000000000,125,AAA0(A1),금융 및 보험업
아이엠증권,KRZFA3001EG3,아이엠증권 20260327-151-80,20260327,20260825,KRW,5000000000,125,AAA0(A1),금융 및 보험업
에스알,KRZF24775JG3,에스알 20260327-94-18,20260327,20260629,KRW,10000000000,68,AAA0(A1),운수 및 창고업
에스알,KRZF24775CG3,에스알 20260327-91-12,20260327,20260626,KRW,10000000000,65,AAA0(A1),운수 및 창고업
에스알,KRZF24775GG3,에스알 20260327-94-16,20260327,20260629,KRW,10000000000,68,AAA0(A1),운수 및 창고업
에스알,KRZF24775DG3,에스알 20260327-91-13,20260327,20260626,KRW,10000000000,65,AAA0(A1),운수 및 창고업
에스알,KRZF24775HG3,에스알 20260327-94-17,20260327,20260629,KRW,10000000000,68,AAA0(A1),운수 및 창고업
에스알,KRZF24775FG3,에스알 20260327-94-15,20260327,20260629,KRW,10000000000,68,AAA0(A1),운수 및 창고업
에스알,KRZF24775EG3,에스알 20260327-91-14,20260327,20260626,KRW,10000000000,65,AAA0(A1),운수 및 창고업
케이비증권,KRZFJ0345RGF,케이비증권 20260327-111-256,20260327,20260716,KRW,5000000000,85,AAA0(A1),금융 및 보험업
케이비증권,KRZFN0345KG3,케이비증권 20260327-104-283,20260327,20260709,KRW,5000000000,78,AAA0(A1),금융 및 보험업
케이비증권,KRZFJ0345ZGF,케이비증권 20260327-111-263,20260327,20260716,KRW,5000000000,85,AAA0(A1),금융 및 보험업
케이비증권,KRZFJ0345EGF,케이비증권 20260327-117-245,20260327,20260722,KRW,5000000000,91,AAA0(A1),금융 및 보험업
케이비증권,KRZFN0345FG3,케이비증권 20260327-104-279,20260327,20260709,KRW,5000000000,78,AAA0(A1),금융 및 보험업
케이비증권,KRZFN03456G3,케이비증권 20260327-111-270,20260327,20260716,KRW,5000000000,85,AAA0(A1),금융 및 보험업
케이비증권,KRZFN03450G3,케이비증권 20260327-111-264,20260327,20260716,KRW,5000000000,85,AAA0(A1),금융 및 보험업
케이비증권,KRZFN0345BG3,케이비증권 20260327-111-275,20260327,20260716,KRW,5000000000,85,AAA0(A1),금융 및 보험업
케이비증권,KRZFN0345AG3,케이비증권 20260327-111-274,20260327,20260716,KRW,5000000000,85,AAA0(A1),금융 및 보험업
케이비증권,KRZFN0345HG3,케이비증권 20260327-104-281,20260327,20260709,KRW,5000000000,78,AAA0(A1),금융 및 보험업
케이비증권,KRZFN03457G3,케이비증권 20260327-111-271,20260327,20260716,KRW,5000000000,85,AAA0(A1),금융 및 보험업
케이비증권,KRZFN0345SG3,케이비증권 20260327-104-290,20260327,20260709,KRW,5000000000,78,AAA0(A1),금융 및 보험업
케이비증권,KRZFN0345LG3,케이비증권 20260327-104-284,20260327,20260709,KRW,5000000000,78,AAA0(A1),금융 및 보험업
케이비증권,KRZFN0345EG3,케이비증권 20260327-104-278,20260327,20260709,KRW,5000000000,78,AAA0(A1),금융 및 보험업
케이비증권,KRZFN03455G3,케이비증권 20260327-111-269,20260327,20260716,KRW,5000000000,85,AAA0(A1),금융 및 보험업
케이비증권,KRZFJ0345XGF,케이비증권 20260327-111-261,20260327,20260716,KRW,5000000000,85,AAA0(A1),금융 및 보험업
케이비증권,KRZFJ0345SGF,케이비증권 20260327-111-257,20260327,20260716,KRW,5000000000,85,AAA0(A1),금융 및 보험업
케이비증권,KRZFJ0345QGF,케이비증권 20260327-111-255,20260327,20260716,KRW,5000000000,85,AAA0(A1),금융 및 보험업
케이비증권,KRZFN0345NG3,케이비증권 20260327-104-286,20260327,20260709,KRW,5000000000,78,AAA0(A1),금융 및 보험업
케이비증권,KRZFN03454G3,케이비증권 20260327-111-268,20260327,20260716,KRW,5000000000,85,AAA0(A1),금융 및 보험업
케이비증권,KRZFN03452G3,케이비증권 20260327-111-266,20260327,20260716,KRW,5000000000,85,AAA0(A1),금융 및 보험업
케이비증권,KRZFJ0345KGF,케이비증권 20260327-117-250,20260327,20260722,KRW,5000000000,91,AAA0(A1),금융 및 보험업
케이비증권,KRZFN0345TG3,케이비증권 20260327-104-291,20260327,20260709,KRW,10000000000,78,AAA0(A1),금융 및 보험업
케이비증권,KRZFJ0345VGF,케이비증권 20260327-111-259,20260327,20260716,KRW,5000000000,85,AAA0(A1),금융 및 보험업
케이비증권,KRZFJ0345HGF,케이비증권 20260327-117-248,20260327,20260722,KRW,5000000000,91,AAA0(A1),금융 및 보험업
케이비증권,KRZFJ0345FGF,케이비증권 20260327-117-246,20260327,20260722,KRW,5000000000,91,AAA0(A1),금융 및 보험업
케이비증권,KRZFN0345GG3,케이비증권 20260327-104-280,20260327,20260709,KRW,5000000000,78,AAA0(A1),금융 및 보험업
케이비증권,KRZFJ0345MGF,케이비증권 20260327-117-252,20260327,20260722,KRW,5000000000,91,AAA0(A1),금융 및 보험업
케이비증권,KRZFJ0345NGF,케이비증권 20260327-117-253,20260327,20260722,KRW,5000000000,91,AAA0(A1),금융 및 보험업
케이비증권,KRZFJ0345LGF,케이비증권 20260327-117-251,20260327,20260722,KRW,5000000000,91,AAA0(A1),금융 및 보험업
케이비증권,KRZFN0345DG3,케이비증권 20260327-104-277,20260327,20260709,KRW,5000000000,78,AAA0(A1),금융 및 보험업
케이비증권,KRZFN03458G3,케이비증권 20260327-111-272,20260327,20260716,KRW,5000000000,85,AAA0(A1),금융 및 보험업
케이비증권,KRZFJ0345GGF,케이비증권 20260327-117-247,20260327,20260722,KRW,5000000000,91,AAA0(A1),금융 및 보험업
케이비증권,KRZFN0345QG3,케이비증권 20260327-104-288,20260327,20260709,KRW,5000000000,78,AAA0(A1),금융 및 보험업
케이비증권,KRZFN0345MG3,케이비증권 20260327-104-285,20260327,20260709,KRW,5000000000,78,AAA0(A1),금융 및 보험업
케이비증권,KRZFN03459G3,케이비증권 20260327-111-273,20260327,20260716,KRW,5000000000,85,AAA0(A1),금융 및 보험업
케이비증권,KRZFJ0345PGF,케이비증권 20260327-117-254,20260327,20260722,KRW,5000000000,91,AAA0(A1),금융 및 보험업
케이비증권,KRZFJ0345JGF,케이비증권 20260327-117-249,20260327,20260722,KRW,5000000000,91,AAA0(A1),금융 및 보험업
케이비증권,KRZFN0345PG3,케이비증권 20260327-104-287,20260327,20260709,KRW,5000000000,78,AAA0(A1),금융 및 보험업
케이비증권,KRZFN03453G3,케이비증권 20260327-111-267,20260327,20260716,KRW,5000000000,85,AAA0(A1),금융 및 보험업
케이비증권,KRZFJ0345YGF,케이비증권 20260327-111-262,20260327,20260716,KRW,5000000000,85,AAA0(A1),금융 및 보험업
케이비증권,KRZFN0345WG3,케이비증권 20260327-104-293,20260327,20260709,KRW,10000000000,78,AAA0(A1),금융 및 보험업
케이비증권,KRZFN0345VG3,케이비증권 20260327-104-292,20260327,20260709,KRW,10000000000,78,AAA0(A1),금융 및 보험업
케이비증권,KRZFN0345RG3,케이비증권 20260327-104-289,20260327,20260709,KRW,5000000000,78,AAA0(A1),금융 및 보험업
케이비증권,KRZFN0345JG3,케이비증권 20260327-104-282,20260327,20260709,KRW,5000000000,78,AAA0(A1),금융 및 보험업
케이비증권,KRZFN0345CG3,케이비증권 20260327-111-276,20260327,20260716,KRW,5000000000,85,AAA0(A1),금융 및 보험업
케이비증권,KRZFN03451G3,케이비증권 20260327-111-265,20260327,20260716,KRW,5000000000,85,AAA0(A1),금융 및 보험업
케이비증권,KRZFJ0345WGF,케이비증권 20260327-111-260,20260327,20260716,KRW,5000000000,85,AAA0(A1),금융 및 보험업
케이비증권,KRZFJ0345TGF,케이비증권 20260327-111-258,20260327,20260716,KRW,5000000000,85,AAA0(A1),금융 및 보험업
키움증권,KRZFA3949CG3,키움증권 20260327-364-78,20260327,20270326,KRW,10000000000,338,AAA0(A1),금융 및 보험업
키움증권,KRZFA39495G3,키움증권 20260327-364-71,20260327,20270326,KRW,10000000000,338,AAA0(A1),금융 및 보험업
키움증권,KRZFA39499GF,키움증권 20260327-364-108,20260327,20270326,KRW,10000000000,338,AAA0(A1),금융 및 보험업
키움증권,KRZFA39497GF,키움증권 20260327-364-106,20260327,20270326,KRW,10000000000,338,AAA0(A1),금융 및 보험업
키움증권,KRZFA3949ZG3,키움증권 20260327-364-98,20260327,20270326,KRW,10000000000,338,AAA0(A1),금융 및 보험업
키움증권,KRZFA3949XG3,키움증권 20260327-364-96,20260327,20270326,KRW,10000000000,338,AAA0(A1),금융 및 보험업
키움증권,KRZFA39499G3,키움증권 20260327-364-75,20260327,20270326,KRW,10000000000,338,AAA0(A1),금융 및 보험업
키움증권,KRZFA39495GF,키움증권 20260327-364-104,20260327,20270326,KRW,10000000000,338,AAA0(A1),금융 및 보험업
키움증권,KRZFA3949JG3,키움증권 20260327-364-84,20260327,20270326,KRW,10000000000,338,AAA0(A1),금융 및 보험업
키움증권,KRZFA39498GF,키움증권 20260327-364-107,20260327,20270326,KRW,10000000000,338,AAA0(A1),금융 및 보험업
키움증권,KRZFA3949RG3,키움증권 20260327-364-91,20260327,20270326,KRW,10000000000,338,AAA0(A1),금융 및 보험업
키움증권,KRZFA3949NG3,키움증권 20260327-364-88,20260327,20270326,KRW,10000000000,338,AAA0(A1),금융 및 보험업
키움증권,KRZFA3949HG3,키움증권 20260327-364-83,20260327,20270326,KRW,10000000000,338,AAA0(A1),금융 및 보험업
키움증권,KRZFA3949EG3,키움증권 20260327-364-80,20260327,20270326,KRW,10000000000,338,AAA0(A1),금융 및 보험업
키움증권,KRZFA3949AG3,키움증권 20260327-364-76,20260327,20270326,KRW,10000000000,338,AAA0(A1),금융 및 보험업
키움증권,KRZFA39498G3,키움증권 20260327-364-74,20260327,20270326,KRW,10000000000,338,AAA0(A1),금융 및 보험업
키움증권,KRZFA39497G3,키움증권 20260327-364-73,20260327,20270326,KRW,10000000000,338,AAA0(A1),금융 및 보험업
키움증권,KRZFA3949CGF,키움증권 20260327-364-111,20260327,20270326,KRW,10000000000,338,AAA0(A1),금융 및 보험업
키움증권,KRZFA3949QG3,키움증권 20260327-364-90,20260327,20270326,KRW,10000000000,338,AAA0(A1),금융 및 보험업
키움증권,KRZFA3949GG3,키움증권 20260327-364-82,20260327,20270326,KRW,10000000000,338,AAA0(A1),금융 및 보험업
키움증권,KRZFA3949BGF,키움증권 20260327-364-110,20260327,20270326,KRW,10000000000,338,AAA0(A1),금융 및 보험업
키움증권,KRZFA3949AGF,키움증권 20260327-364-109,20260327,20270326,KRW,10000000000,338,AAA0(A1),금융 및 보험업
키움증권,KRZFA39493GF,키움증권 20260327-364-102,20260327,20270326,KRW,10000000000,338,AAA0(A1),금융 및 보험업
키움증권,KRZFA39492GF,키움증권 20260327-364-101,20260327,20270326,KRW,10000000000,338,AAA0(A1),금융 및 보험업
키움증권,KRZFA39490GF,키움증권 20260327-364-99,20260327,20270326,KRW,10000000000,338,AAA0(A1),금융 및 보험업
키움증권,KRZFA3949YG3,키움증권 20260327-364-97,20260327,20270326,KRW,10000000000,338,AAA0(A1),금융 및 보험업
키움증권,KRZFA3949WG3,키움증권 20260327-364-95,20260327,20270326,KRW,10000000000,338,AAA0(A1),금융 및 보험업
키움증권,KRZFA3949TG3,키움증권 20260327-364-93,20260327,20270326,KRW,10000000000,338,AAA0(A1),금융 및 보험업
키움증권,KRZFA3949LG3,키움증권 20260327-364-86,20260327,20270326,KRW,10000000000,338,AAA0(A1),금융 및 보험업
키움증권,KRZFA3949KG3,키움증권 20260327-364-85,20260327,20270326,KRW,10000000000,338,AAA0(A1),금융 및 보험업
키움증권,KRZFA39496GF,키움증권 20260327-364-105,20260327,20270326,KRW,10000000000,338,AAA0(A1),금융 및 보험업
키움증권,KRZFA39494GF,키움증권 20260327-364-103,20260327,20270326,KRW,10000000000,338,AAA0(A1),금융 및 보험업
키움증권,KRZFA3949MG3,키움증권 20260327-364-87,20260327,20270326,KRW,10000000000,338,AAA0(A1),금융 및 보험업
키움증권,KRZFA3949FG3,키움증권 20260327-364-81,20260327,20270326,KRW,10000000000,338,AAA0(A1),금융 및 보험업
키움증권,KRZFA3949BG3,키움증권 20260327-364-77,20260327,20270326,KRW,10000000000,338,AAA0(A1),금융 및 보험업
키움증권,KRZFA39496G3,키움증권 20260327-364-72,20260327,20270326,KRW,10000000000,338,AAA0(A1),금융 및 보험업
키움증권,KRZFA3949PG3,키움증권 20260327-364-89,20260327,20270326,KRW,10000000000,338,AAA0(A1),금융 및 보험업
키움증권,KRZFA3949DG3,키움증권 20260327-364-79,20260327,20270326,KRW,10000000000,338,AAA0(A1),금융 및 보험업
키움증권,KRZFA3949VG3,키움증권 20260327-364-94,20260327,20270326,KRW,10000000000,338,AAA0(A1),금융 및 보험업
키움증권,KRZFA3949SG3,키움증권 20260327-364-92,20260327,20270326,KRW,10000000000,338,AAA0(A1),금융 및 보험업
키움증권,KRZFA39491GF,키움증권 20260327-364-100,20260327,20270326,KRW,10000000000,338,AAA0(A1),금융 및 보험업
한국전력공사,KRZFE1576YG3,한국전력공사 20260327-91-163,20260327,20260626,KRW,10000000000,65,AAA0(A1),"전기, 가스, 증기 및 공기조절 공급업"
한국전력공사,KRZFE1576FGF,한국전력공사 20260327-91-180,20260327,20260626,KRW,10000000000,65,AAA0(A1),"전기, 가스, 증기 및 공기조절 공급업"
한국전력공사,KRZFE1576AGF,한국전력공사 20260327-91-175,20260327,20260626,KRW,10000000000,65,AAA0(A1),"전기, 가스, 증기 및 공기조절 공급업"
한국전력공사,KRZFE15761GF,한국전력공사 20260327-91-166,20260327,20260626,KRW,10000000000,65,AAA0(A1),"전기, 가스, 증기 및 공기조절 공급업"
한국전력공사,KRZFE15769GF,한국전력공사 20260327-91-174,20260327,20260626,KRW,10000000000,65,AAA0(A1),"전기, 가스, 증기 및 공기조절 공급업"
한국전력공사,KRZFE1576BGF,한국전력공사 20260327-91-176,20260327,20260626,KRW,10000000000,65,AAA0(A1),"전기, 가스, 증기 및 공기조절 공급업"
한국전력공사,KRZFE15768GF,한국전력공사 20260327-91-173,20260327,20260626,KRW,10000000000,65,AAA0(A1),"전기, 가스, 증기 및 공기조절 공급업"
한국전력공사,KRZFE15765GF,한국전력공사 20260327-91-170,20260327,20260626,KRW,10000000000,65,AAA0(A1),"전기, 가스, 증기 및 공기조절 공급업"
한국전력공사,KRZFE1576XG3,한국전력공사 20260327-91-162,20260327,20260626,KRW,10000000000,65,AAA0(A1),"전기, 가스, 증기 및 공기조절 공급업"
한국전력공사,KRZFE1576WG3,한국전력공사 20260327-91-161,20260327,20260626,KRW,10000000000,65,AAA0(A1),"전기, 가스, 증기 및 공기조절 공급업"
한국전력공사,KRZFE15766GF,한국전력공사 20260327-91-171,20260327,20260626,KRW,10000000000,65,AAA0(A1),"전기, 가스, 증기 및 공기조절 공급업"
한국전력공사,KRZFE15760GF,한국전력공사 20260327-91-165,20260327,20260626,KRW,10000000000,65,AAA0(A1),"전기, 가스, 증기 및 공기조절 공급업"
한국전력공사,KRZFE15764GF,한국전력공사 20260327-91-169,20260327,20260626,KRW,10000000000,65,AAA0(A1),"전기, 가스, 증기 및 공기조절 공급업"
한국전력공사,KRZFE15763GF,한국전력공사 20260327-91-168,20260327,20260626,KRW,10000000000,65,AAA0(A1),"전기, 가스, 증기 및 공기조절 공급업"
한국전력공사,KRZFE15762GF,한국전력공사 20260327-91-167,20260327,20260626,KRW,10000000000,65,AAA0(A1),"전기, 가스, 증기 및 공기조절 공급업"
한국전력공사,KRZFE1576DGF,한국전력공사 20260327-91-178,20260327,20260626,KRW,10000000000,65,AAA0(A1),"전기, 가스, 증기 및 공기조절 공급업"
한국전력공사,KRZFE15767GF,한국전력공사 20260327-91-172,20260327,20260626,KRW,10000000000,65,AAA0(A1),"전기, 가스, 증기 및 공기조절 공급업"
한국전력공사,KRZFE1576ZG3,한국전력공사 20260327-91-164,20260327,20260626,KRW,10000000000,65,AAA0(A1),"전기, 가스, 증기 및 공기조절 공급업"
한국전력공사,KRZFE1576CGF,한국전력공사 20260327-91-177,20260327,20260626,KRW,10000000000,65,AAA0(A1),"전기, 가스, 증기 및 공기조절 공급업"
한국전력공사,KRZFE1576EGF,한국전력공사 20260327-91-179,20260327,20260626,KRW,10000000000,65,AAA0(A1),"전기, 가스, 증기 및 공기조절 공급업"
한국조폐공사,KRZF128939G3,한국조폐공사 20260327-95-9,20260327,20260630,KRW,5000000000,69,AAA0(A1),제조업
한국조폐공사,KRZF12893DG3,한국조폐공사 20260327-95-13,20260327,20260630,KRW,5000000000,69,AAA0(A1),제조업
한국조폐공사,KRZF12893AG3,한국조폐공사 20260327-95-10,20260327,20260630,KRW,5000000000,69,AAA0(A1),제조업
한국조폐공사,KRZF12893EG3,한국조폐공사 20260327-95-14,20260327,20260630,KRW,5000000000,69,AAA0(A1),제조업
한국조폐공사,KRZF12893CG3,한국조폐공사 20260327-95-12,20260327,20260630,KRW,5000000000,69,AAA0(A1),제조업
한국조폐공사,KRZF12893BG3,한국조폐공사 20260327-95-11,20260327,20260630,KRW,5000000000,69,AAA0(A1),제조업
한국주택금융공사,KRZF079153G3,한국주택금융공사 20260327-91-3,20260327,20260626,KRW,10000000000,65,AAA0(A1),금융 및 보험업
한국주택금융공사,KRZF07915AG3,한국주택금융공사 20260327-91-10,20260327,20260626,KRW,10000000000,65,AAA0(A1),금융 및 보험업
한국주택금융공사,KRZF079157G3,한국주택금융공사 20260327-91-7,20260327,20260626,KRW,10000000000,65,AAA0(A1),금융 및 보험업
한국주택금융공사,KRZF079156G3,한국주택금융공사 20260327-91-6,20260327,20260626,KRW,10000000000,65,AAA0(A1),금융 및 보험업
한국주택금융공사,KRZF079155G3,한국주택금융공사 20260327-91-5,20260327,20260626,KRW,10000000000,65,AAA0(A1),금융 및 보험업
한국주택금융공사,KRZF079158G3,한국주택금융공사 20260327-91-8,20260327,20260626,KRW,10000000000,65,AAA0(A1),금융 및 보험업
한국주택금융공사,KRZF079151G3,한국주택금융공사 20260327-91-1,20260327,20260626,KRW,10000000000,65,AAA0(A1),금융 및 보험업
한국주택금융공사,KRZF079159G3,한국주택금융공사 20260327-91-9,20260327,20260626,KRW,10000000000,65,AAA0(A1),금융 및 보험업
한국주택금융공사,KRZF079154G3,한국주택금융공사 20260327-91-4,20260327,20260626,KRW,10000000000,65,AAA0(A1),금융 및 보험업
한국주택금융공사,KRZF079152G3,한국주택금융공사 20260327-91-2,20260327,20260626,KRW,10000000000,65,AAA0(A1),금융 및 보험업
한국투자캐피탈,KRZF214344G3,한국투자캐피탈 20260327-31-4,20260327,20260427,KRW,5000000000,5,AA0(A2),금융 및 보험업
한국투자캐피탈,KRZF214343G3,한국투자캐피탈 20260327-31-3,20260327,20260427,KRW,5000000000,5,AA0(A2),금융 및 보험업
한양증권,KRZF001755G3,한양증권 20260327-185-5,20260327,20260928,KRW,5000000000,159,AA0(A2),금융 및 보험업
NH투자증권,KRZFA0594LG3,NH투자증권 20260326-364-86,20260326,20270325,KRW,10000000000,337,AAA0(A1),금융 및 보험업
NH투자증권,KRZFA0594JG3,NH투자증권 20260326-364-84,20260326,20270325,KRW,10000000000,337,AAA0(A1),금융 및 보험업
NH투자증권,KRZFA0594MG3,NH투자증권 20260326-364-87,20260326,20270325,KRW,10000000000,337,AAA0(A1),금융 및 보험업
NH투자증권,KRZFA0594RG3,NH투자증권 20260326-364-91,20260326,20270325,KRW,10000000000,337,AAA0(A1),금융 및 보험업
NH투자증권,KRZFA0594PG3,NH투자증권 20260326-364-89,20260326,20270325,KRW,10000000000,337,AAA0(A1),금융 및 보험업
NH투자증권,KRZFA0594SG3,NH투자증권 20260326-364-92,20260326,20270325,KRW,10000000000,337,AAA0(A1),금융 및 보험업
NH투자증권,KRZFA0594QG3,NH투자증권 20260326-364-90,20260326,20270325,KRW,10000000000,337,AAA0(A1),금융 및 보험업
NH투자증권,KRZFA0594HG3,NH투자증권 20260326-364-83,20260326,20270325,KRW,10000000000,337,AAA0(A1),금융 및 보험업
NH투자증권,KRZFA0594NG3,NH투자증권 20260326-364-88,20260326,20270325,KRW,10000000000,337,AAA0(A1),금융 및 보험업
NH투자증권,KRZFA0594KG3,NH투자증권 20260326-364-85,20260326,20270325,KRW,10000000000,337,AAA0(A1),금융 및 보험업
고려아연,KRZF01013BG3,고려아연 20260326-180-11,20260326,20260922,KRW,150000000000,153,AAA0(A1),제조업
대한석탄공사,KRZF07686WG3,대한석탄공사 20260326-175-29,20260326,20260917,KRW,10000000000,148,AAA0(A1),광업
대한석탄공사,KRZF07686VG3,대한석탄공사 20260326-175-28,20260326,20260917,KRW,10000000000,148,AAA0(A1),광업
대한석탄공사,KRZF07686XG3,대한석탄공사 20260326-175-30,20260326,20260917,KRW,10000000000,148,AAA0(A1),광업
동부건설,KRZF005962G3,동부건설 20260326-186-2,20260326,20260928,KRW,6000000000,159,A0(A3),건설업
동부건설,KRZF005961G3,동부건설 20260326-186-1,20260326,20260928,KRW,4000000000,159,A0(A3),건설업
아이비케이캐피탈,KRZF01945KG3,아이비케이캐피탈 20260326-188-19,20260326,20260930,KRW,5000000000,161,AAA0(A1),금융 및 보험업
아이비케이캐피탈,KRZF01945EG3,아이비케이캐피탈 20260326-96-14,20260326,20260630,KRW,5000000000,69,AAA0(A1),금융 및 보험업
아이비케이캐피탈,KRZF01945DG3,아이비케이캐피탈 20260326-96-13,20260326,20260630,KRW,5000000000,69,AAA0(A1),금융 및 보험업
아이비케이캐피탈,KRZF01945LG3,아이비케이캐피탈 20260326-188-20,20260326,20260930,KRW,5000000000,161,AAA0(A1),금융 및 보험업
아이비케이캐피탈,KRZF01945NG3,아이비케이캐피탈 20260326-188-22,20260326,20260930,KRW,5000000000,161,AAA0(A1),금융 및 보험업
아이비케이캐피탈,KRZF01945HG3,아이비케이캐피탈 20260326-188-17,20260326,20260930,KRW,5000000000,161,AAA0(A1),금융 및 보험업
아이비케이캐피탈,KRZF01945FG3,아이비케이캐피탈 20260326-96-15,20260326,20260630,KRW,5000000000,69,AAA0(A1),금융 및 보험업
아이비케이캐피탈,KRZF01945GG3,아이비케이캐피탈 20260326-96-16,20260326,20260630,KRW,5000000000,69,AAA0(A1),금융 및 보험업
아이비케이캐피탈,KRZF01945JG3,아이비케이캐피탈 20260326-188-18,20260326,20260930,KRW,5000000000,161,AAA0(A1),금융 및 보험업
아이비케이캐피탈,KRZF01945MG3,아이비케이캐피탈 20260326-188-21,20260326,20260930,KRW,5000000000,161,AAA0(A1),금융 및 보험업
아이엠증권,KRZF03001LGF,아이엠증권 20260326-120-53,20260326,20260724,KRW,5000000000,93,AAA0(A1),금융 및 보험업
아이엠증권,KRZF03001CGF,아이엠증권 20260326-120-45,20260326,20260724,KRW,5000000000,93,AAA0(A1),금융 및 보험업
아이엠증권,KRZF03001JGF,아이엠증권 20260326-120-51,20260326,20260724,KRW,5000000000,93,AAA0(A1),금융 및 보험업
아이엠증권,KRZF03001DGF,아이엠증권 20260326-120-46,20260326,20260724,KRW,5000000000,93,AAA0(A1),금융 및 보험업
아이엠증권,KRZF03001RGF,아이엠증권 20260326-125-58,20260326,20260729,KRW,5000000000,98,AAA0(A1),금융 및 보험업
아이엠증권,KRZF03001PGF,아이엠증권 20260326-125-56,20260326,20260729,KRW,5000000000,98,AAA0(A1),금융 및 보험업
아이엠증권,KRZF03001NGF,아이엠증권 20260326-125-55,20260326,20260729,KRW,5000000000,98,AAA0(A1),금융 및 보험업
아이엠증권,KRZF03001MGF,아이엠증권 20260326-120-54,20260326,20260724,KRW,5000000000,93,AAA0(A1),금융 및 보험업
아이엠증권,KRZF03001TGF,아이엠증권 20260326-125-60,20260326,20260729,KRW,5000000000,98,AAA0(A1),금융 및 보험업
아이엠증권,KRZF03001KGF,아이엠증권 20260326-120-52,20260326,20260724,KRW,5000000000,93,AAA0(A1),금융 및 보험업
아이엠증권,KRZF03001YGF,아이엠증권 20260326-187-64,20260326,20260929,KRW,5000000000,160,AAA0(A1),금융 및 보험업
아이엠증권,KRZF03001ZGF,아이엠증권 20260326-112-65,20260326,20260716,KRW,5000000000,85,AAA0(A1),금융 및 보험업
아이엠증권,KRZF03001GGF,아이엠증권 20260326-120-49,20260326,20260724,KRW,5000000000,93,AAA0(A1),금융 및 보험업
아이엠증권,KRZF03001EGF,아이엠증권 20260326-120-47,20260326,20260724,KRW,5000000000,93,AAA0(A1),금융 및 보험업
아이엠증권,KRZFA30010G3,아이엠증권 20260326-112-66,20260326,20260716,KRW,5000000000,85,AAA0(A1),금융 및 보험업
아이엠증권,KRZF03001VGF,아이엠증권 20260326-187-61,20260326,20260929,KRW,5000000000,160,AAA0(A1),금융 및 보험업
아이엠증권,KRZF03001SGF,아이엠증권 20260326-125-59,20260326,20260729,KRW,5000000000,98,AAA0(A1),금융 및 보험업
아이엠증권,KRZF03001HGF,아이엠증권 20260326-120-50,20260326,20260724,KRW,5000000000,93,AAA0(A1),금융 및 보험업
아이엠증권,KRZF03001FGF,아이엠증권 20260326-120-48,20260326,20260724,KRW,5000000000,93,AAA0(A1),금융 및 보험업
아이엠증권,KRZF03001XGF,아이엠증권 20260326-187-63,20260326,20260929,KRW,5000000000,160,AAA0(A1),금융 및 보험업
아이엠증권,KRZF03001WGF,아이엠증권 20260326-187-62,20260326,20260929,KRW,5000000000,160,AAA0(A1),금융 및 보험업
아이엠증권,KRZF03001QGF,아이엠증권 20260326-125-57,20260326,20260729,KRW,5000000000,98,AAA0(A1),금융 및 보험업
오케이넥스트,KRZF068971G3,오케이넥스트 20260326-186-1,20260326,20260928,KRW,3000000000,159,A0(A3),금융 및 보험업
오케이넥스트,KRZF068978G3,오케이넥스트 20260326-186-8,20260326,20260928,KRW,100000000,159,A0(A3),금융 및 보험업
오케이넥스트,KRZF068973G3,오케이넥스트 20260326-186-3,20260326,20260928,KRW,1000000000,159,A0(A3),금융 및 보험업
오케이넥스트,KRZF068979G3,오케이넥스트 20260326-186-9,20260326,20260928,KRW,100000000,159,A0(A3),금융 및 보험업
오케이넥스트,KRZF068972G3,오케이넥스트 20260326-186-2,20260326,20260928,KRW,1000000000,159,A0(A3),금융 및 보험업
오케이넥스트,KRZF068977G3,오케이넥스트 20260326-186-7,20260326,20260928,KRW,100000000,159,A0(A3),금융 및 보험업
오케이넥스트,KRZF068976G3,오케이넥스트 20260326-186-6,20260326,20260928,KRW,100000000,159,A0(A3),금융 및 보험업
오케이넥스트,KRZF06897AG3,오케이넥스트 20260326-186-10,20260326,20260928,KRW,100000000,159,A0(A3),금융 및 보험업
오케이넥스트,KRZF068974G3,오케이넥스트 20260326-186-4,20260326,20260928,KRW,1000000000,159,A0(A3),금융 및 보험업
오케이넥스트,KRZF068975G3,오케이넥스트 20260326-186-5,20260326,20260928,KRW,500000000,159,A0(A3),금융 및 보험업
우리카드,KRZF17414QGF,우리카드 20260326-29-57,20260326,20260424,KRW,10000000000,2,AAA0(A1),금융 및 보험업
우리카드,KRZF17414VGF,우리카드 20260326-29-61,20260326,20260424,KRW,10000000000,2,AAA0(A1),금융 및 보험업
우리카드,KRZF17414YGF,우리카드 20260326-29-64,20260326,20260424,KRW,10000000000,2,AAA0(A1),금융 및 보험업
우리카드,KRZF17414NGF,우리카드 20260326-29-55,20260326,20260424,KRW,10000000000,2,AAA0(A1),금융 및 보험업
우리카드,KRZF17414TGF,우리카드 20260326-29-60,20260326,20260424,KRW,10000000000,2,AAA0(A1),금융 및 보험업
우리카드,KRZF17414RGF,우리카드 20260326-29-58,20260326,20260424,KRW,10000000000,2,AAA0(A1),금융 및 보험업
우리카드,KRZF17414WGF,우리카드 20260326-29-62,20260326,20260424,KRW,10000000000,2,AAA0(A1),금융 및 보험업
우리카드,KRZF17414XGF,우리카드 20260326-29-63,20260326,20260424,KRW,10000000000,2,AAA0(A1),금융 및 보험업
우리카드,KRZF17414PGF,우리카드 20260326-29-56,20260326,20260424,KRW,10000000000,2,AAA0(A1),금융 및 보험업
우리카드,KRZF17414SGF,우리카드 20260326-29-59,20260326,20260424,KRW,10000000000,2,AAA0(A1),금융 및 보험업
이랜드월드,KRZF035652G3,이랜드월드 20260326-181-2,20260326,20260923,KRW,5000000000,154,A0(A3),도매 및 소매업
케이비증권,KRZFJ0345WG3,케이비증권 20260326-364-227,20260326,20270325,KRW,10000000000,337,AAA0(A1),금융 및 보험업
케이비증권,KRZFJ03456GF,케이비증권 20260326-364-237,20260326,20270325,KRW,10000000000,337,AAA0(A1),금융 및 보험업
케이비증권,KRZFJ0345YG3,케이비증권 20260326-364-229,20260326,20270325,KRW,10000000000,337,AAA0(A1),금융 및 보험업
케이비증권,KRZFJ0345QG3,케이비증권 20260326-364-222,20260326,20270325,KRW,10000000000,337,AAA0(A1),금융 및 보험업
케이비증권,KRZFJ0345KG3,케이비증권 20260326-364-217,20260326,20270325,KRW,10000000000,337,AAA0(A1),금융 및 보험업
케이비증권,KRZFJ0345HG3,케이비증권 20260326-364-215,20260326,20270325,KRW,10000000000,337,AAA0(A1),금융 및 보험업
케이비증권,KRZFJ03451GF,케이비증권 20260326-364-232,20260326,20270325,KRW,10000000000,337,AAA0(A1),금융 및 보험업
케이비증권,KRZFJ0345AG3,케이비증권 20260326-364-208,20260326,20270325,KRW,10000000000,337,AAA0(A1),금융 및 보험업
케이비증권,KRZFJ03458G3,케이비증권 20260326-364-206,20260326,20270325,KRW,10000000000,337,AAA0(A1),금융 및 보험업
케이비증권,KRZFJ0345ZG3,케이비증권 20260326-364-230,20260326,20270325,KRW,10000000000,337,AAA0(A1),금융 및 보험업
케이비증권,KRZFJ0345LG3,케이비증권 20260326-364-218,20260326,20270325,KRW,10000000000,337,AAA0(A1),금융 및 보험업
케이비증권,KRZFJ0345FG3,케이비증권 20260326-364-213,20260326,20270325,KRW,10000000000,337,AAA0(A1),금융 및 보험업
케이비증권,KRZFJ0345DG3,케이비증권 20260326-364-211,20260326,20270325,KRW,10000000000,337,AAA0(A1),금융 및 보험업
케이비증권,KRZFJ03456G3,케이비증권 20260326-364-204,20260326,20270325,KRW,10000000000,337,AAA0(A1),금융 및 보험업
케이비증권,KRZFJ0345AGF,케이비증권 20260326-364-241,20260326,20270325,KRW,10000000000,337,AAA0(A1),금융 및 보험업
케이비증권,KRZFJ0345CG3,케이비증권 20260326-364-210,20260326,20270325,KRW,10000000000,337,AAA0(A1),금융 및 보험업
케이비증권,KRZFJ03457G3,케이비증권 20260326-364-205,20260326,20270325,KRW,10000000000,337,AAA0(A1),금융 및 보험업
케이비증권,KRZFJ0345CGF,케이비증권 20260326-364-243,20260326,20270325,KRW,10000000000,337,AAA0(A1),금융 및 보험업
케이비증권,KRZFJ0345BGF,케이비증권 20260326-364-242,20260326,20270325,KRW,10000000000,337,AAA0(A1),금융 및 보험업
케이비증권,KRZFJ0345BG3,케이비증권 20260326-364-209,20260326,20270325,KRW,10000000000,337,AAA0(A1),금융 및 보험업
케이비증권,KRZFJ03459G3,케이비증권 20260326-364-207,20260326,20270325,KRW,10000000000,337,AAA0(A1),금융 및 보험업
케이비증권,KRZFJ03457GF,케이비증권 20260326-364-238,20260326,20270325,KRW,10000000000,337,AAA0(A1),금융 및 보험업
케이비증권,KRZFJ0345TG3,케이비증권 20260326-364-225,20260326,20270325,KRW,10000000000,337,AAA0(A1),금융 및 보험업
케이비증권,KRZFJ0345PG3,케이비증권 20260326-364-221,20260326,20270325,KRW,10000000000,337,AAA0(A1),금융 및 보험업
케이비증권,KRZFJ0345GG3,케이비증권 20260326-364-214,20260326,20270325,KRW,10000000000,337,AAA0(A1),금융 및 보험업
케이비증권,KRZFJ0345EG3,케이비증권 20260326-364-212,20260326,20270325,KRW,10000000000,337,AAA0(A1),금융 및 보험업
케이비증권,KRZFJ0345SG3,케이비증권 20260326-364-224,20260326,20270325,KRW,10000000000,337,AAA0(A1),금융 및 보험업
케이비증권,KRZFJ0345JG3,케이비증권 20260326-364-216,20260326,20270325,KRW,10000000000,337,AAA0(A1),금융 및 보험업
케이비증권,KRZFJ03459GF,케이비증권 20260326-364-240,20260326,20270325,KRW,10000000000,337,AAA0(A1),금융 및 보험업
케이비증권,KRZFJ03458GF,케이비증권 20260326-364-239,20260326,20270325,KRW,10000000000,337,AAA0(A1),금융 및 보험업
케이비증권,KRZFJ03455GF,케이비증권 20260326-364-236,20260326,20270325,KRW,10000000000,337,AAA0(A1),금융 및 보험업
케이비증권,KRZFJ03452GF,케이비증권 20260326-364-233,20260326,20270325,KRW,10000000000,337,AAA0(A1),금융 및 보험업
케이비증권,KRZFJ0345XG3,케이비증권 20260326-364-228,20260326,20270325,KRW,10000000000,337,AAA0(A1),금융 및 보험업
케이비증권,KRZFJ0345VG3,케이비증권 20260326-364-226,20260326,20270325,KRW,10000000000,337,AAA0(A1),금융 및 보험업
케이비증권,KRZFJ0345RG3,케이비증권 20260326-364-223,20260326,20270325,KRW,10000000000,337,AAA0(A1),금융 및 보험업
케이비증권,KRZFJ0345NG3,케이비증권 20260326-364-220,20260326,20270325,KRW,10000000000,337,AAA0(A1),금융 및 보험업
케이비증권,KRZFJ0345MG3,케이비증권 20260326-364-219,20260326,20270325,KRW,10000000000,337,AAA0(A1),금융 및 보험업
케이비증권,KRZFJ0345DGF,케이비증권 20260326-364-244,20260326,20270325,KRW,10000000000,337,AAA0(A1),금융 및 보험업
케이비증권,KRZFJ03453GF,케이비증권 20260326-364-234,20260326,20270325,KRW,10000000000,337,AAA0(A1),금융 및 보험업
케이비증권,KRZFJ03454GF,케이비증권 20260326-364-235,20260326,20270325,KRW,10000000000,337,AAA0(A1),금융 및 보험업
케이비증권,KRZFJ03450GF,케이비증권 20260326-364-231,20260326,20270325,KRW,10000000000,337,AAA0(A1),금융 및 보험업
키움캐피탈,KRZF310104G3,키움캐피탈 20260326-187-4,20260326,20260929,KRW,2000000000,160,AA-(A2-),금융 및 보험업
키움캐피탈,KRZF310105G3,키움캐피탈 20260326-187-5,20260326,20260929,KRW,2000000000,160,AA-(A2-),금융 및 보험업
키움캐피탈,KRZF310106G3,키움캐피탈 20260326-187-6,20260326,20260929,KRW,2000000000,160,AA-(A2-),금융 및 보험업
키움캐피탈,KRZF310108G3,키움캐피탈 20260326-187-8,20260326,20260929,KRW,2000000000,160,AA-(A2-),금융 및 보험업
키움캐피탈,KRZF310107G3,키움캐피탈 20260326-187-7,20260326,20260929,KRW,2000000000,160,AA-(A2-),금융 및 보험업
한양증권,KRZF001753G3,한양증권 20260326-32-3,20260326,20260427,KRW,10000000000,5,AA0(A2),금융 및 보험업
KB국민카드,KRZF140177GF,KB국민카드 20260325-364-40,20260325,20270324,KRW,10000000000,336,AAA0(A1),금융 및 보험업
KB국민카드,KRZF140175GF,KB국민카드 20260325-364-38,20260325,20270324,KRW,10000000000,336,AAA0(A1),금융 및 보험업
KB국민카드,KRZF140171GF,KB국민카드 20260325-364-34,20260325,20270324,KRW,10000000000,336,AAA0(A1),금융 및 보험업
KB국민카드,KRZF140174GF,KB국민카드 20260325-364-37,20260325,20270324,KRW,10000000000,336,AAA0(A1),금융 및 보험업
KB국민카드,KRZF140172GF,KB국민카드 20260325-364-35,20260325,20270324,KRW,10000000000,336,AAA0(A1),금융 및 보험업
KB국민카드,KRZF140176GF,KB국민카드 20260325-364-39,20260325,20270324,KRW,10000000000,336,AAA0(A1),금융 및 보험업
KB국민카드,KRZF140173GF,KB국민카드 20260325-364-36,20260325,20270324,KRW,10000000000,336,AAA0(A1),금융 및 보험업
KB국민카드,KRZF140170GF,KB국민카드 20260325-364-33,20260325,20270324,KRW,10000000000,336,AAA0(A1),금융 및 보험업
KB국민카드,KRZF14017YG3,KB국민카드 20260325-364-31,20260325,20270324,KRW,10000000000,336,AAA0(A1),금융 및 보험업
KB국민카드,KRZF14017ZG3,KB국민카드 20260325-364-32,20260325,20270324,KRW,10000000000,336,AAA0(A1),금융 및 보험업
SK증권,KRZF001513G3,SK증권 20260325-180-3,20260325,20260921,KRW,2000000000,152,AA0(A2),금융 및 보험업
메리츠증권,KRZFA08567G3,메리츠증권 20260325-159-73,20260325,20260831,KRW,5000000000,131,AAA0(A1),금융 및 보험업
메리츠증권,KRZFA08569G3,메리츠증권 20260325-159-75,20260325,20260831,KRW,5000000000,131,AAA0(A1),금융 및 보험업
메리츠증권,KRZFA08565G3,메리츠증권 20260325-159-71,20260325,20260831,KRW,5000000000,131,AAA0(A1),금융 및 보험업
메리츠증권,KRZFA0856AG3,메리츠증권 20260325-159-76,20260325,20260831,KRW,5000000000,131,AAA0(A1),금융 및 보험업
메리츠증권,KRZFA08568G3,메리츠증권 20260325-159-74,20260325,20260831,KRW,5000000000,131,AAA0(A1),금융 및 보험업
메리츠증권,KRZFA08566G3,메리츠증권 20260325-159-72,20260325,20260831,KRW,5000000000,131,AAA0(A1),금융 및 보험업
삼성카드,KRZFA2978QG3,삼성카드 20260325-364-90,20260325,20270324,KRW,10000000000,336,AAA0(A1),금융 및 보험업
삼성카드,KRZFA2978SG3,삼성카드 20260325-364-92,20260325,20270324,KRW,10000000000,336,AAA0(A1),금융 및 보험업
삼성카드,KRZFA2978NG3,삼성카드 20260325-364-88,20260325,20270324,KRW,10000000000,336,AAA0(A1),금융 및 보험업
삼성카드,KRZFA2978LG3,삼성카드 20260325-364-86,20260325,20270324,KRW,10000000000,336,AAA0(A1),금융 및 보험업
삼성카드,KRZFA2978TG3,삼성카드 20260325-364-93,20260325,20270324,KRW,10000000000,336,AAA0(A1),금융 및 보험업
삼성카드,KRZFA2978RG3,삼성카드 20260325-364-91,20260325,20270324,KRW,10000000000,336,AAA0(A1),금융 및 보험업
삼성카드,KRZFA2978MG3,삼성카드 20260325-364-87,20260325,20270324,KRW,10000000000,336,AAA0(A1),금융 및 보험업
삼성카드,KRZFA2978JG3,삼성카드 20260325-364-84,20260325,20270324,KRW,10000000000,336,AAA0(A1),금융 및 보험업
삼성카드,KRZFA2978KG3,삼성카드 20260325-364-85,20260325,20270324,KRW,10000000000,336,AAA0(A1),금융 및 보험업
삼성카드,KRZFA2978VG3,삼성카드 20260325-364-94,20260325,20270324,KRW,5000000000,336,AAA0(A1),금융 및 보험업
삼성카드,KRZFA2978PG3,삼성카드 20260325-364-89,20260325,20270324,KRW,10000000000,336,AAA0(A1),금융 및 보험업
씨제이제일제당,KRZF09795XG3,씨제이제일제당 20260325-6-30,20260325,20260331,KRW,5000000000,-22,AAA0(A1),제조업
씨제이제일제당,KRZF097952GF,씨제이제일제당 20260325-6-35,20260325,20260331,KRW,5000000000,-22,AAA0(A1),제조업
씨제이제일제당,KRZF09795YG3,씨제이제일제당 20260325-6-31,20260325,20260331,KRW,5000000000,-22,AAA0(A1),제조업
씨제이제일제당,KRZF097951GF,씨제이제일제당 20260325-6-34,20260325,20260331,KRW,5000000000,-22,AAA0(A1),제조업
씨제이제일제당,KRZF09795WG3,씨제이제일제당 20260325-6-29,20260325,20260331,KRW,5000000000,-22,AAA0(A1),제조업
씨제이제일제당,KRZF09795SG3,씨제이제일제당 20260325-6-26,20260325,20260331,KRW,5000000000,-22,AAA0(A1),제조업
씨제이제일제당,KRZF09795RG3,씨제이제일제당 20260325-6-25,20260325,20260331,KRW,5000000000,-22,AAA0(A1),제조업
씨제이제일제당,KRZF09795VG3,씨제이제일제당 20260325-6-28,20260325,20260331,KRW,5000000000,-22,AAA0(A1),제조업
씨제이제일제당,KRZF09795TG3,씨제이제일제당 20260325-6-27,20260325,20260331,KRW,5000000000,-22,AAA0(A1),제조업
씨제이제일제당,KRZF097950GF,씨제이제일제당 20260325-6-33,20260325,20260331,KRW,5000000000,-22,AAA0(A1),제조업
씨제이제일제당,KRZF09795ZG3,씨제이제일제당 20260325-6-32,20260325,20260331,KRW,5000000000,-22,AAA0(A1),제조업
에스알,KRZF24775BG3,에스알 20260325-92-11,20260325,20260625,KRW,10000000000,64,AAA0(A1),운수 및 창고업
에스알,KRZF24775AG3,에스알 20260325-92-10,20260325,20260625,KRW,10000000000,64,AAA0(A1),운수 및 창고업
에스케이넥실리스,KRZF32189FGF,에스케이넥실리스 20260325-92-48,20260325,20260625,KRW,5000000000,64,AA0(A2),제조업
에스케이넥실리스,KRZF32189KGF,에스케이넥실리스 20260325-92-52,20260325,20260625,KRW,5000000000,64,AA0(A2),제조업
에스케이넥실리스,KRZF32189GGF,에스케이넥실리스 20260325-92-49,20260325,20260625,KRW,5000000000,64,AA0(A2),제조업
에스케이넥실리스,KRZF32189QGF,에스케이넥실리스 20260325-92-57,20260325,20260625,KRW,5000000000,64,AA0(A2),제조업
에스케이넥실리스,KRZF32189PGF,에스케이넥실리스 20260325-92-56,20260325,20260625,KRW,5000000000,64,AA0(A2),제조업
에스케이넥실리스,KRZF32189NGF,에스케이넥실리스 20260325-92-55,20260325,20260625,KRW,5000000000,64,AA0(A2),제조업
에스케이넥실리스,KRZF32189HGF,에스케이넥실리스 20260325-92-50,20260325,20260625,KRW,5000000000,64,AA0(A2),제조업
에스케이넥실리스,KRZF32189MGF,에스케이넥실리스 20260325-92-54,20260325,20260625,KRW,5000000000,64,AA0(A2),제조업
에스케이넥실리스,KRZF32189LGF,에스케이넥실리스 20260325-92-53,20260325,20260625,KRW,5000000000,64,AA0(A2),제조업
에스케이넥실리스,KRZF32189JGF,에스케이넥실리스 20260325-92-51,20260325,20260625,KRW,5000000000,64,AA0(A2),제조업
한국토지주택공사,KRZFB1760FGF,한국토지주택공사 20260325-89-114,20260325,20260622,KRW,10000000000,61,AAA0(A1),건설업
한국토지주택공사,KRZFB1760HGF,한국토지주택공사 20260325-89-116,20260325,20260622,KRW,10000000000,61,AAA0(A1),건설업
한국토지주택공사,KRZFB1760YGF,한국토지주택공사 20260325-89-130,20260325,20260622,KRW,10000000000,61,AAA0(A1),건설업
한국토지주택공사,KRZFB1760RGF,한국토지주택공사 20260325-89-124,20260325,20260622,KRW,10000000000,61,AAA0(A1),건설업
한국토지주택공사,KRZFB1760NGF,한국토지주택공사 20260325-89-121,20260325,20260622,KRW,10000000000,61,AAA0(A1),건설업
한국토지주택공사,KRZFB1760MGF,한국토지주택공사 20260325-89-120,20260325,20260622,KRW,10000000000,61,AAA0(A1),건설업
한국토지주택공사,KRZFB1760XGF,한국토지주택공사 20260325-89-129,20260325,20260622,KRW,10000000000,61,AAA0(A1),건설업
한국토지주택공사,KRZFB1760TGF,한국토지주택공사 20260325-89-126,20260325,20260622,KRW,10000000000,61,AAA0(A1),건설업
한국토지주택공사,KRZFB1760CGF,한국토지주택공사 20260325-89-111,20260325,20260622,KRW,10000000000,61,AAA0(A1),건설업
한국토지주택공사,KRZFB1760QGF,한국토지주택공사 20260325-89-123,20260325,20260622,KRW,10000000000,61,AAA0(A1),건설업
한국토지주택공사,KRZFB1760PGF,한국토지주택공사 20260325-89-122,20260325,20260622,KRW,10000000000,61,AAA0(A1),건설업
한국토지주택공사,KRZFB1760JGF,한국토지주택공사 20260325-89-117,20260325,20260622,KRW,10000000000,61,AAA0(A1),건설업
한국토지주택공사,KRZFB1760KGF,한국토지주택공사 20260325-89-118,20260325,20260622,KRW,10000000000,61,AAA0(A1),건설업
한국토지주택공사,KRZFB1760GGF,한국토지주택공사 20260325-89-115,20260325,20260622,KRW,10000000000,61,AAA0(A1),건설업
한국토지주택공사,KRZFB1760EGF,한국토지주택공사 20260325-89-113,20260325,20260622,KRW,10000000000,61,AAA0(A1),건설업
한국토지주택공사,KRZFB1760WGF,한국토지주택공사 20260325-89-128,20260325,20260622,KRW,10000000000,61,AAA0(A1),건설업
한국토지주택공사,KRZFB1760VGF,한국토지주택공사 20260325-89-127,20260325,20260622,KRW,10000000000,61,AAA0(A1),건설업
한국토지주택공사,KRZFB1760DGF,한국토지주택공사 20260325-89-112,20260325,20260622,KRW,10000000000,61,AAA0(A1),건설업
한국토지주택공사,KRZFB1760SGF,한국토지주택공사 20260325-89-125,20260325,20260622,KRW,10000000000,61,AAA0(A1),건설업
한국토지주택공사,KRZFB1760LGF,한국토지주택공사 20260325-89-119,20260325,20260622,KRW,10000000000,61,AAA0(A1),건설업
NH투자증권,KRZFA05940G3,NH투자증권 20260324-364-66,20260324,20270323,KRW,10000000000,335,AAA0(A1),금융 및 보험업
NH투자증권,KRZFA0594BG3,NH투자증권 20260324-364-77,20260324,20270323,KRW,10000000000,335,AAA0(A1),금융 및 보험업
NH투자증권,KRZFA05942G3,NH투자증권 20260324-364-68,20260324,20270323,KRW,10000000000,335,AAA0(A1),금융 및 보험업
NH투자증권,KRZFA05941G3,NH투자증권 20260324-364-67,20260324,20270323,KRW,10000000000,335,AAA0(A1),금융 및 보험업
NH투자증권,KRZFA0594CG3,NH투자증권 20260324-364-78,20260324,20270323,KRW,10000000000,335,AAA0(A1),금융 및 보험업
NH투자증권,KRZFA0594AG3,NH투자증권 20260324-364-76,20260324,20270323,KRW,10000000000,335,AAA0(A1),금융 및 보험업
NH투자증권,KRZFA05946G3,NH투자증권 20260324-364-72,20260324,20270323,KRW,10000000000,335,AAA0(A1),금융 및 보험업
NH투자증권,KRZFA05943G3,NH투자증권 20260324-364-69,20260324,20270323,KRW,10000000000,335,AAA0(A1),금융 및 보험업
NH투자증권,KRZFA05949G3,NH투자증권 20260324-364-75,20260324,20270323,KRW,10000000000,335,AAA0(A1),금융 및 보험업
NH투자증권,KRZFA05947G3,NH투자증권 20260324-364-73,20260324,20270323,KRW,10000000000,335,AAA0(A1),금융 및 보험업
NH투자증권,KRZFA05948G3,NH투자증권 20260324-364-74,20260324,20270323,KRW,10000000000,335,AAA0(A1),금융 및 보험업
NH투자증권,KRZFA05945G3,NH투자증권 20260324-364-71,20260324,20270323,KRW,10000000000,335,AAA0(A1),금융 및 보험업
NH투자증권,KRZF00594XGF,NH투자증권 20260324-364-63,20260324,20270323,KRW,10000000000,335,AAA0(A1),금융 및 보험업
NH투자증권,KRZFA0594GG3,NH투자증권 20260324-364-82,20260324,20270323,KRW,10000000000,335,AAA0(A1),금융 및 보험업
NH투자증권,KRZFA0594FG3,NH투자증권 20260324-364-81,20260324,20270323,KRW,10000000000,335,AAA0(A1),금융 및 보험업
NH투자증권,KRZFA05944G3,NH투자증권 20260324-364-70,20260324,20270323,KRW,10000000000,335,AAA0(A1),금융 및 보험업
NH투자증권,KRZF00594ZGF,NH투자증권 20260324-364-65,20260324,20270323,KRW,10000000000,335,AAA0(A1),금융 및 보험업
NH투자증권,KRZF00594YGF,NH투자증권 20260324-364-64,20260324,20270323,KRW,10000000000,335,AAA0(A1),금융 및 보험업
NH투자증권,KRZFA0594EG3,NH투자증권 20260324-364-80,20260324,20270323,KRW,10000000000,335,AAA0(A1),금융 및 보험업
NH투자증권,KRZFA0594DG3,NH투자증권 20260324-364-79,20260324,20270323,KRW,10000000000,335,AAA0(A1),금융 및 보험업
대동,KRZF000491G3,대동 20260324-92-1,20260324,20260624,KRW,7000000000,63,A+(A3+),제조업
롯데칠성음료,KRZF00530TG3,롯데칠성음료 20260324-7-27,20260324,20260331,KRW,5000000000,-22,AAA0(A1),제조업
롯데칠성음료,KRZF00530VG3,롯데칠성음료 20260324-7-28,20260324,20260331,KRW,5000000000,-22,AAA0(A1),제조업
롯데칠성음료,KRZF00530QG3,롯데칠성음료 20260324-7-24,20260324,20260331,KRW,5000000000,-22,AAA0(A1),제조업
롯데칠성음료,KRZF00530PG3,롯데칠성음료 20260324-7-23,20260324,20260331,KRW,5000000000,-22,AAA0(A1),제조업
롯데칠성음료,KRZF00530SG3,롯데칠성음료 20260324-7-26,20260324,20260331,KRW,5000000000,-22,AAA0(A1),제조업
롯데칠성음료,KRZF00530XG3,롯데칠성음료 20260324-7-30,20260324,20260331,KRW,5000000000,-22,AAA0(A1),제조업
롯데칠성음료,KRZF00530RG3,롯데칠성음료 20260324-7-25,20260324,20260331,KRW,5000000000,-22,AAA0(A1),제조업
롯데칠성음료,KRZF00530WG3,롯데칠성음료 20260324-7-29,20260324,20260331,KRW,5000000000,-22,AAA0(A1),제조업
미래에셋증권,KRZF00680FGF,미래에셋증권 20260324-364-48,20260324,20270323,KRW,20000000000,335,AAA0(A1),금융 및 보험업
미래에셋증권,KRZF00680SGF,미래에셋증권 20260324-364-59,20260324,20270323,KRW,20000000000,335,AAA0(A1),금융 및 보험업
미래에셋증권,KRZF00680RGF,미래에셋증권 20260324-364-58,20260324,20270323,KRW,20000000000,335,AAA0(A1),금융 및 보험업
미래에셋증권,KRZF00680VGF,미래에셋증권 20260324-364-61,20260324,20270323,KRW,10000000000,335,AAA0(A1),금융 및 보험업
미래에셋증권,KRZF00680MGF,미래에셋증권 20260324-364-54,20260324,20270323,KRW,20000000000,335,AAA0(A1),금융 및 보험업
미래에셋증권,KRZF00680BGF,미래에셋증권 20260324-364-44,20260324,20270323,KRW,20000000000,335,AAA0(A1),금융 및 보험업
미래에셋증권,KRZF00680HGF,미래에셋증권 20260324-364-50,20260324,20270323,KRW,20000000000,335,AAA0(A1),금융 및 보험업
미래에셋증권,KRZF00680PGF,미래에셋증권 20260324-364-56,20260324,20270323,KRW,20000000000,335,AAA0(A1),금융 및 보험업
미래에셋증권,KRZF00680NGF,미래에셋증권 20260324-364-55,20260324,20270323,KRW,20000000000,335,AAA0(A1),금융 및 보험업
미래에셋증권,KRZF00680JGF,미래에셋증권 20260324-364-51,20260324,20270323,KRW,20000000000,335,AAA0(A1),금융 및 보험업
미래에셋증권,KRZF00680CGF,미래에셋증권 20260324-364-45,20260324,20270323,KRW,20000000000,335,AAA0(A1),금융 및 보험업
미래에셋증권,KRZF00680DGF,미래에셋증권 20260324-364-46,20260324,20270323,KRW,20000000000,335,AAA0(A1),금융 및 보험업
미래에셋증권,KRZF00680AGF,미래에셋증권 20260324-364-43,20260324,20270323,KRW,20000000000,335,AAA0(A1),금융 및 보험업
미래에셋증권,KRZF00680TGF,미래에셋증권 20260324-364-60,20260324,20270323,KRW,20000000000,335,AAA0(A1),금융 및 보험업
미래에셋증권,KRZF00680LGF,미래에셋증권 20260324-364-53,20260324,20270323,KRW,20000000000,335,AAA0(A1),금융 및 보험업
미래에셋증권,KRZF00680KGF,미래에셋증권 20260324-364-52,20260324,20270323,KRW,20000000000,335,AAA0(A1),금융 및 보험업
미래에셋증권,KRZF006808GF,미래에셋증권 20260324-364-41,20260324,20270323,KRW,20000000000,335,AAA0(A1),금융 및 보험업
미래에셋증권,KRZF006809GF,미래에셋증권 20260324-364-42,20260324,20270323,KRW,20000000000,335,AAA0(A1),금융 및 보험업
미래에셋증권,KRZF00680GGF,미래에셋증권 20260324-364-49,20260324,20270323,KRW,20000000000,335,AAA0(A1),금융 및 보험업
미래에셋증권,KRZF00680EGF,미래에셋증권 20260324-364-47,20260324,20270323,KRW,20000000000,335,AAA0(A1),금융 및 보험업
미래에셋증권,KRZF00680QGF,미래에셋증권 20260324-364-57,20260324,20270323,KRW,20000000000,335,AAA0(A1),금융 및 보험업
부국증권,KRZF001277G3,부국증권 20260324-122-7,20260324,20260724,KRW,10000000000,93,AA+(A2+),금융 및 보험업
삼성카드,KRZFA29788G3,삼성카드 20260324-364-74,20260324,20270323,KRW,10000000000,335,AAA0(A1),금융 및 보험업
삼성카드,KRZFA2978EG3,삼성카드 20260324-364-80,20260324,20270323,KRW,10000000000,335,AAA0(A1),금융 및 보험업
삼성카드,KRZFA29787G3,삼성카드 20260324-364-73,20260324,20270323,KRW,10000000000,335,AAA0(A1),금융 및 보험업
삼성카드,KRZFA2978FG3,삼성카드 20260324-364-81,20260324,20270323,KRW,10000000000,335,AAA0(A1),금융 및 보험업
삼성카드,KRZFA2978DG3,삼성카드 20260324-364-79,20260324,20270323,KRW,10000000000,335,AAA0(A1),금융 및 보험업
삼성카드,KRZFA2978AG3,삼성카드 20260324-364-76,20260324,20270323,KRW,10000000000,335,AAA0(A1),금융 및 보험업
삼성카드,KRZFA2978HG3,삼성카드 20260324-364-83,20260324,20270323,KRW,5000000000,335,AAA0(A1),금융 및 보험업
삼성카드,KRZFA2978CG3,삼성카드 20260324-364-78,20260324,20270323,KRW,10000000000,335,AAA0(A1),금융 및 보험업
삼성카드,KRZFA2978BG3,삼성카드 20260324-364-77,20260324,20270323,KRW,10000000000,335,AAA0(A1),금융 및 보험업
삼성카드,KRZFA29789G3,삼성카드 20260324-364-75,20260324,20270323,KRW,10000000000,335,AAA0(A1),금융 및 보험업
삼성카드,KRZFA2978GG3,삼성카드 20260324-364-82,20260324,20270323,KRW,10000000000,335,AAA0(A1),금융 및 보험업
에스알,KRZF247755G3,에스알 20260324-92-5,20260324,20260624,KRW,10000000000,63,AAA0(A1),운수 및 창고업
에스알,KRZF247757G3,에스알 20260324-92-7,20260324,20260624,KRW,10000000000,63,AAA0(A1),운수 및 창고업
에스알,KRZF247754G3,에스알 20260324-92-4,20260324,20260624,KRW,10000000000,63,AAA0(A1),운수 및 창고업
에스알,KRZF247756G3,에스알 20260324-92-6,20260324,20260624,KRW,10000000000,63,AAA0(A1),운수 및 창고업
에스알,KRZF247752G3,에스알 20260324-92-2,20260324,20260624,KRW,10000000000,63,AAA0(A1),운수 및 창고업
에스알,KRZF247751G3,에스알 20260324-92-1,20260324,20260624,KRW,10000000000,63,AAA0(A1),운수 및 창고업
에스알,KRZF247759G3,에스알 20260324-92-9,20260324,20260624,KRW,10000000000,63,AAA0(A1),운수 및 창고업
에스알,KRZF247758G3,에스알 20260324-92-8,20260324,20260624,KRW,10000000000,63,AAA0(A1),운수 및 창고업
에스알,KRZF247753G3,에스알 20260324-92-3,20260324,20260624,KRW,10000000000,63,AAA0(A1),운수 및 창고업
에이치디현대케미칼,KRZF331593G3,에이치디현대케미칼 20260324-190-3,20260324,20260930,KRW,500000000,161,AA0(A2),제조업
에이치디현대케미칼,KRZF33159CG3,에이치디현대케미칼 20260324-190-12,20260324,20260930,KRW,500000000,161,AA0(A2),제조업
에이치디현대케미칼,KRZF33159AG3,에이치디현대케미칼 20260324-190-10,20260324,20260930,KRW,500000000,161,AA0(A2),제조업
에이치디현대케미칼,KRZF331599G3,에이치디현대케미칼 20260324-190-9,20260324,20260930,KRW,500000000,161,AA0(A2),제조업
에이치디현대케미칼,KRZF331598G3,에이치디현대케미칼 20260324-190-8,20260324,20260930,KRW,500000000,161,AA0(A2),제조업
에이치디현대케미칼,KRZF331595G3,에이치디현대케미칼 20260324-190-5,20260324,20260930,KRW,500000000,161,AA0(A2),제조업
에이치디현대케미칼,KRZF33159LG3,에이치디현대케미칼 20260324-190-20,20260324,20260930,KRW,500000000,161,AA0(A2),제조업
에이치디현대케미칼,KRZF33159GG3,에이치디현대케미칼 20260324-190-16,20260324,20260930,KRW,500000000,161,AA0(A2),제조업
에이치디현대케미칼,KRZF33159FG3,에이치디현대케미칼 20260324-190-15,20260324,20260930,KRW,500000000,161,AA0(A2),제조업
에이치디현대케미칼,KRZF33159EG3,에이치디현대케미칼 20260324-190-14,20260324,20260930,KRW,500000000,161,AA0(A2),제조업
에이치디현대케미칼,KRZF33159DG3,에이치디현대케미칼 20260324-190-13,20260324,20260930,KRW,500000000,161,AA0(A2),제조업
에이치디현대케미칼,KRZF331597G3,에이치디현대케미칼 20260324-190-7,20260324,20260930,KRW,500000000,161,AA0(A2),제조업
에이치디현대케미칼,KRZF33159BG3,에이치디현대케미칼 20260324-190-11,20260324,20260930,KRW,500000000,161,AA0(A2),제조업
에이치디현대케미칼,KRZF33159MG3,에이치디현대케미칼 20260324-190-21,20260324,20260930,KRW,500000000,161,AA0(A2),제조업
에이치디현대케미칼,KRZF33159HG3,에이치디현대케미칼 20260324-190-17,20260324,20260930,KRW,500000000,161,AA0(A2),제조업
에이치디현대케미칼,KRZF331594G3,에이치디현대케미칼 20260324-190-4,20260324,20260930,KRW,500000000,161,AA0(A2),제조업
에이치디현대케미칼,KRZF33159NG3,에이치디현대케미칼 20260324-190-22,20260324,20260930,KRW,500000000,161,AA0(A2),제조업
에이치디현대케미칼,KRZF33159KG3,에이치디현대케미칼 20260324-190-19,20260324,20260930,KRW,500000000,161,AA0(A2),제조업
에이치디현대케미칼,KRZF33159JG3,에이치디현대케미칼 20260324-190-18,20260324,20260930,KRW,500000000,161,AA0(A2),제조업
에이치디현대케미칼,KRZF331596G3,에이치디현대케미칼 20260324-190-6,20260324,20260930,KRW,500000000,161,AA0(A2),제조업
엘에스전선,KRZF10423CG3,엘에스전선 20260324-168-12,20260324,20260908,KRW,10000000000,139,AAA0(A1),정보통신업
엘에스전선,KRZF10423BG3,엘에스전선 20260324-168-11,20260324,20260908,KRW,10000000000,139,AAA0(A1),정보통신업
엘에스전선,KRZF10423MG3,엘에스전선 20260324-168-21,20260324,20260908,KRW,5000000000,139,AAA0(A1),정보통신업
엘에스전선,KRZF10423LG3,엘에스전선 20260324-168-20,20260324,20260908,KRW,5000000000,139,AAA0(A1),정보통신업
엘에스전선,KRZF10423DG3,엘에스전선 20260324-168-13,20260324,20260908,KRW,10000000000,139,AAA0(A1),정보통신업
엘에스전선,KRZF10423GG3,엘에스전선 20260324-168-16,20260324,20260908,KRW,10000000000,139,AAA0(A1),정보통신업
엘에스전선,KRZF10423KG3,엘에스전선 20260324-168-19,20260324,20260908,KRW,5000000000,139,AAA0(A1),정보통신업
엘에스전선,KRZF10423HG3,엘에스전선 20260324-168-17,20260324,20260908,KRW,10000000000,139,AAA0(A1),정보통신업
엘에스전선,KRZF10423EG3,엘에스전선 20260324-168-14,20260324,20260908,KRW,10000000000,139,AAA0(A1),정보통신업
엘에스전선,KRZF10423NG3,엘에스전선 20260324-168-22,20260324,20260908,KRW,5000000000,139,AAA0(A1),정보통신업
엘에스전선,KRZF10423JG3,엘에스전선 20260324-168-18,20260324,20260908,KRW,10000000000,139,AAA0(A1),정보통신업
엘에스전선,KRZF10423FG3,엘에스전선 20260324-168-15,20260324,20260908,KRW,10000000000,139,AAA0(A1),정보통신업
우리금융캐피탈,KRZF03366KG3,우리금융캐피탈 20260324-245-19,20260324,20261124,KRW,5000000000,216,AAA0(A1),금융 및 보험업
우리금융캐피탈,KRZF03366JG3,우리금융캐피탈 20260324-245-18,20260324,20261124,KRW,5000000000,216,AAA0(A1),금융 및 보험업
우리금융캐피탈,KRZF03366HG3,우리금융캐피탈 20260324-245-17,20260324,20261124,KRW,5000000000,216,AAA0(A1),금융 및 보험업
우리금융캐피탈,KRZF03366FG3,우리금융캐피탈 20260324-150-15,20260324,20260821,KRW,5000000000,121,AAA0(A1),금융 및 보험업
우리금융캐피탈,KRZF03366DG3,우리금융캐피탈 20260324-150-13,20260324,20260821,KRW,5000000000,121,AAA0(A1),금융 및 보험업
우리금융캐피탈,KRZF03366EG3,우리금융캐피탈 20260324-150-14,20260324,20260821,KRW,5000000000,121,AAA0(A1),금융 및 보험업
우리금융캐피탈,KRZF03366GG3,우리금융캐피탈 20260324-150-16,20260324,20260821,KRW,5000000000,121,AAA0(A1),금융 및 보험업
우리카드,KRZF17414JGF,우리카드 20260324-164-51,20260324,20260904,KRW,5000000000,135,AAA0(A1),금융 및 보험업
우리카드,KRZF17414MGF,우리카드 20260324-164-54,20260324,20260904,KRW,5000000000,135,AAA0(A1),금융 및 보험업
우리카드,KRZF17414LGF,우리카드 20260324-164-53,20260324,20260904,KRW,5000000000,135,AAA0(A1),금융 및 보험업
우리카드,KRZF17414GGF,우리카드 20260324-164-49,20260324,20260904,KRW,5000000000,135,AAA0(A1),금융 및 보험업
우리카드,KRZF17414HGF,우리카드 20260324-164-50,20260324,20260904,KRW,5000000000,135,AAA0(A1),금융 및 보험업
우리카드,KRZF17414KGF,우리카드 20260324-164-52,20260324,20260904,KRW,5000000000,135,AAA0(A1),금융 및 보험업
케이비증권,KRZFE0345VG3,케이비증권 20260324-178-160,20260324,20260918,KRW,5000000000,149,AAA0(A1),금융 및 보험업
케이비증권,KRZFJ03452G3,케이비증권 20260324-336-200,20260324,20270223,KRW,10000000000,307,AAA0(A1),금융 및 보험업
케이비증권,KRZFJ03451G3,케이비증권 20260324-336-199,20260324,20270223,KRW,10000000000,307,AAA0(A1),금융 및 보험업
케이비증권,KRZFE0345EGF,케이비증권 20260324-336-179,20260324,20270223,KRW,10000000000,307,AAA0(A1),금융 및 보험업
케이비증권,KRZFE0345CGF,케이비증권 20260324-336-177,20260324,20270223,KRW,10000000000,307,AAA0(A1),금융 및 보험업
케이비증권,KRZFE0345SG3,케이비증권 20260324-178-158,20260324,20260918,KRW,5000000000,149,AAA0(A1),금융 및 보험업
케이비증권,KRZFE0345YGF,케이비증권 20260324-336-196,20260324,20270223,KRW,10000000000,307,AAA0(A1),금융 및 보험업
케이비증권,KRZFE0345JGF,케이비증권 20260324-336-183,20260324,20270223,KRW,10000000000,307,AAA0(A1),금융 및 보험업
케이비증권,KRZFE03451GF,케이비증권 20260324-178-166,20260324,20260918,KRW,5000000000,149,AAA0(A1),금융 및 보험업
케이비증권,KRZFJ03454G3,케이비증권 20260324-336-202,20260324,20270223,KRW,10000000000,307,AAA0(A1),금융 및 보험업
케이비증권,KRZFE0345XGF,케이비증권 20260324-336-195,20260324,20270223,KRW,10000000000,307,AAA0(A1),금융 및 보험업
케이비증권,KRZFE0345TGF,케이비증권 20260324-336-192,20260324,20270223,KRW,10000000000,307,AAA0(A1),금융 및 보험업
케이비증권,KRZFE0345SGF,케이비증권 20260324-336-191,20260324,20270223,KRW,10000000000,307,AAA0(A1),금융 및 보험업
케이비증권,KRZFE0345RGF,케이비증권 20260324-336-190,20260324,20270223,KRW,10000000000,307,AAA0(A1),금융 및 보험업
케이비증권,KRZFE0345QGF,케이비증권 20260324-336-189,20260324,20270223,KRW,10000000000,307,AAA0(A1),금융 및 보험업
케이비증권,KRZFE0345PGF,케이비증권 20260324-336-188,20260324,20270223,KRW,10000000000,307,AAA0(A1),금융 및 보험업
케이비증권,KRZFE0345BGF,케이비증권 20260324-336-176,20260324,20270223,KRW,10000000000,307,AAA0(A1),금융 및 보험업
케이비증권,KRZFE0345TG3,케이비증권 20260324-178-159,20260324,20260918,KRW,5000000000,149,AAA0(A1),금융 및 보험업
케이비증권,KRZFE03455GF,케이비증권 20260324-336-170,20260324,20270223,KRW,10000000000,307,AAA0(A1),금융 및 보험업
케이비증권,KRZFJ03453G3,케이비증권 20260324-336-201,20260324,20270223,KRW,10000000000,307,AAA0(A1),금융 및 보험업
케이비증권,KRZFJ03450G3,케이비증권 20260324-336-198,20260324,20270223,KRW,10000000000,307,AAA0(A1),금융 및 보험업
케이비증권,KRZFE0345ZGF,케이비증권 20260324-336-197,20260324,20270223,KRW,10000000000,307,AAA0(A1),금융 및 보험업
케이비증권,KRZFE0345WGF,케이비증권 20260324-336-194,20260324,20270223,KRW,10000000000,307,AAA0(A1),금융 및 보험업
케이비증권,KRZFE0345NGF,케이비증권 20260324-336-187,20260324,20270223,KRW,10000000000,307,AAA0(A1),금융 및 보험업
케이비증권,KRZFE0345LGF,케이비증권 20260324-336-185,20260324,20270223,KRW,10000000000,307,AAA0(A1),금융 및 보험업
케이비증권,KRZFE0345KGF,케이비증권 20260324-336-184,20260324,20270223,KRW,10000000000,307,AAA0(A1),금융 및 보험업
케이비증권,KRZFE0345HGF,케이비증권 20260324-336-182,20260324,20270223,KRW,10000000000,307,AAA0(A1),금융 및 보험업
케이비증권,KRZFE0345AGF,케이비증권 20260324-336-175,20260324,20270223,KRW,10000000000,307,AAA0(A1),금융 및 보험업
케이비증권,KRZFE03459GF,케이비증권 20260324-336-174,20260324,20270223,KRW,10000000000,307,AAA0(A1),금융 및 보험업
케이비증권,KRZFE03458GF,케이비증권 20260324-336-173,20260324,20270223,KRW,10000000000,307,AAA0(A1),금융 및 보험업
케이비증권,KRZFE03457GF,케이비증권 20260324-336-172,20260324,20270223,KRW,10000000000,307,AAA0(A1),금융 및 보험업
케이비증권,KRZFE03456GF,케이비증권 20260324-336-171,20260324,20270223,KRW,10000000000,307,AAA0(A1),금융 및 보험업
케이비증권,KRZFE03453GF,케이비증권 20260324-336-168,20260324,20270223,KRW,10000000000,307,AAA0(A1),금융 및 보험업
케이비증권,KRZFE03452GF,케이비증권 20260324-178-167,20260324,20260918,KRW,5000000000,149,AAA0(A1),금융 및 보험업
케이비증권,KRZFE0345ZG3,케이비증권 20260324-178-164,20260324,20260918,KRW,5000000000,149,AAA0(A1),금융 및 보험업
케이비증권,KRZFE0345YG3,케이비증권 20260324-178-163,20260324,20260918,KRW,5000000000,149,AAA0(A1),금융 및 보험업
케이비증권,KRZFE0345WG3,케이비증권 20260324-178-161,20260324,20260918,KRW,5000000000,149,AAA0(A1),금융 및 보험업
케이비증권,KRZFE0345RG3,케이비증권 20260324-178-157,20260324,20260918,KRW,5000000000,149,AAA0(A1),금융 및 보험업
케이비증권,KRZFE0345QG3,케이비증권 20260324-178-156,20260324,20260918,KRW,5000000000,149,AAA0(A1),금융 및 보험업
케이비증권,KRZFJ03455G3,케이비증권 20260324-336-203,20260324,20270223,KRW,10000000000,307,AAA0(A1),금융 및 보험업
케이비증권,KRZFE0345VGF,케이비증권 20260324-336-193,20260324,20270223,KRW,10000000000,307,AAA0(A1),금융 및 보험업
케이비증권,KRZFE0345MGF,케이비증권 20260324-336-186,20260324,20270223,KRW,10000000000,307,AAA0(A1),금융 및 보험업
케이비증권,KRZFE0345GGF,케이비증권 20260324-336-181,20260324,20270223,KRW,10000000000,307,AAA0(A1),금융 및 보험업
케이비증권,KRZFE0345FGF,케이비증권 20260324-336-180,20260324,20270223,KRW,10000000000,307,AAA0(A1),금융 및 보험업
케이비증권,KRZFE0345DGF,케이비증권 20260324-336-178,20260324,20270223,KRW,10000000000,307,AAA0(A1),금융 및 보험업
케이비증권,KRZFE03454GF,케이비증권 20260324-336-169,20260324,20270223,KRW,10000000000,307,AAA0(A1),금융 및 보험업
케이비증권,KRZFE03450GF,케이비증권 20260324-178-165,20260324,20260918,KRW,5000000000,149,AAA0(A1),금융 및 보험업
케이비증권,KRZFE0345XG3,케이비증권 20260324-178-162,20260324,20260918,KRW,5000000000,149,AAA0(A1),금융 및 보험업
코리아세븐,KRZF123276G3,코리아세븐 20260324-84-6,20260324,20260616,KRW,5000000000,55,AAA0(A1),도매 및 소매업
코리아세븐,KRZF123277G3,코리아세븐 20260324-84-7,20260324,20260616,KRW,5000000000,55,AAA0(A1),도매 및 소매업
코리아세븐,KRZF123274G3,코리아세븐 20260324-84-4,20260324,20260616,KRW,5000000000,55,AAA0(A1),도매 및 소매업
코리아세븐,KRZF123273G3,코리아세븐 20260324-84-3,20260324,20260616,KRW,5000000000,55,AAA0(A1),도매 및 소매업
코리아세븐,KRZF123272G3,코리아세븐 20260324-84-2,20260324,20260616,KRW,5000000000,55,AAA0(A1),도매 및 소매업
코리아세븐,KRZF123271G3,코리아세븐 20260324-84-1,20260324,20260616,KRW,5000000000,55,AAA0(A1),도매 및 소매업
코리아세븐,KRZF123275G3,코리아세븐 20260324-84-5,20260324,20260616,KRW,5000000000,55,AAA0(A1),도매 및 소매업
키움증권,KRZF03949VGF,키움증권 20260324-168-61,20260324,20260908,KRW,5000000000,139,AAA0(A1),금융 및 보험업
키움증권,KRZFA39494G3,키움증권 20260324-364-70,20260324,20270323,KRW,5000000000,335,AAA0(A1),금융 및 보험업
키움증권,KRZFA39490G3,키움증권 20260324-168-66,20260324,20260908,KRW,5000000000,139,AAA0(A1),금융 및 보험업
키움증권,KRZF03949WGF,키움증권 20260324-168-62,20260324,20260908,KRW,5000000000,139,AAA0(A1),금융 및 보험업
키움증권,KRZF03949PGF,키움증권 20260324-364-56,20260324,20270323,KRW,5000000000,335,AAA0(A1),금융 및 보험업
키움증권,KRZFA39491G3,키움증권 20260324-364-67,20260324,20270323,KRW,5000000000,335,AAA0(A1),금융 및 보험업
키움증권,KRZFA39493G3,키움증권 20260324-364-69,20260324,20270323,KRW,5000000000,335,AAA0(A1),금융 및 보험업
키움증권,KRZF03949ZGF,키움증권 20260324-168-65,20260324,20260908,KRW,5000000000,139,AAA0(A1),금융 및 보험업
키움증권,KRZFA39492G3,키움증권 20260324-364-68,20260324,20270323,KRW,5000000000,335,AAA0(A1),금융 및 보험업
키움증권,KRZF03949YGF,키움증권 20260324-168-64,20260324,20260908,KRW,5000000000,139,AAA0(A1),금융 및 보험업
키움증권,KRZF03949RGF,키움증권 20260324-364-58,20260324,20270323,KRW,5000000000,335,AAA0(A1),금융 및 보험업
키움증권,KRZF03949TGF,키움증권 20260324-364-60,20260324,20270323,KRW,5000000000,335,AAA0(A1),금융 및 보험업
키움증권,KRZF03949QGF,키움증권 20260324-364-57,20260324,20270323,KRW,5000000000,335,AAA0(A1),금융 및 보험업
키움증권,KRZF03949NGF,키움증권 20260324-364-55,20260324,20270323,KRW,5000000000,335,AAA0(A1),금융 및 보험업
키움증권,KRZF03949XGF,키움증권 20260324-168-63,20260324,20260908,KRW,5000000000,139,AAA0(A1),금융 및 보험업
키움증권,KRZF03949SGF,키움증권 20260324-364-59,20260324,20270323,KRW,5000000000,335,AAA0(A1),금융 및 보험업
하나증권,KRZF03075QGF,하나증권 20260324-364-57,20260324,20270323,KRW,5000000000,335,AAA0(A1),금융 및 보험업
하나증권,KRZFA3075FG3,하나증권 20260324-364-81,20260324,20270323,KRW,5000000000,335,AAA0(A1),금융 및 보험업
하나증권,KRZFA30758G3,하나증권 20260324-364-74,20260324,20270323,KRW,5000000000,335,AAA0(A1),금융 및 보험업
하나증권,KRZFA30755G3,하나증권 20260324-364-71,20260324,20270323,KRW,5000000000,335,AAA0(A1),금융 및 보험업
하나증권,KRZF03075YGF,하나증권 20260324-364-64,20260324,20270323,KRW,5000000000,335,AAA0(A1),금융 및 보험업
하나증권,KRZF03075JGF,하나증권 20260324-364-51,20260324,20270323,KRW,5000000000,335,AAA0(A1),금융 및 보험업
하나증권,KRZF03075GGF,하나증권 20260324-364-49,20260324,20270323,KRW,5000000000,335,AAA0(A1),금융 및 보험업
하나증권,KRZFA3075JG3,하나증권 20260324-364-84,20260324,20270323,KRW,5000000000,335,AAA0(A1),금융 및 보험업
하나증권,KRZFA30757G3,하나증권 20260324-364-73,20260324,20270323,KRW,5000000000,335,AAA0(A1),금융 및 보험업
하나증권,KRZFA30750G3,하나증권 20260324-364-66,20260324,20270323,KRW,5000000000,335,AAA0(A1),금융 및 보험업
하나증권,KRZF03075XGF,하나증권 20260324-364-63,20260324,20270323,KRW,5000000000,335,AAA0(A1),금융 및 보험업
하나증권,KRZF03075TGF,하나증권 20260324-364-60,20260324,20270323,KRW,5000000000,335,AAA0(A1),금융 및 보험업
하나증권,KRZF03075WGF,하나증권 20260324-364-62,20260324,20270323,KRW,5000000000,335,AAA0(A1),금융 및 보험업
하나증권,KRZF03075VGF,하나증권 20260324-364-61,20260324,20270323,KRW,5000000000,335,AAA0(A1),금융 및 보험업
하나증권,KRZF03075FGF,하나증권 20260324-364-48,20260324,20270323,KRW,5000000000,335,AAA0(A1),금융 및 보험업
하나증권,KRZF030759GF,하나증권 20260324-364-42,20260324,20270323,KRW,5000000000,335,AAA0(A1),금융 및 보험업
하나증권,KRZFA3075HG3,하나증권 20260324-364-83,20260324,20270323,KRW,5000000000,335,AAA0(A1),금융 및 보험업
하나증권,KRZFA3075CG3,하나증권 20260324-364-78,20260324,20270323,KRW,5000000000,335,AAA0(A1),금융 및 보험업
하나증권,KRZFA30759G3,하나증권 20260324-364-75,20260324,20270323,KRW,5000000000,335,AAA0(A1),금융 및 보험업
하나증권,KRZFA30756G3,하나증권 20260324-364-72,20260324,20270323,KRW,5000000000,335,AAA0(A1),금융 및 보험업
하나증권,KRZFA30753G3,하나증권 20260324-364-69,20260324,20270323,KRW,5000000000,335,AAA0(A1),금융 및 보험업
하나증권,KRZFA30751G3,하나증권 20260324-364-67,20260324,20270323,KRW,5000000000,335,AAA0(A1),금융 및 보험업
하나증권,KRZF03075ZGF,하나증권 20260324-364-65,20260324,20270323,KRW,5000000000,335,AAA0(A1),금융 및 보험업
하나증권,KRZF03075EGF,하나증권 20260324-364-47,20260324,20270323,KRW,5000000000,335,AAA0(A1),금융 및 보험업
하나증권,KRZFA30752G3,하나증권 20260324-364-68,20260324,20270323,KRW,5000000000,335,AAA0(A1),금융 및 보험업
하나증권,KRZFA3075EG3,하나증권 20260324-364-80,20260324,20270323,KRW,5000000000,335,AAA0(A1),금융 및 보험업
하나증권,KRZFA3075DG3,하나증권 20260324-364-79,20260324,20270323,KRW,5000000000,335,AAA0(A1),금융 및 보험업
하나증권,KRZF03075MGF,하나증권 20260324-364-54,20260324,20270323,KRW,5000000000,335,AAA0(A1),금융 및 보험업
하나증권,KRZF03075DGF,하나증권 20260324-364-46,20260324,20270323,KRW,5000000000,335,AAA0(A1),금융 및 보험업
하나증권,KRZF03075CGF,하나증권 20260324-364-45,20260324,20270323,KRW,5000000000,335,AAA0(A1),금융 및 보험업
하나증권,KRZF03075BGF,하나증권 20260324-364-44,20260324,20270323,KRW,5000000000,335,AAA0(A1),금융 및 보험업
하나증권,KRZFA3075GG3,하나증권 20260324-364-82,20260324,20270323,KRW,5000000000,335,AAA0(A1),금융 및 보험업
하나증권,KRZF03075KGF,하나증권 20260324-364-52,20260324,20270323,KRW,5000000000,335,AAA0(A1),금융 및 보험업
하나증권,KRZF03075HGF,하나증권 20260324-364-50,20260324,20270323,KRW,5000000000,335,AAA0(A1),금융 및 보험업
하나증권,KRZF03075AGF,하나증권 20260324-364-43,20260324,20270323,KRW,5000000000,335,AAA0(A1),금융 및 보험업
하나증권,KRZF03075SGF,하나증권 20260324-364-59,20260324,20270323,KRW,5000000000,335,AAA0(A1),금융 및 보험업
하나증권,KRZFA3075BG3,하나증권 20260324-364-77,20260324,20270323,KRW,5000000000,335,AAA0(A1),금융 및 보험업
하나증권,KRZFA3075AG3,하나증권 20260324-364-76,20260324,20270323,KRW,5000000000,335,AAA0(A1),금융 및 보험업
하나증권,KRZFA30754G3,하나증권 20260324-364-70,20260324,20270323,KRW,5000000000,335,AAA0(A1),금융 및 보험업
하나증권,KRZF03075PGF,하나증권 20260324-364-56,20260324,20270323,KRW,5000000000,335,AAA0(A1),금융 및 보험업
하나증권,KRZF03075NGF,하나증권 20260324-364-55,20260324,20270323,KRW,5000000000,335,AAA0(A1),금융 및 보험업
하나증권,KRZF03075LGF,하나증권 20260324-364-53,20260324,20270323,KRW,5000000000,335,AAA0(A1),금융 및 보험업
하나증권,KRZF03075RGF,하나증권 20260324-364-58,20260324,20270323,KRW,5000000000,335,AAA0(A1),금융 및 보험업
한국전력공사,KRZFE1576QG3,한국전력공사 20260324-92-156,20260324,20260624,KRW,10000000000,63,AAA0(A1),"전기, 가스, 증기 및 공기조절 공급업"
한국전력공사,KRZFE1576NG3,한국전력공사 20260324-92-154,20260324,20260624,KRW,10000000000,63,AAA0(A1),"전기, 가스, 증기 및 공기조절 공급업"
한국전력공사,KRZFE1576LG3,한국전력공사 20260324-92-152,20260324,20260624,KRW,10000000000,63,AAA0(A1),"전기, 가스, 증기 및 공기조절 공급업"
한국전력공사,KRZFE1576SG3,한국전력공사 20260324-92-158,20260324,20260624,KRW,10000000000,63,AAA0(A1),"전기, 가스, 증기 및 공기조절 공급업"
한국전력공사,KRZFE1576PG3,한국전력공사 20260324-92-155,20260324,20260624,KRW,10000000000,63,AAA0(A1),"전기, 가스, 증기 및 공기조절 공급업"
한국전력공사,KRZFE1576MG3,한국전력공사 20260324-92-153,20260324,20260624,KRW,10000000000,63,AAA0(A1),"전기, 가스, 증기 및 공기조절 공급업"
한국전력공사,KRZFE1576VG3,한국전력공사 20260324-92-160,20260324,20260624,KRW,10000000000,63,AAA0(A1),"전기, 가스, 증기 및 공기조절 공급업"
한국전력공사,KRZFE1576KG3,한국전력공사 20260324-92-151,20260324,20260624,KRW,10000000000,63,AAA0(A1),"전기, 가스, 증기 및 공기조절 공급업"
한국전력공사,KRZFE1576TG3,한국전력공사 20260324-92-159,20260324,20260624,KRW,10000000000,63,AAA0(A1),"전기, 가스, 증기 및 공기조절 공급업"
한국전력공사,KRZFE1576RG3,한국전력공사 20260324-92-157,20260324,20260624,KRW,10000000000,63,AAA0(A1),"전기, 가스, 증기 및 공기조절 공급업"
한국투자증권,KRZFA30492G3,한국투자증권 20260324-364-68,20260324,20270323,KRW,10000000000,335,AAA0(A1),금융 및 보험업
한국투자증권,KRZF03049ZGF,한국투자증권 20260324-364-65,20260324,20270323,KRW,10000000000,335,AAA0(A1),금융 및 보험업
한국투자증권,KRZFA3049CG3,한국투자증권 20260324-364-78,20260324,20270323,KRW,10000000000,335,AAA0(A1),금융 및 보험업
한국투자증권,KRZFA3049DG3,한국투자증권 20260324-364-79,20260324,20270323,KRW,10000000000,335,AAA0(A1),금융 및 보험업
한국투자증권,KRZFA3049AG3,한국투자증권 20260324-364-76,20260324,20270323,KRW,10000000000,335,AAA0(A1),금융 및 보험업
한국투자증권,KRZF03049XGF,한국투자증권 20260324-364-63,20260324,20270323,KRW,10000000000,335,AAA0(A1),금융 및 보험업
한국투자증권,KRZFA30494G3,한국투자증권 20260324-364-70,20260324,20270323,KRW,10000000000,335,AAA0(A1),금융 및 보험업
한국투자증권,KRZFA30493G3,한국투자증권 20260324-364-69,20260324,20270323,KRW,10000000000,335,AAA0(A1),금융 및 보험업
한국투자증권,KRZFA30491G3,한국투자증권 20260324-364-67,20260324,20270323,KRW,10000000000,335,AAA0(A1),금융 및 보험업
한국투자증권,KRZF03049YGF,한국투자증권 20260324-364-64,20260324,20270323,KRW,10000000000,335,AAA0(A1),금융 및 보험업
한국투자증권,KRZF03049WGF,한국투자증권 20260324-364-62,20260324,20270323,KRW,10000000000,335,AAA0(A1),금융 및 보험업
한국투자증권,KRZFA30498G3,한국투자증권 20260324-364-74,20260324,20270323,KRW,10000000000,335,AAA0(A1),금융 및 보험업
한국투자증권,KRZFA30497G3,한국투자증권 20260324-364-73,20260324,20270323,KRW,10000000000,335,AAA0(A1),금융 및 보험업
한국투자증권,KRZFA30495G3,한국투자증권 20260324-364-71,20260324,20270323,KRW,10000000000,335,AAA0(A1),금융 및 보험업
한국투자증권,KRZF03049VGF,한국투자증권 20260324-364-61,20260324,20270323,KRW,10000000000,335,AAA0(A1),금융 및 보험업
한국투자증권,KRZFA3049EG3,한국투자증권 20260324-364-80,20260324,20270323,KRW,10000000000,335,AAA0(A1),금융 및 보험업
한국투자증권,KRZFA30499G3,한국투자증권 20260324-364-75,20260324,20270323,KRW,10000000000,335,AAA0(A1),금융 및 보험업
한국투자증권,KRZFA30490G3,한국투자증권 20260324-364-66,20260324,20270323,KRW,10000000000,335,AAA0(A1),금융 및 보험업
한국투자증권,KRZFA30496G3,한국투자증권 20260324-364-72,20260324,20270323,KRW,10000000000,335,AAA0(A1),금융 및 보험업
한국투자증권,KRZFA3049BG3,한국투자증권 20260324-364-77,20260324,20270323,KRW,10000000000,335,AAA0(A1),금융 및 보험업
한화에어로스페이스,KRZF01245CG3,한화에어로스페이스 20260324-31-12,20260324,20260424,KRW,10000000000,2,AAA0(A1),제조업
한화에어로스페이스,KRZF01245KG3,한화에어로스페이스 20260324-31-19,20260324,20260424,KRW,10000000000,2,AAA0(A1),제조업
한화에어로스페이스,KRZF012459G3,한화에어로스페이스 20260324-31-9,20260324,20260424,KRW,10000000000,2,AAA0(A1),제조업
한화에어로스페이스,KRZF012451G3,한화에어로스페이스 20260324-31-1,20260324,20260424,KRW,10000000000,2,AAA0(A1),제조업
한화에어로스페이스,KRZF012454G3,한화에어로스페이스 20260324-31-4,20260324,20260424,KRW,10000000000,2,AAA0(A1),제조업
한화에어로스페이스,KRZF01245EG3,한화에어로스페이스 20260324-31-14,20260324,20260424,KRW,10000000000,2,AAA0(A1),제조업
한화에어로스페이스,KRZF012453G3,한화에어로스페이스 20260324-31-3,20260324,20260424,KRW,10000000000,2,AAA0(A1),제조업
한화에어로스페이스,KRZF01245FG3,한화에어로스페이스 20260324-31-15,20260324,20260424,KRW,10000000000,2,AAA0(A1),제조업
한화에어로스페이스,KRZF012458G3,한화에어로스페이스 20260324-31-8,20260324,20260424,KRW,10000000000,2,AAA0(A1),제조업
한화에어로스페이스,KRZF012452G3,한화에어로스페이스 20260324-31-2,20260324,20260424,KRW,10000000000,2,AAA0(A1),제조업
한화에어로스페이스,KRZF01245JG3,한화에어로스페이스 20260324-31-18,20260324,20260424,KRW,10000000000,2,AAA0(A1),제조업
한화에어로스페이스,KRZF012455G3,한화에어로스페이스 20260324-31-5,20260324,20260424,KRW,10000000000,2,AAA0(A1),제조업
한화에어로스페이스,KRZF01245LG3,한화에어로스페이스 20260324-31-20,20260324,20260424,KRW,10000000000,2,AAA0(A1),제조업
한화에어로스페이스,KRZF01245HG3,한화에어로스페이스 20260324-31-17,20260324,20260424,KRW,10000000000,2,AAA0(A1),제조업
한화에어로스페이스,KRZF01245DG3,한화에어로스페이스 20260324-31-13,20260324,20260424,KRW,10000000000,2,AAA0(A1),제조업
한화에어로스페이스,KRZF01245BG3,한화에어로스페이스 20260324-31-11,20260324,20260424,KRW,10000000000,2,AAA0(A1),제조업
한화에어로스페이스,KRZF01245AG3,한화에어로스페이스 20260324-31-10,20260324,20260424,KRW,10000000000,2,AAA0(A1),제조업
한화에어로스페이스,KRZF012457G3,한화에어로스페이스 20260324-31-7,20260324,20260424,KRW,10000000000,2,AAA0(A1),제조업
한화에어로스페이스,KRZF012456G3,한화에어로스페이스 20260324-31-6,20260324,20260424,KRW,10000000000,2,AAA0(A1),제조업
한화에어로스페이스,KRZF01245GG3,한화에어로스페이스 20260324-31-16,20260324,20260424,KRW,10000000000,2,AAA0(A1),제조업
군인공제회,KRZF105297G3,군인공제회 20260323-92-7,20260323,20260623,KRW,10000000000,62,AAA0(A1),금융 및 보험업
군인공제회,KRZF105295G3,군인공제회 20260323-92-5,20260323,20260623,KRW,10000000000,62,AAA0(A1),금융 및 보험업
군인공제회,KRZF10529KG3,군인공제회 20260323-92-19,20260323,20260623,KRW,10000000000,62,AAA0(A1),금융 및 보험업
군인공제회,KRZF10529EG3,군인공제회 20260323-92-14,20260323,20260623,KRW,10000000000,62,AAA0(A1),금융 및 보험업
군인공제회,KRZF10529DG3,군인공제회 20260323-92-13,20260323,20260623,KRW,10000000000,62,AAA0(A1),금융 및 보험업
군인공제회,KRZF10529LG3,군인공제회 20260323-92-20,20260323,20260623,KRW,10000000000,62,AAA0(A1),금융 및 보험업
군인공제회,KRZF10529GG3,군인공제회 20260323-92-16,20260323,20260623,KRW,10000000000,62,AAA0(A1),금융 및 보험업
군인공제회,KRZF105294G3,군인공제회 20260323-92-4,20260323,20260623,KRW,10000000000,62,AAA0(A1),금융 및 보험업
군인공제회,KRZF10529CG3,군인공제회 20260323-92-12,20260323,20260623,KRW,10000000000,62,AAA0(A1),금융 및 보험업
군인공제회,KRZF105298G3,군인공제회 20260323-92-8,20260323,20260623,KRW,10000000000,62,AAA0(A1),금융 및 보험업
군인공제회,KRZF105296G3,군인공제회 20260323-92-6,20260323,20260623,KRW,10000000000,62,AAA0(A1),금융 및 보험업
군인공제회,KRZF10529AG3,군인공제회 20260323-92-10,20260323,20260623,KRW,10000000000,62,AAA0(A1),금융 및 보험업
군인공제회,KRZF105291G3,군인공제회 20260323-92-1,20260323,20260623,KRW,10000000000,62,AAA0(A1),금융 및 보험업
군인공제회,KRZF10529HG3,군인공제회 20260323-92-17,20260323,20260623,KRW,10000000000,62,AAA0(A1),금융 및 보험업
군인공제회,KRZF10529BG3,군인공제회 20260323-92-11,20260323,20260623,KRW,10000000000,62,AAA0(A1),금융 및 보험업
군인공제회,KRZF105293G3,군인공제회 20260323-92-3,20260323,20260623,KRW,10000000000,62,AAA0(A1),금융 및 보험업
군인공제회,KRZF10529JG3,군인공제회 20260323-92-18,20260323,20260623,KRW,10000000000,62,AAA0(A1),금융 및 보험업
군인공제회,KRZF10529FG3,군인공제회 20260323-92-15,20260323,20260623,KRW,10000000000,62,AAA0(A1),금융 및 보험업
군인공제회,KRZF105299G3,군인공제회 20260323-92-9,20260323,20260623,KRW,10000000000,62,AAA0(A1),금융 및 보험업
군인공제회,KRZF105292G3,군인공제회 20260323-92-2,20260323,20260623,KRW,10000000000,62,AAA0(A1),금융 및 보험업
동원에프앤비,KRZF049776G3,동원에프앤비 20260323-14-6,20260323,20260406,KRW,10000000000,-16,AAA0(A1),제조업
동원에프앤비,KRZF049775G3,동원에프앤비 20260323-14-5,20260323,20260406,KRW,10000000000,-16,AAA0(A1),제조업
동원에프앤비,KRZF049777G3,동원에프앤비 20260323-14-7,20260323,20260406,KRW,10000000000,-16,AAA0(A1),제조업
비엔케이투자증권,KRZFB5399JG3,비엔케이투자증권 20260323-245-84,20260323,20261123,KRW,5000000000,215,AAA0(A1),금융 및 보험업
비엔케이투자증권,KRZFB53999G3,비엔케이투자증권 20260323-214-75,20260323,20261023,KRW,5000000000,184,AAA0(A1),금융 및 보험업
비엔케이투자증권,KRZFB5399CG3,비엔케이투자증권 20260323-214-78,20260323,20261023,KRW,5000000000,184,AAA0(A1),금융 및 보험업
비엔케이투자증권,KRZFB5399BG3,비엔케이투자증권 20260323-214-77,20260323,20261023,KRW,5000000000,184,AAA0(A1),금융 및 보험업
비엔케이투자증권,KRZFB5399GG3,비엔케이투자증권 20260323-245-82,20260323,20261123,KRW,5000000000,215,AAA0(A1),금융 및 보험업
비엔케이투자증권,KRZFB5399FG3,비엔케이투자증권 20260323-245-81,20260323,20261123,KRW,5000000000,215,AAA0(A1),금융 및 보험업
비엔케이투자증권,KRZFB5399EG3,비엔케이투자증권 20260323-245-80,20260323,20261123,KRW,10000000000,215,AAA0(A1),금융 및 보험업
비엔케이투자증권,KRZFB5399HG3,비엔케이투자증권 20260323-245-83,20260323,20261123,KRW,5000000000,215,AAA0(A1),금융 및 보험업
비엔케이투자증권,KRZFB5399DG3,비엔케이투자증권 20260323-214-79,20260323,20261023,KRW,5000000000,184,AAA0(A1),금융 및 보험업
비엔케이투자증권,KRZFB5399AG3,비엔케이투자증권 20260323-214-76,20260323,20261023,KRW,5000000000,184,AAA0(A1),금융 및 보험업
비엔케이투자증권,KRZFB53998G3,비엔케이투자증권 20260323-214-74,20260323,20261023,KRW,5000000000,184,AAA0(A1),금융 및 보험업
비엔케이투자증권,KRZFB5399MG3,비엔케이투자증권 20260323-305-87,20260323,20270122,KRW,5000000000,275,AAA0(A1),금융 및 보험업
비엔케이투자증권,KRZFB5399LG3,비엔케이투자증권 20260323-274-86,20260323,20261222,KRW,5000000000,244,AAA0(A1),금융 및 보험업
비엔케이투자증권,KRZFB5399KG3,비엔케이투자증권 20260323-274-85,20260323,20261222,KRW,10000000000,244,AAA0(A1),금융 및 보험업
삼성카드,KRZFA29782G3,삼성카드 20260323-179-68,20260323,20260918,KRW,5000000000,149,AAA0(A1),금융 및 보험업
삼성카드,KRZFA29783G3,삼성카드 20260323-179-69,20260323,20260918,KRW,5000000000,149,AAA0(A1),금융 및 보험업
삼성카드,KRZFA29781G3,삼성카드 20260323-179-67,20260323,20260918,KRW,5000000000,149,AAA0(A1),금융 및 보험업
삼성카드,KRZFA29785G3,삼성카드 20260323-179-71,20260323,20260918,KRW,5000000000,149,AAA0(A1),금융 및 보험업
삼성카드,KRZFA29786G3,삼성카드 20260323-179-72,20260323,20260918,KRW,5000000000,149,AAA0(A1),금융 및 보험업
삼성카드,KRZFA29784G3,삼성카드 20260323-179-70,20260323,20260918,KRW,5000000000,149,AAA0(A1),금융 및 보험업
세라젬,KRZF266291G3,세라젬 20260323-92-1,20260323,20260623,KRW,10000000000,62,A-(A3-),제조업
아이비케이캐피탈,KRZF019458G3,아이비케이캐피탈 20260323-364-8,20260323,20270322,KRW,5000000000,334,AAA0(A1),금융 및 보험업
아이비케이캐피탈,KRZF019459G3,아이비케이캐피탈 20260323-364-9,20260323,20270322,KRW,5000000000,334,AAA0(A1),금융 및 보험업
아이비케이캐피탈,KRZF019457G3,아이비케이캐피탈 20260323-364-7,20260323,20270322,KRW,5000000000,334,AAA0(A1),금융 및 보험업
아이비케이캐피탈,KRZF01945CG3,아이비케이캐피탈 20260323-364-12,20260323,20270322,KRW,5000000000,334,AAA0(A1),금융 및 보험업
아이비케이캐피탈,KRZF01945AG3,아이비케이캐피탈 20260323-364-10,20260323,20270322,KRW,5000000000,334,AAA0(A1),금융 및 보험업
아이비케이캐피탈,KRZF01945BG3,아이비케이캐피탈 20260323-364-11,20260323,20270322,KRW,5000000000,334,AAA0(A1),금융 및 보험업
아이비케이투자증권,KRZF10477KG3,아이비케이투자증권 20260323-245-19,20260323,20261123,KRW,5000000000,215,AAA0(A1),금융 및 보험업
아이비케이투자증권,KRZF10477PG3,아이비케이투자증권 20260323-245-23,20260323,20261123,KRW,5000000000,215,AAA0(A1),금융 및 보험업
아이비케이투자증권,KRZF10477VG3,아이비케이투자증권 20260323-364-28,20260323,20270322,KRW,5000000000,334,AAA0(A1),금융 및 보험업
아이비케이투자증권,KRZF10477QG3,아이비케이투자증권 20260323-245-24,20260323,20261123,KRW,5000000000,215,AAA0(A1),금융 및 보험업
아이비케이투자증권,KRZF10477TG3,아이비케이투자증권 20260323-364-27,20260323,20270322,KRW,5000000000,334,AAA0(A1),금융 및 보험업
아이비케이투자증권,KRZF10477SG3,아이비케이투자증권 20260323-364-26,20260323,20270322,KRW,5000000000,334,AAA0(A1),금융 및 보험업
아이비케이투자증권,KRZF10477LG3,아이비케이투자증권 20260323-245-20,20260323,20261123,KRW,5000000000,215,AAA0(A1),금융 및 보험업
아이비케이투자증권,KRZF10477MG3,아이비케이투자증권 20260323-245-21,20260323,20261123,KRW,5000000000,215,AAA0(A1),금융 및 보험업
아이비케이투자증권,KRZF10477RG3,아이비케이투자증권 20260323-364-25,20260323,20270322,KRW,5000000000,334,AAA0(A1),금융 및 보험업
아이비케이투자증권,KRZF10477NG3,아이비케이투자증권 20260323-245-22,20260323,20261123,KRW,5000000000,215,AAA0(A1),금융 및 보험업
엘에스전선,KRZF104238G3,엘에스전선 20260323-87-8,20260323,20260618,KRW,5000000000,57,AAA0(A1),정보통신업
엘에스전선,KRZF104233G3,엘에스전선 20260323-87-3,20260323,20260618,KRW,10000000000,57,AAA0(A1),정보통신업
엘에스전선,KRZF104236G3,엘에스전선 20260323-87-6,20260323,20260618,KRW,5000000000,57,AAA0(A1),정보통신업
엘에스전선,KRZF104239G3,엘에스전선 20260323-87-9,20260323,20260618,KRW,5000000000,57,AAA0(A1),정보통신업
엘에스전선,KRZF104234G3,엘에스전선 20260323-87-4,20260323,20260618,KRW,10000000000,57,AAA0(A1),정보통신업
엘에스전선,KRZF104235G3,엘에스전선 20260323-87-5,20260323,20260618,KRW,5000000000,57,AAA0(A1),정보통신업
엘에스전선,KRZF104237G3,엘에스전선 20260323-87-7,20260323,20260618,KRW,5000000000,57,AAA0(A1),정보통신업
엘에스전선,KRZF104232G3,엘에스전선 20260323-87-2,20260323,20260618,KRW,10000000000,57,AAA0(A1),정보통신업
엘에스전선,KRZF10423AG3,엘에스전선 20260323-87-10,20260323,20260618,KRW,5000000000,57,AAA0(A1),정보통신업
엘에스증권,KRZF07802JG3,엘에스증권 20260323-101-18,20260323,20260702,KRW,5000000000,71,AA+(A2+),금융 및 보험업
엘에스증권,KRZF07802KG3,엘에스증권 20260323-235-19,20260323,20261113,KRW,5000000000,205,AA+(A2+),금융 및 보험업
우리금융캐피탈,KRZF03366BG3,우리금융캐피탈 20260323-151-11,20260323,20260821,KRW,5000000000,121,AAA0(A1),금융 및 보험업
우리금융캐피탈,KRZF033667G3,우리금융캐피탈 20260323-151-7,20260323,20260821,KRW,5000000000,121,AAA0(A1),금융 및 보험업
우리금융캐피탈,KRZF033665G3,우리금융캐피탈 20260323-151-5,20260323,20260821,KRW,5000000000,121,AAA0(A1),금융 및 보험업
우리금융캐피탈,KRZF033661G3,우리금융캐피탈 20260323-151-1,20260323,20260821,KRW,5000000000,121,AAA0(A1),금융 및 보험업
우리금융캐피탈,KRZF03366AG3,우리금융캐피탈 20260323-151-10,20260323,20260821,KRW,5000000000,121,AAA0(A1),금융 및 보험업
우리금융캐피탈,KRZF033668G3,우리금융캐피탈 20260323-151-8,20260323,20260821,KRW,5000000000,121,AAA0(A1),금융 및 보험업
우리금융캐피탈,KRZF033669G3,우리금융캐피탈 20260323-151-9,20260323,20260821,KRW,5000000000,121,AAA0(A1),금융 및 보험업
우리금융캐피탈,KRZF03366CG3,우리금융캐피탈 20260323-151-12,20260323,20260821,KRW,5000000000,121,AAA0(A1),금융 및 보험업
우리금융캐피탈,KRZF033664G3,우리금융캐피탈 20260323-151-4,20260323,20260821,KRW,5000000000,121,AAA0(A1),금융 및 보험업
우리금융캐피탈,KRZF033662G3,우리금융캐피탈 20260323-151-2,20260323,20260821,KRW,5000000000,121,AAA0(A1),금융 및 보험업
우리금융캐피탈,KRZF033666G3,우리금융캐피탈 20260323-151-6,20260323,20260821,KRW,5000000000,121,AAA0(A1),금융 및 보험업
우리금융캐피탈,KRZF033663G3,우리금융캐피탈 20260323-151-3,20260323,20260821,KRW,5000000000,121,AAA0(A1),금융 및 보험업
웰컴크레디라인,KRZF105352G3,웰컴크레디라인 20260323-183-2,20260323,20260922,KRW,800000000,153,A-(A3-),금융 및 보험업
웰컴크레디라인,KRZF105355G3,웰컴크레디라인 20260323-183-5,20260323,20260922,KRW,500000000,153,A-(A3-),금융 및 보험업
웰컴크레디라인,KRZF105354G3,웰컴크레디라인 20260323-183-4,20260323,20260922,KRW,200000000,153,A-(A3-),금융 및 보험업
웰컴크레디라인,KRZF105353G3,웰컴크레디라인 20260323-183-3,20260323,20260922,KRW,500000000,153,A-(A3-),금융 및 보험업
케이비증권,KRZFA0345FGF,케이비증권 20260323-179-114,20260323,20260918,KRW,5000000000,149,AAA0(A1),금융 및 보험업
케이비증권,KRZFE0345DG3,케이비증권 20260323-179-145,20260323,20260918,KRW,5000000000,149,AAA0(A1),금융 및 보험업
케이비증권,KRZFA0345YGF,케이비증권 20260323-179-130,20260323,20260918,KRW,5000000000,149,AAA0(A1),금융 및 보험업
케이비증권,KRZFA0345EGF,케이비증권 20260323-179-113,20260323,20260918,KRW,5000000000,149,AAA0(A1),금융 및 보험업
케이비증권,KRZFE0345KG3,케이비증권 20260323-179-151,20260323,20260918,KRW,5000000000,149,AAA0(A1),금융 및 보험업
케이비증권,KRZFE0345GG3,케이비증권 20260323-179-148,20260323,20260918,KRW,5000000000,149,AAA0(A1),금융 및 보험업
케이비증권,KRZFE0345EG3,케이비증권 20260323-179-146,20260323,20260918,KRW,5000000000,149,AAA0(A1),금융 및 보험업
케이비증권,KRZFA0345ZGF,케이비증권 20260323-179-131,20260323,20260918,KRW,5000000000,149,AAA0(A1),금융 및 보험업
케이비증권,KRZFA0345SGF,케이비증권 20260323-179-125,20260323,20260918,KRW,5000000000,149,AAA0(A1),금융 및 보험업
케이비증권,KRZFA0345HGF,케이비증권 20260323-179-116,20260323,20260918,KRW,5000000000,149,AAA0(A1),금융 및 보험업
케이비증권,KRZFE0345PG3,케이비증권 20260323-179-155,20260323,20260918,KRW,5000000000,149,AAA0(A1),금융 및 보험업
케이비증권,KRZFE0345HG3,케이비증권 20260323-179-149,20260323,20260918,KRW,5000000000,149,AAA0(A1),금융 및 보험업
케이비증권,KRZFE0345BG3,케이비증권 20260323-179-143,20260323,20260918,KRW,5000000000,149,AAA0(A1),금융 및 보험업
케이비증권,KRZFE03452G3,케이비증권 20260323-179-134,20260323,20260918,KRW,5000000000,149,AAA0(A1),금융 및 보험업
케이비증권,KRZFA0345RGF,케이비증권 20260323-179-124,20260323,20260918,KRW,5000000000,149,AAA0(A1),금융 및 보험업
케이비증권,KRZFA0345NGF,케이비증권 20260323-179-121,20260323,20260918,KRW,5000000000,149,AAA0(A1),금융 및 보험업
케이비증권,KRZFA0345AGF,케이비증권 20260323-179-109,20260323,20260918,KRW,5000000000,149,AAA0(A1),금융 및 보험업
케이비증권,KRZFA0345JGF,케이비증권 20260323-179-117,20260323,20260918,KRW,5000000000,149,AAA0(A1),금융 및 보험업
케이비증권,KRZFE0345FG3,케이비증권 20260323-179-147,20260323,20260918,KRW,5000000000,149,AAA0(A1),금융 및 보험업
케이비증권,KRZFE03453G3,케이비증권 20260323-179-135,20260323,20260918,KRW,5000000000,149,AAA0(A1),금융 및 보험업
케이비증권,KRZFE03451G3,케이비증권 20260323-179-133,20260323,20260918,KRW,5000000000,149,AAA0(A1),금융 및 보험업
케이비증권,KRZFE03450G3,케이비증권 20260323-179-132,20260323,20260918,KRW,5000000000,149,AAA0(A1),금융 및 보험업
케이비증권,KRZFA0345QGF,케이비증권 20260323-179-123,20260323,20260918,KRW,5000000000,149,AAA0(A1),금융 및 보험업
케이비증권,KRZFA0345DGF,케이비증권 20260323-179-112,20260323,20260918,KRW,5000000000,149,AAA0(A1),금융 및 보험업
케이비증권,KRZFA0345CGF,케이비증권 20260323-179-111,20260323,20260918,KRW,5000000000,149,AAA0(A1),금융 및 보험업
케이비증권,KRZFE0345MG3,케이비증권 20260323-179-153,20260323,20260918,KRW,5000000000,149,AAA0(A1),금융 및 보험업
케이비증권,KRZFE0345LG3,케이비증권 20260323-179-152,20260323,20260918,KRW,5000000000,149,AAA0(A1),금융 및 보험업
케이비증권,KRZFE0345JG3,케이비증권 20260323-179-150,20260323,20260918,KRW,5000000000,149,AAA0(A1),금융 및 보험업
케이비증권,KRZFE0345CG3,케이비증권 20260323-179-144,20260323,20260918,KRW,5000000000,149,AAA0(A1),금융 및 보험업
케이비증권,KRZFE0345AG3,케이비증권 20260323-179-142,20260323,20260918,KRW,5000000000,149,AAA0(A1),금융 및 보험업
케이비증권,KRZFE03459G3,케이비증권 20260323-179-141,20260323,20260918,KRW,5000000000,149,AAA0(A1),금융 및 보험업
케이비증권,KRZFE03458G3,케이비증권 20260323-179-140,20260323,20260918,KRW,5000000000,149,AAA0(A1),금융 및 보험업
케이비증권,KRZFE03457G3,케이비증권 20260323-179-139,20260323,20260918,KRW,5000000000,149,AAA0(A1),금융 및 보험업
케이비증권,KRZFE03455G3,케이비증권 20260323-179-137,20260323,20260918,KRW,5000000000,149,AAA0(A1),금융 및 보험업
케이비증권,KRZFE03454G3,케이비증권 20260323-179-136,20260323,20260918,KRW,5000000000,149,AAA0(A1),금융 및 보험업
케이비증권,KRZFA0345XGF,케이비증권 20260323-179-129,20260323,20260918,KRW,5000000000,149,AAA0(A1),금융 및 보험업
케이비증권,KRZFA0345WGF,케이비증권 20260323-179-128,20260323,20260918,KRW,5000000000,149,AAA0(A1),금융 및 보험업
케이비증권,KRZFA0345TGF,케이비증권 20260323-179-126,20260323,20260918,KRW,5000000000,149,AAA0(A1),금융 및 보험업
케이비증권,KRZFA0345PGF,케이비증권 20260323-179-122,20260323,20260918,KRW,5000000000,149,AAA0(A1),금융 및 보험업
케이비증권,KRZFA0345GGF,케이비증권 20260323-179-115,20260323,20260918,KRW,5000000000,149,AAA0(A1),금융 및 보험업
케이비증권,KRZFA0345BGF,케이비증권 20260323-179-110,20260323,20260918,KRW,5000000000,149,AAA0(A1),금융 및 보험업
케이비증권,KRZFA03459GF,케이비증권 20260323-179-108,20260323,20260918,KRW,5000000000,149,AAA0(A1),금융 및 보험업
케이비증권,KRZFE0345NG3,케이비증권 20260323-179-154,20260323,20260918,KRW,5000000000,149,AAA0(A1),금융 및 보험업
케이비증권,KRZFE03456G3,케이비증권 20260323-179-138,20260323,20260918,KRW,5000000000,149,AAA0(A1),금융 및 보험업
케이비증권,KRZFA0345VGF,케이비증권 20260323-179-127,20260323,20260918,KRW,5000000000,149,AAA0(A1),금융 및 보험업
케이비증권,KRZFA0345MGF,케이비증권 20260323-179-120,20260323,20260918,KRW,5000000000,149,AAA0(A1),금융 및 보험업
케이비증권,KRZFA0345LGF,케이비증권 20260323-179-119,20260323,20260918,KRW,5000000000,149,AAA0(A1),금융 및 보험업
케이비증권,KRZFA0345KGF,케이비증권 20260323-179-118,20260323,20260918,KRW,5000000000,149,AAA0(A1),금융 및 보험업
하나에프앤아이,KRZF025082G3,하나에프앤아이 20260323-31-2,20260323,20260423,KRW,5000000000,1,AA+(A2+),금융 및 보험업
하나에프앤아이,KRZF025084G3,하나에프앤아이 20260323-31-4,20260323,20260423,KRW,5000000000,1,AA+(A2+),금융 및 보험업
하나에프앤아이,KRZF025081G3,하나에프앤아이 20260323-31-1,20260323,20260423,KRW,5000000000,1,AA+(A2+),금융 및 보험업
하나에프앤아이,KRZF025083G3,하나에프앤아이 20260323-31-3,20260323,20260423,KRW,5000000000,1,AA+(A2+),금융 및 보험업
한국투자증권,KRZF03049QGF,한국투자증권 20260323-248-57,20260323,20261126,KRW,5000000000,218,AAA0(A1),금융 및 보험업
한국투자증권,KRZF03049MGF,한국투자증권 20260323-213-54,20260323,20261022,KRW,5000000000,183,AAA0(A1),금융 및 보험업
한국투자증권,KRZF03049JGF,한국투자증권 20260323-213-51,20260323,20261022,KRW,5000000000,183,AAA0(A1),금융 및 보험업
한국투자증권,KRZF03049TGF,한국투자증권 20260323-248-60,20260323,20261126,KRW,5000000000,218,AAA0(A1),금융 및 보험업
한국투자증권,KRZF03049LGF,한국투자증권 20260323-213-53,20260323,20261022,KRW,5000000000,183,AAA0(A1),금융 및 보험업
한국투자증권,KRZF03049RGF,한국투자증권 20260323-248-58,20260323,20261126,KRW,5000000000,218,AAA0(A1),금융 및 보험업
한국투자증권,KRZF03049PGF,한국투자증권 20260323-248-56,20260323,20261126,KRW,5000000000,218,AAA0(A1),금융 및 보험업
한국투자증권,KRZF03049KGF,한국투자증권 20260323-213-52,20260323,20261022,KRW,5000000000,183,AAA0(A1),금융 및 보험업
한국투자증권,KRZF03049SGF,한국투자증권 20260323-248-59,20260323,20261126,KRW,5000000000,218,AAA0(A1),금융 및 보험업
한국투자증권,KRZF03049NGF,한국투자증권 20260323-248-55,20260323,20261126,KRW,5000000000,218,AAA0(A1),금융 및 보험업
현대차증권,KRZF00150HG3,현대차증권 20260323-240-17,20260323,20261118,KRW,5000000000,210,AAA0(A1),금융 및 보험업
현대차증권,KRZF00150KG3,현대차증권 20260323-240-19,20260323,20261118,KRW,5000000000,210,AAA0(A1),금융 및 보험업
현대차증권,KRZF00150JG3,현대차증권 20260323-240-18,20260323,20261118,KRW,5000000000,210,AAA0(A1),금융 및 보험업
현대카드,KRZF065907G3,현대카드 20260323-30-7,20260323,20260422,KRW,5000000000,0,AAA0(A1),금융 및 보험업
현대카드,KRZF06590BG3,현대카드 20260323-30-11,20260323,20260422,KRW,5000000000,0,AAA0(A1),금융 및 보험업
현대카드,KRZF06590CG3,현대카드 20260323-30-12,20260323,20260422,KRW,5000000000,0,AAA0(A1),금융 및 보험업
현대카드,KRZF065909G3,현대카드 20260323-30-9,20260323,20260422,KRW,5000000000,0,AAA0(A1),금융 및 보험업
현대카드,KRZF065908G3,현대카드 20260323-30-8,20260323,20260422,KRW,5000000000,0,AAA0(A1),금융 및 보험업
현대카드,KRZF06590DG3,현대카드 20260323-30-13,20260323,20260422,KRW,5000000000,0,AAA0(A1),금융 및 보험업
현대카드,KRZF06590AG3,현대카드 20260323-30-10,20260323,20260422,KRW,5000000000,0,AAA0(A1),금융 및 보험업
현대카드,KRZF06590EG3,현대카드 20260323-30-14,20260323,20260422,KRW,5000000000,0,AAA0(A1),금융 및 보험업
현대카드,KRZF06590GG3,현대카드 20260323-30-16,20260323,20260422,KRW,5000000000,0,AAA0(A1),금융 및 보험업
현대카드,KRZF06590FG3,현대카드 20260323-30-15,20260323,20260422,KRW,5000000000,0,AAA0(A1),금융 및 보험업
