YYYYMM,abcp_denom_prev_balance_total_amt,abcp_bucket_issue_amt_ultra,abcp_rollover_ultra,abcp_bucket_issue_amt_short,abcp_rollover_short,abcp_bucket_issue_amt_main,abcp_rollover_main,abcp_bucket_issue_amt_mid,abcp_rollover_mid,abcp_bucket_issue_amt_long,abcp_rollover_long,abcp_bucket_issue_amt_ultra_long,abcp_rollover_ultra_long
201601,,0,,838507000000,,1966415000000,,3414470008658,,3408735300000,,0,
201602,90478050000000.0,133514000000,0.0014756507241259068,1108862000000,0.012255591273242515,3474645153108,0.038403183458396814,6382565008658,0.07054268973146526,6262937300000,0.06922051591518606,0,0.0
201603,90587350000000.0,992912000000,0.010960824000260522,4010575008658,0.0442730139324972,5708052000000,0.06301157943134444,6578734706164,0.0726231058328122,11272064300000,0.12443309468706172,0,0.0
201604,93314850000000.0,709788000000,0.007606377763024856,3030069000000,0.032471455507885404,7565311000000,0.08107295891275612,10474933211299,0.11225365749716149,15294479300000,0.16390187949720758,0,0.0
201605,92927750000000.0,823760000000,0.008864521092999669,4302338553056,0.04629767268717902,7649554879091,0.08231722902029803,10804287505135,0.11626545897361122,22670627300000,0.24395971386372747,0,0.0
201606,95659750000000.0,2164598000000,0.022628095933765247,5363497505135,0.05606848758370161,9513856718654,0.09945517021165119,10385078879091,0.1085626805327319,27936291300000,0.29203809648258544,0,0.0
201607,98811250000000.0,1734920000000,0.017557919771281103,3546014879091,0.03588675256199066,9558675399462,0.09673671165441182,14835351718654,0.15013828606210325,30336874000000,0.3070184214854078,0,0.0
201608,101511200000000.0,5025549000000,0.04950733515119514,7177241718654,0.07070393925649583,11032907300000,0.10868660108441236,12912121527161,0.12719898422204642,32939909000000,0.32449531677292753,0,0.0
201609,107164200000000.0,2157783000000,0.020135297048827872,6179775000000,0.05766641285056017,15004108151097,0.14001045266140186,13265580527161,0.12378742646481754,35232400000000,0.32877024230106694,0,0.0
201610,105597400000000.0,1592342000000,0.0150793674844267,5198276427699,0.04922731457118262,16414836108198,0.15544735105407897,15681579151097,0.1485034589023688,39677270000000,0.3757409746830888,0,0.0
201611,104361000000000.0,1836115000000,0.01759388085587528,6113371851097,0.05857908463024501,20182995000000,0.19339595251099548,16934523370491,0.1622686958776842,40832500000000,0.3912620614980692,0,0.0
201612,106368400000000.0,4317519000000,0.040590241086638515,4799668300000,0.045123065684921464,20178783000000,0.18970655758665167,18810045358545,0.17683866034033605,39457722000000,0.3709534222569861,0,0.0
201701,102657700000000.0,1759244108198,0.017136991265126727,7692866962293,0.07493706718826741,22132710000000,0.21559717390901997,19091125288054,0.18596876111635074,39210195000000,0.3819508424599421,0,0.0
201702,104913150000000.0,1873497000000,0.017857599357182584,9332249000000,0.0889521380303613,19038129228789,0.18146561445146772,21580968375717,0.20570317806411303,40386135000000,0.38494826435008384,0,0.0
201703,106992600000000.0,2395271000000,0.0223872585580685,8650669000000,0.08085296553219569,19309342000000,0.1804736215401813,22731340701550,0.21245712975990863,37706326000000,0.3524199430614828,0,0.0
201704,104972750000000.0,1140468000000,0.010864419575556514,11613279087663,0.11063136945219593,24315506000000,0.23163636277033803,22358927613887,0.21299744565982123,32018964000000,0.3050216746727127,0,0.0
201705,105612750000000.0,1785905000000,0.016909937483873868,10394261385098,0.098418622610414,28050878000000,0.2656012460616734,18872096000000,0.17869145534038267,30140554000000,0.2853874555865651,0,0.0
201706,103386650000000.0,1872089000000,0.0181076473606602,9336094000000,0.09030270349218202,27915770000000,0.27001329475323943,18815923500000,0.18199567835885969,35841724000000,0.34667651964736257,0,0.0
201707,107050050000000.0,2834570000000,0.02647892270951765,6480539000000,0.06053746822164025,21694135000000,0.20265413234276863,26965680500000,0.2518978786091179,35326004000000,0.3299952125197513,0,0.0
201708,106421400000000.0,2070650000000,0.019457082879947078,12471450500000,0.11718931060858061,17904524000000,0.16824176340472874,27167590000000,0.2552831479382906,35062678000000,0.3294701817491595,0,0.0
201709,107632500000000.0,1023231000000,0.00950671033377465,13398218000000,0.12448115578473044,15526825000000,0.14425777530021136,23691373000000,0.2201135623533784,36814732000000,0.34204103779063016,0,0.0
201710,101332600000000.0,5282050000000,0.05212587064774811,8844513000000,0.08728200993559822,16898622000000,0.16676392394944964,20163186750000,0.1989802566005412,36747075000000,0.36263823290826447,0,0.0
201711,97812900000000.0,1723160000000,0.017616899202456935,8528338000000,0.08719031947728777,17061703000000,0.1744320329936031,20591908750000,0.21052344578271373,40847750000000,0.4176110717502497,0,0.0
201712,98373850000000.0,2961469000000,0.030104229935089457,8859931750000,0.09006389147115824,28912497000000,0.29390429468807006,17091444500000,0.17373971334861857,33555165000000,0.341098421989177,0,0.0
201801,99757750000000.0,1971413000000,0.01976200345336578,8271627000000,0.08291713676381034,28302189000000,0.2837091754775945,18911251000000,0.18957174755846037,33997554000000,0.34080113073921575,0,0.0
201802,99609850000000.0,1404783000000,0.014102852278163254,6831001500000,0.06857757039088001,29914820000000,0.30031989808236836,21778664500000,0.21863966766338871,31164818000000,0.31286883777056185,0,0.0
201803,98334600000000.0,2850060000000,0.02898328767290455,9633233500000,0.09796382453378567,20346223000000,0.20690807711629478,29989454000000,0.3049735698319818,28560190000000,0.2904388689230444,0,0.0
201804,95400200000000.0,764150000000,0.008009941278949101,10409810000000,0.1091172764836971,21862439000000,0.229165546822753,30561499250000,0.32035047358391283,28467775000000,0.2984037245204937,0,0.0
201805,94599500000000.0,5274550000000,0.0557566371915285,12994718000000,0.13736560975480844,26970679120000,0.28510382317031274,23645758250000,0.2499564823281307,28782692000000,0.3042583946003943,0,0.0
201806,99950400000000.0,3400345000000,0.03402032408074405,9681271250000,0.0968607554346956,30432150120000,0.30447251956970656,22351796500000,0.22362888492692376,27633588000000,0.2764730106132642,0,0.0
201807,94007300000000.0,3641684000000,0.038738310748207855,8523576000000,0.09066929908634755,29300792120000,0.31168634903885123,24000070500000,0.25530007244118275,30383432000000,0.32320290020030357,0,0.0
201808,96205800000000.0,1972813000000,0.02050617530336009,8816415000000,0.09164120042658551,21042104000000,0.2187197029700912,31143115120000,0.3237134883759607,34084028800000,0.35428247361385695,0,0.0
201809,97397400000000.0,2530587700000,0.025982086790817826,12444802000000,0.1277734518580578,15303801000000,0.15712740791848653,31309359577197,0.32145991142676295,36851557800000,0.3783628495216505,0,0.0
201810,98734200000000.0,2407344000000,0.02438206821952272,16667289220000,0.16880968519520084,17507895000000,0.1773235110022667,23311351207197,0.23610209235702523,44752441800000,0.45326180593958326,0,0.0
201811,104794100000000.0,2464485457197,0.023517406582975568,9997196500000,0.09539846708927316,21594136000000,0.2060625168783357,19444743750000,0.18555189414289544,47874418040000,0.45684268522750804,0,0.0
201812,101521300000000.0,2836460000000,0.027939555541546455,9061392750000,0.08925607483355709,24523924240000,0.24156432433390826,16755054075423,0.16503979042253203,53619706800000,0.5281621374036779,0,0.0
201901,106839500000000.0,1383893000000,0.012953008952681358,6107347000000,0.05716375497826179,24869988240000,0.23277896508313872,22711166066989,0.2125727475979296,47887657520000,0.4482205319193744,0,0.0
201902,103003000000000.0,1166787066989,0.01132769984358708,8718269500000,0.08464092793413784,24082343040000,0.2338023459510888,25115819500000,0.2438358057532305,46046924720000,0.44704450083978137,0,0.0
201903,105173000000000.0,2357360000000,0.02241411769180303,12068104500000,0.1147452720755327,25683296520000,0.24420047464653477,24496833697197,0.23291941560283533,42199005000000,0.40123420459623665,0,0.0
201904,106847300000000.0,2464589000000,0.023066460266192967,10669426000000,0.09985676755519325,29396279520000,0.2751242148374362,26025623230197,0.24357773411398323,38907631000000,0.36414238824939893,0,0.0
201905,107506200000000.0,1944185457197,0.018084403106025514,10834842240000,0.10078341751452474,31953329720000,0.29722313429365005,25422691333000,0.2364765132894661,40163283000000,0.37359038827528085,0,0.0
201906,110318500000000.0,3483680000000,0.03157838440515417,12264397533000,0.11117262773696161,35978669000000,0.3261345014662092,25061372454317,0.22717288989894713,37173003360000,0.3369607396764822,0,0.0
201907,113961300000000.0,2802764000000,0.02459399813796438,9117430800000,0.08000462262189006,27117485360000,0.23795345753339073,32056931220317,0.28129664386346065,44973841646338,0.3946413532167323,0,0.0
201908,116068700000000.0,2672969434317,0.02302920110518167,16713837220000,0.1439995211456663,24598400801675,0.21192966580719005,29336938566000,0.2527549508696143,49578204313285,0.4271453399002918,0,0.0
201909,122900600000000.0,2043268000000,0.016625370421299815,13065773566000,0.10631171504451566,20765566801675,0.16896228986412598,32073700846082,0.2609726953821381,55331730262932,0.4502152980777311,0,0.0
201910,123280200000000.0,2962676000000,0.02403205056448643,12796935000000,0.10380365216798805,22198120795337,0.18006233600640653,27396603701420,0.22223036384934483,61960002495308,0.5025949219364343,0,0.0
201911,127314500000000.0,5722461846082,0.04494744782473324,13167865000000,0.10342784993068346,23019666400000,0.18080946317976349,22907528650675,0.17992866995255843,71206090095308,0.5592928542727498,40000000000,0.00031418259506968963
201912,136063800000000.0,1361420000000,0.010005747303838346,9296181855338,0.0683222271856144,27063612400000,0.19890384069826067,26444467729654,0.1943534410302667,66876070095308,0.4915052357446139,40000000000,0.00029397973597679913
202001,131081800000000.0,2741940000000,0.020917778059196625,10498491795337,0.08009114762947259,30415553880000,0.23203491163533,26967271066317,0.20572856846882634,59204860095308,0.4516634658305577,0,0.0
202002,129828100000000.0,2870173434317,0.022107490091259133,11642889500000,0.08967927205281445,36117911313285,0.2781979503149549,27022632012000,0.20814162736726488,51210450782023,0.3944481262686814,0,0.0
202003,128864000000000.0,3647610000000,0.02830588837844549,9909642132000,0.07690000412838341,36616424627518,0.28414781962004904,30428026581072,0.2361251131508567,43728258232376,0.3393364960918177,0,0.0
202004,124330000000000.0,3178801000000,0.025567449529478002,11524512880000,0.0926929371833025,38878075095308,0.31270067638790316,31159451130271,0.25061892648814443,34157875000000,0.27473558272339743,0,0.0
202005,118898800000000.0,3437251411764,0.02890905048464745,15157201357105,0.12747985141233553,41940732242023,0.3527431079373635,33499829674687,0.2817507802827867,23167714000000,0.1948523786615172,0,0.0
202006,117202800000000.0,3021858764586,0.025783161874852818,12596070596816,0.10747243749139099,38484842092376,0.32836111502776383,36929020374696,0.3150865028369288,22090662000000,0.18848237414123212,0,0.0
202007,113122500000000.0,6403800000000,0.056609427832659286,11631110313285,0.10281871699516011,31357933000000,0.2772033238303609,36744220851787,0.32481797035768306,25957010000000,0.2294593029680214,0,0.0
202008,112094100000000.0,4342929411764,0.038743603916388106,15068526649647,0.13442747343211642,25825722000000,0.23039323211480353,36275321790376,0.32361490738920246,31177726000000,0.27813886725527925,0,0.0
202009,112690200000000.0,2559528000000,0.02271295995570156,15164972790376,0.13457224133399356,22177442720000,0.19680010080734617,34503827411764,0.30618303465398056,45607325000000,0.404714207624088,0,0.0
202010,120013100000000.0,6312256000000,0.05259639156058797,15208379000000,0.12672265777652605,20506214720000,0.17086646974371963,25769879392764,0.2147255540667144,59183187000000,0.49313939061652434,0,0.0
202011,126979900000000.0,4221599411764,0.03324620205059226,10402752000000,0.08192439905843366,20470347000000,0.1612093488812009,26509450701000,0.2087688736642571,68352352000000,0.5382926904179323,0,0.0
202012,129956500000000.0,2405000000000,0.018506192456706667,10032306981000,0.07719742360713008,24479764000000,0.18836890805769624,28597775720000,0.22005652445241292,66640296000000,0.5127892487101453,0,0.0
202101,132155100000000.0,1584082000000,0.011986537031109658,15681935720000,0.11866311417417867,30281801000000,0.2291383457770453,21368516264000,0.16169271003540536,63489417000000,0.48041594308505686,0,0.0
202102,132405700000000.0,2432263000000,0.01836977562144228,12119863720000,0.0915358154520538,32626593000000,0.24641380997947973,22703031264000,0.17146566397065988,64845447000000,0.4897481528363205,50000000000,0.00037762724716534105
202103,134777200000000.0,1445300000000,0.010723623877035581,9015756264000,0.06689377924456065,38617745100000,0.28653025214947336,30838770000000,0.22881295946198615,54495481000000,0.4043375363191994,50000000000,0.0003709826291093746
202104,134463000000000.0,2455750000000,0.018263388441429985,10839246000000,0.0806113652082729,41176831100000,0.3062316852963269,34048097547000,0.25321536442738896,50150835000000,0.37297126347024834,50000000000,0.00037184950506830873
202105,138720700000000.0,4402476000000,0.03173625853964116,13562126000000,0.09776569754910407,48389924709667,0.3488298769373785,28547027547000,0.20578779913163645,46880607000000,0.33794961386440525,50000000000,0.00036043647415274
202106,141832200000000.0,2248900000000,0.015856060894493634,13428125547000,0.09467614227939777,42580864100000,0.3002200071633945,38615642209667,0.27226287267395555,45740676000000,0.3224985299530008,50000000000,0.0003525292564029889
202107,142664200000000.0,4336804545455,0.03039868828658486,11420698502794,0.08005300911366692,34591252100000,0.2424662396032081,43516167430000,0.305025138962683,48032566500000,0.3366826891399524,50000000000,0.0003504733493055721
202108,141947500000000.0,4960150000000,0.03494355307419997,20205724145455,0.14234646010289015,34006196600000,0.2395688307296712,38507230231127,0.2712779741180859,51905281000000,0.3656653410591944,58700000000,0.00041353317247573926
202109,149643300000000.0,3845100000000,0.025695102954826576,15770589275349,0.10538787420050881,31512442600000,0.21058371874985382,40484615661236,0.270540783725272,53807002000000,0.3595684003226339,58700000000,0.0003922661422195314
202110,145478500000000.0,4691659000000,0.03224984447873741,18609280112012,0.12791773431821196,40263289100000,0.27676453290348746,31810720264351,0.2186626908055211,55846032000000,0.38387825005069476,58200000000,0.0004000591152644549
202111,151279100000000.0,4735600000000,0.03130372933207561,15014177245349,0.09924819254840225,37498848080000,0.24787857727868556,32602574164351,0.2155127454113027,59699008000000,0.39462825995130857,58200000000,0.00038471936969482234
202112,149608400000000.0,2486300000000,0.01661871926977362,11247884564351,0.07518217268783704,36834111080000,0.24620349579301698,43919367992486,0.29356217961348424,62072481000000,0.41489970482940797,108200000000,0.0007232214233960125
202201,156668400000000.0,6268097445349,0.04000868998055128,16052316400000,0.10246046043745899,38308234580000,0.24451794095044055,37478697880344,0.23922308442764462,58154579460000,0.37119533651968106,107600000000,0.0006868009119899099
202202,156369500000000.0,4529550000000,0.02896696606435398,19677275216261,0.12583832023675334,40673357600000,0.2601105560867049,29848042912762,0.19088148847928785,52720504460000,0.3371533736438372,57600000000,0.0003683582795877713
202203,147506300000000.0,3679254000000,0.02494302955195812,12739496841857,0.08636578127074572,34345037500000,0.2328377669292769,37200636429964,0.2521969328087275,46748405460000,0.31692480565236875,67600000000,0.0004582855105171779
202204,134780400000000.0,1440574980000,0.010688312098791812,14318277477365,0.10623412215251624,34857583000000,0.25862501520992665,39874490398124,0.29584784136361075,42656613554270,0.31648973852481516,67000000000,0.0004971049202999843
202205,133214500000000.0,3705032000000,0.027812527915504693,20298376707348,0.15237362830133355,41558430980000,0.31196627229017865,32199376681373,0.24171074981607107,36540405554270,0.2742975093121995,77800000000,0.0005840205082780028
202206,134379500000000.0,4229050000000,0.03147094608924724,13518754757605,0.10060131759386662,42890878074270,0.319177241128818,36066428542353,0.268392340664707,28258596460000,0.2102894895426758,117800000000,0.0008766218061534684
202207,125081500000000.0,2786911000000,0.0222807609438646,15871344948502,0.12688802859337311,39196664534270,0.3133689996863645,37360210074997,0.29868693671723634,32673144850000,0.2612148467199386,107300000000,0.0008578406878715078
202208,127995600000000.0,2504786000000,0.01956931332014538,20990858517754,0.1639967195571879,31347524554270,0.24491095439429167,34724664475230,0.2712957670047252,33113538850000,0.25870841536740324,96500000000,0.0007539321664182206
202209,122777800000000.0,2335429714290,0.019021596040082165,13543974504699,0.11031289455177565,27576425000000,0.22460432586347043,48134476975417,0.3920454428684746,33703245850000,0.27450602511203165,135500000000,0.0011036197097520888
202210,125429100000000.0,4786153000000,0.038158234412907374,17167603934433,0.1368709807726676,32483218783997,0.2589767349362867,36483521559603,0.29086967505629074,30542864850000,0.24350700794313282,135000000000,0.0010763052593058548
202211,121598400000000.0,4714115000000,0.03876790319609469,24907437134338,0.20483359266518308,30327308000000,0.2494054855984947,22379785992321,0.18404671436730252,29967435850000,0.24644597173975974,135000000000,0.0011102119764733747
202212,112431100000000.0,2328758000000,0.020712756523773225,9053710670351,0.08052674633932248,25151552850000,0.22370636638794783,33915937766573,0.3016597522088906,28324603000000,0.25192854112429747,6000000000,5.3366017054000184e-05
202301,98780500000000.0,2522499554745,0.0255364120929232,12661727648937,0.12818043691757988,20439151850000,0.20691484503520433,35760653378109,0.3620213845658708,26439829000000,0.2676624333750082,5500000000,5.567900547172772e-05
202302,97829400000000.0,4717081000000,0.048217417259024384,18016719518815,0.18416467359316321,18005415850000,0.18404912889172376,28538797475452,0.291720050163366,26063824000000,0.2664211780916575,5500000000,5.622031822744492e-05
202303,95347400000000.0,4914100285714,0.05153890180239839,11442531675128,0.12000884843349688,24972971000000,0.261915594971651,27016874011869,0.28335197406399126,15390553000000,0.16141554987341028,5500000000,5.768379630697848e-05
202304,83742500000000.0,3022115000000,0.03608818700182106,11035554413254,0.13177961504915664,28193918000000,0.33667394692061975,23991380807845,0.2864899042642028,17510968000000,0.20910491088754216,36600000000,0.0004370540645430934
202305,83790500000000.0,2106950000000,0.025145452050053408,12969397258751,0.1547836241429637,28695871000000,0.3424716525143065,22058825731859,0.2632616553411067,17861876000000,0.2131730446769025,35900000000,0.00042844952590090764
202306,83728900000000.0,2528485285714,0.0301984772965368,7604031820131,0.09081729032784379,21476715803279,0.25650302109879625,36037730246079,0.4304096942164414,14544411000000,0.17370837309459458,35900000000,0.0004287647395343782
202307,82227200000000.0,2452560000000,0.029826626712328767,10799019355042,0.13133147370994025,20222087000000,0.2459294126517746,33283860462591,0.40477920277707374,18361276000000,0.22329929755603986,35400000000,0.00043051447696139476
202308,85154200000000.0,4118982000000,0.04837086133156086,18361258045625,0.2156236338973885,18921528000000,0.22220310918310548,24196095623380,0.28414447700031237,19287512000000,0.2265010064095488,5400000000,6.341437063585824e-05
202309,84890800000000.0,3227742743901,0.03802229150745428,11566860776579,0.13625576359957733,18175911000000,0.2141093145546985,26893004291701,0.31679527453741746,18268962000000,0.21520544040107997,5400000000,6.361113336191908e-05
202310,78137900000000.0,2174187000000,0.02782499913614264,11585422387937,0.14826892440079653,24802524000000,0.3174198948269662,26194785031004,0.3352378939158078,17209010000000,0.22023896214257102,4900000000,6.27096453833543e-05
202311,81970900000000.0,2850380000000,0.03477307190722561,13522376955974,0.16496557871115236,24735990000000,0.30176550458760365,22244742464435,0.2713736516792545,20554120000000,0.2507489853106407,4400000000,5.3677585582200515e-05
202312,83912000000000.0,2837536940622,0.03381562756962055,11275062605268,0.13436770194093814,20728358000000,0.24702495471446276,30383179389053,0.3620838424665483,18216915000000,0.21709546906282773,4400000000,5.243588521308037e-05
202401,83445500000000.0,2891450000000,0.034650760076936446,8939803219630,0.10713343702931853,23343803000000,0.27974909371985307,34581205313145,0.4144166589348137,15535443000000,0.18617472482039174,400000000,4.793547884547399e-06
202402,85292100000000.0,4510649740441,0.05288473071293824,15854829027266,0.18588859961550952,23632415000000,0.27707624738985204,26276504598526,0.30807665186489724,15874189000000,0.18611558397553818,0,0.0
202403,86148600000000.0,2484256940622,0.028836881163733362,13835059092296,0.1605952864271271,18945849803279,0.21992057680889765,28297571005454,0.3284739508878148,11242918000000,0.13050610224658324,0,0.0
202404,74805700000000.0,2282780138378,0.03051612562114919,9899688539034,0.13233869262681855,17105885000000,0.22867087668453073,30995129245471,0.4143418114591669,14125797000000,0.18883316378297377,0,0.0
202405,74409300000000.0,3916649000000,0.05263655215141118,13219920898804,0.17766490074229968,21556458000000,0.2897011260689188,26551383830096,0.3568288349721876,11937209646301,0.16042631292460754,0,0.0
202406,77181600000000.0,3566030691718,0.046203119548156556,11860890563938,0.15367510603483214,22696534246301,0.2940666460179758,24949876355700,0.3232619737826114,10299279000000,0.13344215460679748,0,0.0
202407,73372600000000.0,2712946138378,0.03697492167891011,10278123715485,0.14008122535503717,19611374646301,0.26728471726913045,27701594368617,0.37754685493790596,16309720000000,0.2222862485450972,0,0.0
202408,76613800000000.0,3128623000000,0.040836285368954416,11872120568018,0.15496060198055703,17581165646301,0.229477791811671,27493707638378,0.3588610359801759,20472427000000,0.2672159193252391,0,0.0
202409,80548100000000.0,2558756000000,0.0317668076590261,13464825473484,0.16716502901352112,16425035403279,0.20391586397790884,27942143314667,0.3469000921768111,25964640000000,0.3223495029677919,0,0.0
202410,86355400000000.0,2655924138378,0.030755738939058818,10984769186618,0.12720419552938206,20418359000000,0.23644565365918055,27459284777187,0.3179799384541905,30690982000000,0.3554031595013167,0,0.0
202411,92209300000000.0,4903643940622,0.05317949426600137,12861015836084,0.13947634171481618,19065504000000,0.20676335250348934,25238019095375,0.2737036187822161,31974242000000,0.34675723598378905,0,0.0
202412,94042500000000.0,2848702778398,0.030291653012180664,10377140017087,0.11034521644030093,17932694000000,0.1906871255017678,28836231246996,0.3066297817156711,29780577000000,0.3166714730042268,0,0.0
202501,89775400000000.0,3535011138378,0.039376166949721195,10630421436932,0.11841129571053986,24504841000000,0.27295719094540377,28133726906823,0.31337902038668725,28873927885143,0.32162405163489105,0,0.0
202502,95677900000000.0,3413011000000,0.035671884520876815,11345850280860,0.11858381382597236,24175186000000,0.25267262345849983,26033830263698,0.2720986796710421,31742769885143,0.33176700037462153,0,0.0
202503,96710600000000.0,3076534702820,0.031811763165775005,10713659139439,0.11078060873822518,28298154803279,0.2926065478166716,27528610302077,0.2846493590369308,22287930885143,0.23046006213530884,0,0.0
202504,91904900000000.0,922525138378,0.010037823210492585,11823662704624,0.12865105891659748,29218314000000,0.3179190010543507,32680304226312,0.3555882681588468,24524820885143,0.2668499817217907,0,0.0
202505,99169600000000.0,3393430000000,0.034218450008873684,15432489151094,0.15561713621002807,33346239000000,0.33625464860199095,29143099819797,0.29387130551899976,27079889885143,0.2730664425907032,0,0.0
202506,108395200000000.0,2935376702820,0.027080320003284277,13305584580617,0.12275068066313823,36555136803279,0.33723944236718045,31998550265468,0.29520264979877336,22022444885143,0.20316808202893671,70000000000,0.0006457850532126883
202507,106887100000000.0,1518114138378,0.014202968724738533,12424101496641,0.11623574310315277,33803943885143,0.3162584061607341,36417524787740,0.3407101959707018,28518439000000,0.26680898817537385,70000000000,0.0006548966152136226
202508,112752200000000.0,3517508940622,0.03119680982386153,17748645031623,0.1574128489876295,28793515885143,0.25536988089937934,33849819425032,0.300214270098783,30312825000000,0.26884464338611574,70000000000,0.0006208304582970444
202509,114292300000000.0,2163256000000,0.01892739930861484,15071292744073,0.13186621272013074,28791567885143,0.2519117025831399,41505319441116,0.36315061855537073,28059903702237,0.2455100098802544,70000000000,0.0006124647067212752
202510,115661300000000.0,2414366138378,0.020874450990763547,15310095357283,0.13237007847294643,31950782231649,0.27624436377292144,39653922997975,0.3428452126854445,31065645000000,0.26859152542812503,0,0.0
202511,120394800000000.0,4307018940622,0.03577412762529611,21963317844074,0.18242746234948687,35534558702237,0.29515027810368055,28074213440008,0.23318460132836302,30022688000000,0.249368643828471,60000000000,0.000498360394302744
202512,119961800000000.0,3309968793619,0.02759185668787064,15007177697114,0.1250996375272295,29319907000000,0.24441036229866508,44732391675165,0.37288863350804174,21265986000000,0.17727298189923793,60000000000,0.0005001592173508567
202601,113695500000000.0,0,0.0,854555694721,0.007516178694152363,6420145000000,0.05646789010998676,17903100314729,0.15746533780782002,4958559000000,0.04361262319089146,0,0.0
202602,1185341.0,0,0.0,1049452221140,885358.9145570769,6186709000000,5219349.537390506,5859760342740,4943522.870414505,2500695000000,2109684.048725219,0,0.0
