YYYYMM,cp_denom_prev_balance_total_amt,cp_bucket_issue_amt_ultra,cp_rollover_ultra,cp_bucket_issue_amt_short,cp_rollover_short,cp_bucket_issue_amt_main,cp_rollover_main,cp_bucket_issue_amt_mid,cp_rollover_mid,cp_bucket_issue_amt_long,cp_rollover_long,cp_bucket_issue_amt_ultra_long,cp_rollover_ultra_long
201601,,2329299999999.9995,,5015400000000.0,,4663086002641.0,,1172976036020.9988,,501136474040.9997,,0.0,
201602,10536398512703.0,1933199999999.9995,0.18347825375713298,4584099999999.999,0.43507276176705634,3854150000000.0,0.365793871155625,1335117077886.9993,0.12671474757502213,723099999999.9991,0.06862876334149738,0.0,0.0
201603,15804765590590.0,2239699999999.999,0.14171042190802843,4672300000000.0,0.29562602325350784,4550149999999.999,0.2878973417175585,1267610000000.0,0.0802042898222244,1359703890054.9995,0.08603125951229253,369999999999.99963,0.02341066040361231
201604,21827729480645.0,1617999999999.9993,0.07412589575268037,5005400000000.0,0.22931381866530684,5183462214812.0,0.2374714337287467,925006699999.9993,0.04237759592999435,591499999999.9993,0.02709855830513622,0.0,0.0
201605,24113712392816.0,2080800000000.0,0.0862911511136674,4706099999999.999,0.19516281538640431,3440700000000.0,0.14268644926797167,1021899999999.9996,0.04237837722176888,515050000000.0,0.02135921635000692,0.0,0.0
201606,24195312392816.0,1807699999999.999,0.07471281918793228,4249100000000.0,0.1756166620630875,3190699999999.999,0.13187265153672378,869769999999.9991,0.03594787229357074,1066609999999.9998,0.04408333245230983,459999999999.99945,0.019011947129749865
201607,24820342392816.0,1966899999999.9998,0.0792454821481149,3397499999999.9995,0.13688368783274207,4973699999999.999,0.20038804949925215,1142416731581.9995,0.046027436427011605,2015169999999.9998,0.08119025789842732,429999999999.99896,0.017324499122319044
201608,27729790873565.0,2665500000000.0,0.09612405705306055,4401099999999.999,0.15871378259096783,4035900000000.0,0.14554383112378433,1107749999999.9988,0.03994801133015483,958397565626.9991,0.03456201923760796,0.0,0.0
201609,29088794661305.0,1704399999999.9993,0.05859300874598478,4444300000000.0,0.15278391737255356,3713799999999.9995,0.12767115458861672,1678800000000.0002,0.05771294477984001,1240759999999.9995,0.04265422525913405,299999999999.9996,0.010313249603259456
201610,31160844661305.0,2418199999999.999,0.07760380138228018,3465699999999.9995,0.11121970657950893,6292250000000.0,0.20192809496636038,1155649999999.9995,0.03708660700828389,1121792343885.9995,0.03600006213178881,309999999999.9994,0.009948382445003233
201611,32433543115136.0,2033799999999.9995,0.06270668587703176,3985099999999.9995,0.12286970886447011,3704099999999.999,0.11420583890112762,992699999999.9999,0.030607201824235146,1475641335887.0,0.04549738308419198,239999999999.99908,0.0073997465879081376
201612,32716614451023.0,2113200000000.0,0.06459103533354514,3230299999999.9995,0.0987357663439101,3988800000000.0,0.12191970553589099,1044099999999.9995,0.031913448794129495,1507846335887.0,0.04608809197370518,69999999999.99974,0.0021395856868011275
201701,33213587581287.0,1292899999999.9993,0.038926839710878965,2678899999999.999,0.08065674909233017,5348100000000.0,0.1610214490353097,1159219999999.9995,0.034901980918590085,800270000000.0,0.02409465698462768,0.0,0.0
201702,34924127581287.0,1932900000000.0,0.055345691757113034,3049499999999.999,0.0873178576301496,4885100000000.0,0.13987750985704014,1306500000000.0,0.03740966748443695,1144299999999.9993,0.03276531381740618,0.0,0.0
201703,36110777581287.0,1165199999999.9995,0.03226737495134469,2921199999999.999,0.0808955163987883,4034400000000.0,0.11172287804986704,1305647000000.0,0.03615671241254579,1919900000000.0,0.05316695259962813,430000000000.0,0.011907802290661022
201704,36925954581287.0,2865999999999.9995,0.0776147843027572,3371199999999.9995,0.09129621801865145,5134000000000.0,0.13903499742161743,1228279999999.9998,0.033263324237051854,2080649999999.999,0.056346546043102484,349999999999.99884,0.009478427950441359
201705,39559114581287.0,3272419999999.999,0.08272227613375303,3512900000000.0,0.0888012797349549,4967400000000.0,0.12556903895795923,839499999999.9999,0.02122140520296468,1185649999999.9988,0.029971601046926803,339999999999.99945,0.00859473230376174
201706,39838114581287.0,2759499999999.9995,0.06926783631713858,2977999999999.9995,0.0747525336301644,3667000000000.0,0.09204752881860744,285999999999.99994,0.007179054606523513,1704000000000.0,0.042773108564741494,169999999999.99988,0.0042672702206608265
201707,37997429581287.0,3359700000000.0,0.08841913879497226,2780600000000.0,0.07317863420344074,6738300000000.0,0.17733567965656505,929999999999.9994,0.02447533978608928,1092399999999.9996,0.02874931309927305,969999999999.9987,0.025528042572587725
201708,40412687237401.0,1351899999999.9995,0.03345236588842446,3766188876799.9995,0.09319323049902209,5478199999999.999,0.13555643968486344,1521999999999.9988,0.03766144010813078,1398679999999.9993,0.03460992316060471,566894224599.999,0.014027630018014532
201709,42504353896374.0,1900799999999.9995,0.04472012454616219,3682400000000.0,0.08663583050756929,4133599999999.999,0.09725121360691079,1646000000000.0,0.038725444551232634,1175299999999.9998,0.02765128492166689,399999999999.9993,0.009410800619983613
201710,41724526896374.0,1150300000000.0,0.027568916547738374,4049099999999.999,0.09704364078366289,4944899999999.999,0.1185130274162492,1033999999999.9998,0.024781587160185577,1345049999999.999,0.03223643501915628,519999999999.9998,0.012462693736263538
201711,42187796896374.0,1585999999999.999,0.037593809505997555,4044500000000.0,0.09586895494767163,4826500000000.0,0.11440512079489111,1105299999999.999,0.02619951932344205,1938304989842.0,0.045944683828905875,794999999999.9993,0.018844311826776827
201712,43714115550329.0,2015199999999.9998,0.04609952585406553,3467100000000.0,0.07931305383516803,4435500000000.0,0.10146608124538889,919699999999.9989,0.021038970786018272,1319115886424.999,0.030175971075207333,149999999999.9996,0.003431385906168029
201801,42594565100867.0,1875899999999.999,0.04404082998752852,4853900000000.0,0.11395585301799925,6792400000000.0,0.1594663540739319,972299999999.9985,0.022826855907497168,1006299999999.9993,0.023625079810464276,400000000000.0,0.009390869446671685
201802,46996695100867.0,1184499999999.9995,0.025203899922276615,5141600000000.0,0.10940343760268256,5916700000000.0,0.1258960866780364,936499999999.9998,0.019926933117105996,1222699999999.9993,0.026016723035008536,249999999999.9991,0.00531952298908327
201803,48290995100867.0,1606799999999.999,0.03327328411112305,4709300000000.0,0.09751921637074426,4356199999999.9995,0.09020729415289663,1346499999999.9998,0.027883045217592238,2782100000000.0,0.05761115492006192,139999999999.9988,0.002899091222029618
201804,47875695100867.0,1702499999999.9995,0.03556084139171419,4016700000000.0,0.08389852077421348,6623899999999.999,0.13835621573837042,1244699999999.9998,0.025998578138188934,2235750000000.0,0.04669906087607931,339999999999.9987,0.007101724565746128
201805,49846645100867.0,1540999999999.9988,0.030914818778309226,4485699999999.999,0.08999000817252549,5388200000000.0,0.1080955396114769,1627399999999.9995,0.03264813502908531,1780849999999.9993,0.03572657691197405,429999999999.9988,0.008626458192519754
201806,50529145100867.0,1295999999999.999,0.02564856376281264,3983599999999.999,0.07883766867711456,4173999999999.9995,0.08260579100770063,757599999999.9996,0.014993327088508378,1932999999999.9988,0.0382551495011704,409999999999.9999,0.008114128968173755
201807,49326245100867.0,2203699999999.9995,0.04467601366156423,4300500000000.0,0.0871848240466293,6917499999999.999,0.14023974429544428,1072099999999.9988,0.021734879632691818,1999699999999.999,0.04054028430323091,399999999999.999,0.008109273251633912
201808,52579045100867.0,2601999999999.9985,0.0494873955015416,4492600000000.0,0.08544468602237737,5228900000000.0,0.09944836369639164,1175199999999.999,0.022351109605461827,1642330000000.0,0.031235447445828925,214999999999.99942,0.004089081488405619
201809,52599045100867.0,1041499999999.9999,0.01980073969028827,4493400000000.0,0.08542740636038532,4104100000000.0,0.07802613131340574,695499999999.9991,0.013222673504172324,1148300000000.0,0.021831194802072032,64999999999.99989,0.0012357638788946092
201810,50808895100867.0,1099699999999.9998,0.021643847948609192,4991200000000.0,0.09823476755578632,6216900000000.0,0.12235849623689052,948500000000.0,0.018667991069615187,985899999999.9993,0.019404082652117658,484999999999.99963,0.009545572660794263
201811,50944195100867.0,1366599999999.9995,0.026825431185912324,5420900000000.0,0.10640859060128215,4814699999999.999,0.09450929571989762,1449599999999.9995,0.028454664896164574,2207000000000.0,0.04332191323526161,0.0,0.0
201812,51235940111025.0,745799999999.9994,0.014556188456460417,4789600000000.0,0.0934812553379765,4786499999999.999,0.09342075093436288,1135999999999.9998,0.022171936291953666,1976149999999.9993,0.038569605548718515,0.0,0.0
201901,50583324224600.0,1021999999999.9994,0.020204286999053613,4497500000000.0,0.08891270134857503,6975400000000.0,0.13789920110880494,1453099999999.9988,0.028726858550219957,1599199999999.9998,0.031615162200476075,99999999999.9999,0.0019769361055825443
201902,53951224224600.0,1406500000000.0,0.026069844015859826,4285500000000.0,0.07943285924633295,5230500000000.0,0.0969486805012121,1124000000000.0,0.020833632899983252,2459500000000.0,0.04558747341415374,399999999999.99945,0.007414104234869475
201903,55702274224600.0,1462499999999.9995,0.026255660479911073,4205300000000.0,0.0754960198401163,4939100000000.0,0.08866962918039578,1068999999999.9989,0.01919131695933328,1641450000000.0,0.02946827616735046,299999999999.99994,0.005385776508699708
201904,53646624224600.0,1980299999999.9983,0.036913785883509874,4655999999999.999,0.08679017677807509,7701899999999.999,0.14356728147058775,1216899999999.9988,0.022683626744252467,2118299999999.999,0.03948617514368479,129999999999.99977,0.002423265245092299
201905,55903974224600.0,1783899999999.9998,0.03191007481566511,5409099999999.999,0.09675698508067387,5642299999999.999,0.10092842375269198,1320999999999.9993,0.023629804827340988,1506199999999.9995,0.026942628335307348,49999999999.999794,0.0008943907958872409
201906,56353624224600.0,1960699999999.9993,0.03479279331149205,5487699999999.999,0.09737971737413932,4576100000000.0,0.08120329549279279,539999999999.9997,0.009582347318919623,2053699999999.9985,0.03644308646086153,0.0,0.0
201907,53792824224600.0,2239999999999.9985,0.04164124178807522,7310499999999.999,0.13590102593380537,6336900000000.0,0.11780195762805984,1308499999999.9993,0.024324805749864477,941399999999.9985,0.017500475455041953,109999999999.99928,0.0020448824092358245
201908,52904074224600.0,1898899999999.9988,0.03589326583692536,5714300000000.0,0.10801247510239756,5630499999999.999,0.10642847611501835,883899999999.9998,0.016707597911031827,1159079999999.9998,0.02190908766457605,99999999999.99919,0.00189021358875797
201909,51572074224600.0,1568999999999.9995,0.030423441825645686,6317799999999.999,0.12250428347104166,5616000000000.0,0.10889614359007407,190699999999.9986,0.003697737639356655,1908000000000.0,0.036996766732525166,99999999999.99864,0.001939033895834626
201910,50437574224600.0,1344799999999.9988,0.026662662125889816,6534900000000.0,0.12956412159910582,5052900000000.0,0.10018126521111598,1231400000000.0,0.024414338297011264,1454099999999.9988,0.028829697350726043,619999999999.9994,0.012292423050306131
201911,50158174224600.0,1161099999999.9993,0.023148769227539775,6482100000000.0,0.12923317286179975,5645500000000.0,0.11255393736463344,1935099999999.9985,0.03857995291724418,2127299999999.999,0.04241183083088913,459999999999.9983,0.009170987722563315
201912,51721274224600.0,1331300000000.0,0.02573989175554377,5229799999999.999,0.10111506490133161,4012000000000.0,0.07756962797509322,2041499999999.9993,0.03947118532182272,2437700000000.0,0.04713147610041993,374999999999.99927,0.007250401418409746
202001,51217024224600.0,915499999999.9984,0.017874915887055295,5350399999999.999,0.10446526484118056,7562799999999.999,0.14766183929068488,1633399999999.9998,0.03189173960668068,1804499999999.9995,0.03523242568890369,0.0,0.0
202002,56830224224600.0,1157999999999.9988,0.020376481279106715,5358800000000.0,0.09429489454099929,5869600000000.0,0.10328306953009059,1369099999999.999,0.024091053988968058,2051999999999.9998,0.03610754713706996,29999999999.99911,0.000527888116039019
202003,58050724224600.0,1581299999999.9998,0.027239970235029325,4048999999999.999,0.06974934514743168,5806800000000.0,0.1000297597930616,3673900000000.0,0.06328775478813271,6036200000000.0,0.10398147621114529,99999999999.99933,0.0017226313941079584
202004,63136674224600.0,576699999999.9991,0.009134152330362992,2527999999999.9995,0.040040119804330976,7338000000000.0,0.1162240502864639,2025499999999.999,0.03208119567392103,3044199999999.9985,0.048216033508047595,0.0,0.0
202005,64861474224600.0,331499999999.9988,0.005110892158449751,1725399999999.9988,0.026601307180057997,5307499999999.999,0.08182823568920708,2180999999999.9993,0.03362550768500436,3001799999999.9995,0.04628016917416144,49999999999.999344,0.0007708736287254453
202006,65361674224600.0,61999999999.999176,0.0009485681132792097,2478200000000.0,0.0379151854569124,4605749999999.999,0.07046560625380287,925999999999.9991,0.014167323756396115,1817700000000.0,0.02780987515334907,579999999999.9993,0.008873701704870134
202007,63580624224600.0,241999999999.9995,0.0038061910047490098,2862099999999.9995,0.04501528625905852,6869199999999.999,0.10803920351166094,915329999999.9998,0.014396366993293047,2066199999999.9995,0.03249732171079512,1309999999999.999,0.020603761224054586
202008,64120879280800.0,437999999999.99994,0.0068308483120123435,2553000000000.0,0.03981542406522264,5184500000000.0,0.08085509834161644,571299999999.9996,0.008909734339389613,1714199999999.9995,0.02673388168139625,829999999999.9999,0.012944301595822478
202009,63432349280800.0,229999999999.99948,0.003625910164257734,2904400000000.0,0.04578736296117472,4328999999999.999,0.06824593522205114,1138599999999.999,0.01794983179575592,2372300000000.0,0.037398898620298444,1189999999999.9998,0.018760143893333532
202010,62132749280800.0,270999999999.99863,0.00436162898208887,2687799999999.9995,0.04325899032493919,6166400000000.0,0.09924556810019534,1545099999999.999,0.024867723026662517,2218980000000.0,0.03571353313164431,1489999999999.9988,0.02398091211554407
202011,62443103285200.0,331999999999.99963,0.005316840171822288,2684999999999.9995,0.04299914416067125,5224500000000.0,0.08366816710146258,846900000000.0,0.013562746811796086,1957900000000.0,0.03135494389280382,639999999999.9995,0.010249330451705618
202012,60088803285200.0,211999999999.99948,0.003528111535085531,2188999999999.9998,0.03642941580331248,3913999999999.999,0.06513692711473962,1290000000000.0,0.021468225850284652,3955800000000.0,0.06583256420043103,1406999999999.999,0.023415344008798827
202101,61047303285200.0,319999999999.9991,0.005241836785238936,2364999999999.999,0.0387404499909066,7584300000000.0,0.1242364460321493,1415499999999.9998,0.023186937404705416,2264849999999.9995,0.03709991888452636,99999999999.99866,0.0016380739953871502
202102,63760536185000.0,242999999999.99902,0.0038111348263279825,1983999999999.9998,0.031116425907138878,5322000000000.0,0.08346855780130702,921499999999.9989,0.014452513343461917,2245550000000.0,0.035218493042225664,764999999999.9989,0.011998017045847383
202103,64049986185000.0,199499999999.999,0.0031147547701847952,1956599999999.9993,0.03054801595660952,4266599999999.999,0.06661359750611785,1585200000000.0,0.024749419858130138,3336400000000.0,0.052090565489947886,480000000000.0,0.007494146815482252
202104,64219486185000.0,475999999999.9997,0.007412080480195136,2452999999999.999,0.03819712902924091,7251900000000.0,0.11292366897967887,898599999999.9988,0.013992637646015429,2349699999999.9995,0.03658858299225739,1959999999999.999,0.0305203313890388
202105,65142648330200.0,98999999999.99866,0.0015197417135726498,3195499999999.9995,0.04905388531031785,6085000000000.0,0.0934103871423202,1211499999999.9988,0.01859764733326554,2950099999999.999,0.04528676797182559,509999999999.99915,0.007828972463859198
202106,66493748330200.0,869999999999.9994,0.0130839367887592,4104900000000.0,0.06173362313123871,3851800000000.0,0.057927250256256,1681399999999.9995,0.02528658772025256,1759699999999.9988,0.026464142031240877,1949999999999.9998,0.02932606521618443
202107,68659348330200.0,329999999999.99994,0.004806337491188342,3145900000000.0,0.04581896095008911,7426900000000.0,0.1081702664039597,1089599999999.9993,0.015869652516360046,2134000000000.0,0.03108098244301795,1469999999999.999,0.021410048824384423
202108,70915689438600.0,574999999999.999,0.00810821983896587,3648799999999.999,0.051452647910293414,5659499999999.999,0.07980603509326507,1459499999999.9998,0.02058077713907949,1364999999999.9988,0.0192482088351103,859999999999.9989,0.012127076628714178
202109,71247189438600.0,553999999999.9987,0.007775745322240808,3484499999999.9995,0.048907192374274655,4782500000000.0,0.06712545488017464,1133199999999.9993,0.01590518880715397,2811600000000.0,0.03946260929244099,2299999999999.999,0.032281975164537714
202110,73378389438600.0,241899999999.9994,0.003296610921154263,3394899999999.9985,0.04626566521796871,7408600000000.0,0.10096433100646356,1744299999999.999,0.02377130396762874,2701699999999.9995,0.03681874214833606,3189999999999.9995,0.04347328994825186
202111,76169629226000.0,200999999999.99857,0.002638847031848076,2954999999999.9985,0.03879498994582645,6666600000000.0,0.08752307274884831,1177999999999.9993,0.015465481609537582,3997099999999.9985,0.05247629587562197,2210000000000.0,0.029014188758130794
202112,80069329226000.0,344999999999.9996,0.004308765957389483,2499000000000.0,0.031210452543525596,5400999999999.999,0.06745404329234962,1715799999999.9988,0.021428929361417038,6647699999999.999,0.08302429986938578,949999999999.9988,0.011864717853681183
202201,82003129226000.0,1166999999999.9995,0.014231164237449481,4015000000000.0,0.04896154619825166,7444600000000.0,0.0907843404302626,1619399999999.9988,0.019748026877571278,1415799999999.9995,0.017265194796384727,309999999999.9999,0.0037803435420816957
202202,84085027638600.0,368999999999.99854,0.004388415040855688,2642999999999.9995,0.031432468707267285,8028599999999.999,0.09548192140112227,2530000000000.0,0.030088590930528285,1014999999999.9994,0.012071114543275174,2289999999999.999,0.02723433724541887
202203,87713227638600.0,134999999999.99896,0.0015391065137430817,3561999999999.9985,0.04060961038483627,6239000000000.0,0.0711295225129123,3440700000000.0,0.03922669468026564,3090199999999.999,0.035230718139028935,2169999999999.9998,0.024739712109796388
202204,91622527638600.0,934999999999.9995,0.010204913836126147,4610000000000.0,0.05031513666795889,8036400000000.0,0.08771205299748044,2120900000000.0,0.02314823717116573,2831699999999.9995,0.030906154555891362,2979999999999.998,0.03252475211941809
202205,97446805088400.0,1359999999999.9985,0.013956332367862227,4543000000000.0,0.0466203073141163,8295200000000.0,0.08512541783668447,2030999999999.9993,0.020842140469947208,1815939463985.9983,0.0186351872936075,2299999999999.999,0.023602620916237604
202206,100073544552386.0,569999999999.9984,0.005695811041264934,3635099999999.999,0.03632428546684598,5532300000000.0,0.05528234284840365,4369899999999.9985,0.04366688538460297,3194499999999.9995,0.03192152345845768,2469999999999.999,0.024681847845481438
202207,104386244552386.0,443999999999.99994,0.004253433983604799,3825000000000.0,0.036642758980379185,8192600000000.0,0.07848352084252405,4581300000000.0,0.04388796646191141,4679099999999.998,0.04482487151505678,789999999999.9993,0.007568046952810335
202208,110987000754186.0,980999999999.9999,0.008838872961102162,4065500000000.0,0.036630415925953966,8693899999999.999,0.07833259697912955,3079999999999.9985,0.027750997676039398,4448899999999.999,0.040084874532770036,559999999999.9979,0.005045635941098056
202209,115256000754186.0,659999999999.9989,0.005726382970788862,4886499999999.999,0.04239692482842396,5359099999999.999,0.04649736208902217,1628599999999.9993,0.01413028379731326,1984700000000.0,0.0172199277001889,1899999999999.9998,0.016485041885604325
202210,113081300754186.0,549999999999.9991,0.004863757281989343,3601499999999.9995,0.03184876700197208,9892103000000.0,0.08747779636443401,1716899999999.9995,0.015182881595359115,938999999999.9989,0.008303760159614535,619999999999.9994,0.005482780936060717
202211,112146638420986.0,149999999999.99918,0.0013375345183055409,3523999999999.9985,0.031423144283391664,11690200000000.0,0.10424030683930346,4965639999999.999,0.04427809936985841,1742319999999.998,0.015536087612894135,199999999999.99814,0.0017833793577407143
202212,114810798420986.0,4999999999.999275,4.354991053772984e-05,3368999999999.999,0.029343929720326616,6971400000000.0,0.06072076926455477,4713399999999.999,0.04105362966571311,7304699999999.999,0.06362380630100026,159999999999.99933,0.0013935971372075512
202301,114018698420986.0,392999999999.9984,0.0034468030721499956,3849999999999.9995,0.03376639141928126,10101000000000.0,0.0885907323964052,3297699999999.9995,0.028922449086588004,5241000000000.0,0.0459661447866112,259999999999.99808,0.0022803277322111853
202302,120359207559786.0,299999999999.9996,0.002492538843370007,3833999999999.9995,0.031854646418268726,8733699999999.999,0.07256362165446886,1415299999999.9988,0.011758967416738575,3291099999999.999,0.02734398195805013,249999999999.99936,0.0020771157028083367
202303,117792507559786.0,59999999999.99875,0.0005093702582869759,4415999999999.999,0.037489651009922194,8039999999999.999,0.06825561461045618,2945199999999.9995,0.025003288078447206,3966529999999.998,0.03367387351005132,199999999999.99908,0.0016979008609566137
202304,120062237559786.0,194999999999.9997,0.001624157636599916,3759499999999.999,0.03131292633229432,10731600000000.0,0.08938364150223428,1990700000000.0,0.016580567216304912,3228000000000.0,0.02688605564586942,149999999999.9981,0.0012493520281537677
202305,121433829463986.0,298499999999.999,0.0024581288535294532,3665999999999.9985,0.03018928099510553,8205899999999.999,0.0675750739000918,1039899999999.9993,0.008563511540319212,2006599999999.9998,0.016524225653240254,0.0,0.0
202306,117646150000000.0,409999999999.999,0.003485026921832963,3526049999999.9995,0.0299716565310467,8369600000000.0,0.07114214957310545,2166999999999.999,0.018419642291736694,6231500000000.0,0.05296815917902966,0.0,0.0
202307,117425850000000.0,344999999999.9988,0.002938024293628692,3002999999999.9995,0.02557358537323766,11013400000000.0,0.09379025146507348,1942300000000.0,0.016540650972507332,4141199999999.999,0.035266510738478786,99999999999.9984,0.0008516012445300451
202308,118449350000000.0,234999999999.99832,0.0019839703637039656,3432000000000.0,0.028974409737157696,8912499999999.998,0.07524313134685837,2514399999999.999,0.021227638648924615,3148999999999.9985,0.026585202873633317,0.0,0.0
202309,118549750000000.0,203999999999.9993,0.0017207965432234087,3114000000000.0,0.026267453115675066,7496000000000.0,0.06323083768628783,2898299999999.999,0.024447963829531474,2507399999999.999,0.021150613982737196,0.0,0.0
202310,117218350000000.0,289999999999.998,0.0024740153738727596,3583999999999.9985,0.030575417586069062,13343000000000.0,0.11383030046063607,2063099999999.9983,0.017600486613230763,2368800000000.0,0.02020844006079253,159999999999.99936,0.0013649739993780784
202311,117617950000000.0,25999999999.997974,0.000221054694457759,4174999999999.9985,0.035496282667739056,10306000000000.0,0.0876226800416093,3316099999999.999,0.02819382585736275,6780200000000.0,0.05764596305240824,219999999999.9985,0.0018704627992580938
202312,122159530000000.0,259999999999.99896,0.0021283644427904968,3180500000000.0,0.026035627347289238,6229000000000.0,0.05099070043900791,3131499999999.999,0.025634512509994097,3034500000000.0,0.02484046885249149,350000000000.0,0.002865105980679526
202401,114903730000000.0,429999999999.99963,0.0037422631971999487,2697000000000.0,0.02347182289034481,11788500000000.0,0.10259458069812007,2475499999999.9995,0.021544122196903437,3506099999999.9985,0.030513369757448245,0.0,0.0
202402,116622330000000.0,54999999999.998436,0.0004716077958654954,3532999999999.9995,0.03029436986896077,10058600000000.0,0.08624934864532376,2227999999999.999,0.019104403076151875,2892999999999.998,0.024806570062525745,199999999999.99844,0.0017149374395109276
202403,116470430000000.0,274999999999.99884,0.002361114318887625,2160999999999.999,0.018554065611331553,7251399999999.999,0.062259579534479255,2531300000000.0,0.021733413365091894,5985399999999.999,0.05138986779734563,59999999999.99828,0.0005151522150300148
202404,116579500000000.0,329999999999.999,0.0028306863556628653,2485000000000.0,0.02131592604188558,12787600000000.0,0.1096899540656805,1764499999999.9985,0.01513559416535496,2334399999999.9985,0.02002410372321033,19999999999.99833,0.00017155674882803862
202405,116120900000000.0,119999999999.99933,0.0010334057004380722,2652000000000.0005,0.022838265979681527,10834600000000.0,0.09330447834971999,1541900000000.0,0.013278402079212269,4612500000000.0,0.03972153161058862,64999999999.99939,0.0005597614210706203
202406,116088200000000.0,384999999999.99994,0.0033164438762940587,2020050000000.0,0.017400993382617698,6974000000000.0,0.060075011930583816,1863499999999.999,0.01605244977525708,6939700000000.0,0.0597795469306958,184999999999.99997,0.0015936158886088333
202407,112274500000000.0,499999999999.9995,0.004453370979162673,2634999999999.9995,0.023469265060187306,12146500000000.0,0.10818574119679891,1435000000000.0,0.012781174710196883,4833499999999.999,0.043050737255565595,19999999999.99791,0.00017813483916648848
202408,112827200000000.0,259999999999.99957,0.0023044088659472145,2909999999999.999,0.02579165307656309,11652000000000.0,0.10327296963852688,1127699999999.9998,0.009994930300494915,4464999999999.998,0.039573790717132025,0.0,0.0
202409,112934400000000.0,344999999999.9988,0.003054870792247524,3252999999999.999,0.028804332426612254,8206000000000.0,0.0726616513657486,2251899999999.9995,0.019939894310325283,5835899999999.999,0.05167513175790547,219999999999.9999,0.0019480335486795866
202410,115391800000000.0,139999999999.99915,0.0012132577878150713,3238000000000.0,0.028060919406751605,12740500000000.0,0.11041079175470007,2445900000000.0,0.021196480165835006,3651999999999.9995,0.03164869600786191,149999999999.9978,0.0012999190583732796
202411,116780400000000.0,139999999999.99954,0.0011988313107336465,3459999999999.9995,0.02962825953670307,11130000000000.0,0.09530708920332522,2414499999999.9976,0.020675558569759972,7718499999999.999,0.06609413908498343,409999999999.9977,0.0035108631242913853
202412,117764500000000.0,323999999999.9991,0.0027512535611325917,2208000000000.0,0.018749283527718454,9101000000000.0,0.07728135388848083,1229799999999.9993,0.01044287539963231,2922399999999.999,0.024815627799549093,69999999999.99976,0.0005944066335780287
202501,113267700000000.0,109999999999.999,0.0009711506457710273,3799999999999.998,0.033548840490272146,12592000000000.0,0.1111702630140808,3347499999999.998,0.029553879879259472,3088999999999.9985,0.027271675861697542,0.0,0.0
202502,118046200000000.0,314999999999.9988,0.0026684467606750474,4036999999999.998,0.03419847483442921,11471200000000.0,0.09717551263827214,1831999999999.9985,0.015519347509703815,2729999999999.999,0.02312653859251716,59999999999.99986,0.0005082755734619145
202503,116340200000000.0,419999999999.99963,0.003610102097125496,2901999999999.999,0.024944086394900464,7999600000000.0,0.06876041127658368,1823999999999.9993,0.01567815767894502,4968136000000.0,0.04270351950572545,79999999999.99863,0.0006876384946905594
202504,111648036000000.0,274999999999.9991,0.0024630975147650522,3718999999999.999,0.03331003511785912,13903999999999.998,0.12453421034652144,2002400000000.0,0.017934932594783844,4984999999999.999,0.044649240404013905,0.0,0.0
202505,114911636000000.0,394999999999.9994,0.0034374238654125452,3670999999999.9985,0.03194628610108726,11567400000000.0,0.10066343498929908,1028299999999.9988,0.008948615090642332,5109999999999.999,0.044468951777868686,0.0,0.0
202506,114535136000000.0,744999999999.998,0.006504554200730142,4420000000000.0,0.03859077794258698,7531000000000.0,0.06575274857140782,3312499999999.9995,0.02892125609385053,5117600000000.0,0.044681485339136455,559999999999.9985,0.0048893293320924555
202507,109077136000000.0,254999999999.99808,0.0023377951544308797,3585000000000.0,0.03286664952405791,13385000000000.0,0.12271132604728456,2240500000000.0,0.020540509974519318,4568999999999.999,0.041887788472920656,59999999999.99955,0.0005500694481013835
202508,110525636000000.0,569999999999.999,0.005157174576222289,2820000000000.0,0.025514442640257685,12163100000000.0,0.11004777208429725,2767000000000.0,0.025034915881415962,4356999999999.999,0.03942071864666763,19999999999.999565,0.00018095349390253286
202509,111948836000000.0,175999999999.9981,0.001572146761758185,2594999999999.9985,0.023180232083878018,9443000000000.0,0.08435103335956079,2099500000000.0,0.018754102990405367,10719500000000.0,0.09575356370833547,149999999999.9987,0.0013398978083166374
202510,114723536000000.0,424999999999.99866,0.003704558060344293,2719999999999.9985,0.023709171586203538,12321000000000.0,0.10739731732118159,2245499999999.9995,0.019573141469419138,3521999999999.9995,0.030699890561253267,249999999999.9988,0.0021791518002025217
202511,114070036000000.0,150000000000.0,0.0013149816135764171,3123000000000.0,0.027377917194661008,11574800000000.0,0.10147099453882875,3842999999999.998,0.03368982893982779,8660000000000.001,0.07591827182381183,159999999999.9989,0.0014026470544815021
202512,116336436000000.0,699999999999.9995,0.006017031499916324,2304999999999.9995,0.019813225153295907,7992499999999.999,0.06870160609011608,2549999999999.9995,0.021919186178266624,8518999999999.999,0.07322727335398171,0.0,0.0
202601,114155800000000.0,559999999999.9994,0.004905576413988596,1259999999999.999,0.011037546931474344,3878100000000.0,0.03397199266265928,14573200000000.0,0.12766061820774766,3365499999999.999,0.029481638252283275,99999999999.99794,0.0008759957882122322
202602,1216227.0,279999999999.9993,230220.18093661737,1965999999999.9998,1616474.5561478243,6229799999999.999,5122234.582853365,11087999999999.998,9116719.165090067,4958000000000.0,4076541.63244197,0.0,0.0
