YYYYMM,abstb_denom_prev_balance_total_amt,abstb_bucket_issue_amt_ultra,abstb_rollover_ultra,abstb_bucket_issue_amt_short,abstb_rollover_short,abstb_bucket_issue_amt_main,abstb_rollover_main,abstb_bucket_issue_amt_mid,abstb_rollover_mid,abstb_bucket_issue_amt_long,abstb_rollover_long,abstb_bucket_issue_amt_ultra_long,abstb_rollover_ultra_long
201601,,21600000000,,1005900000000,,0,,8730731000000,,470000000,,0,
201602,3844978000000.0,96600000000,0.025123680811697753,1967200000000,0.5116284150390458,151050000000,0.03928501021332242,15456621000000,4.019950439248287,620000000,0.00016124929713512014,0,0.0
201603,6745948000000.0,1068250000000,0.1583543187703196,8307131000000,1.2314252941172983,922650000000,0.13677099200883255,12469167000000,1.8483935838224665,620000000,9.190702329754098e-05,0,0.0
201604,9341816500000.0,1230900000000,0.1317623826158435,7474090000000,0.8000681666140627,151520000000,0.016219543597329276,14348777000000,1.5359729020581812,260720000000,0.02790891899878359,0,0.0
201605,10111283500000.0,979579000000,0.096879787813288,7141797000000,0.7063195290686884,116970000000,0.011568264305911312,15166080000000,1.499916405271398,260820000000,0.025794944825748383,0,0.0
201606,10682528000000.0,1236390000000,0.11573945792606394,9051650000000,0.8473322045118908,767920000000,0.07188560610372376,14356920000000,1.3439627773500804,262000000000,0.024526029793696773,0,0.0
201607,11883645000000.0,1489050000000,0.12530246401672215,6799190000000,0.5721468455175159,150000000,1.2622389847559398e-05,17135285000000,1.4419216494602456,754930000000,0.06352680511745344,0,0.0
201608,12490670000000.0,2010210000000,0.16093692331956572,8412560000000,0.6735075060024802,86220000000,0.006902752214252718,15344459880000,1.2284737231869867,754160000000,0.06037786603921167,0,0.0
201609,12939617440000.0,1430175000000,0.11052683795572862,8957500000000,0.6922538507444468,139860000000,0.010808665762223647,15254949880000,1.1789336084112236,980270000000,0.07575726288241795,0,0.0
201610,13226764940000.0,1895200000000,0.14328522572202,8260704880000,0.6245446197518952,585730000000,0.044283693152257685,15960665000000,1.2066945373567666,959900000000,0.072572545467796,0,0.0
201611,14139699940000.0,1341450000000,0.09487117871611637,7742915000000,0.5476010829689502,260770000000,0.01844239984628698,15766027920000,1.1150185638239223,960310000000,0.0679158683759169,0,0.0
201612,13377911460000.0,1151050000000,0.0860410837253366,8616950000000,0.6441177328587283,260260000000,0.01945445675718353,15083237920000,1.127473295446672,963128000000,0.07199389851545632,0,0.0
201701,13497412960000.0,1298370000000,0.09619398945914744,8535857920000,0.632406961637484,492900000000,0.03651810917104814,16013800000000,1.1864347669777453,670658000000,0.049687892189971196,0,0.0
201702,14149692960000.0,2550700000000,0.18026539566693184,6033800000000,0.4264262141275467,503200000000,0.03556260912674956,17752229150000,1.2546017217606114,720358000000,0.05090979726813804,0,0.0
201703,14554568575000.0,1785050000000,0.12264533921439166,9562112000000,0.6569835409910115,940610000000,0.06462644324721938,14948974150000,1.0270984037051747,634701000000,0.0436083692023829,0,0.0
201704,14699148575000.0,1127182000000,0.0766834891319547,8752354150000,0.595432729000768,473428000000,0.032207851875529464,16661155000000,1.1334775558590475,252483000000,0.017176709161877426,0,0.0
201705,14561376075000.0,2793138000000,0.1918182722301539,7406350000000,0.5086298136833197,691658000000,0.04749949430861053,17535642380000,1.204257227454377,302223000000,0.02075511259673307,0,0.0
201706,15492205690000.0,1476768100000,0.09532329543966957,8906320000000,0.5748903789567488,677261000000,0.043716241157136355,14654351380000,0.9459176874639081,354362000000,0.022873566688359662,0,0.0
201707,14044831240000.0,1036229825000,0.07378015494047332,10027063380000,0.7139326353343922,1288983000000,0.09177632525259165,14552714000000,1.0361615423725092,226179000000,0.016104073885618294,0,0.0
201708,14560784602500.0,1812776980000,0.1244972046141495,5576184000000,0.3829590336115955,1246388000000,0.08559895871174432,17994598520000,1.2358261598698763,196601000000,0.013502088339816852,0,0.0
201709,14402624250000.0,381600000000,0.02649517153097985,12363642220000,0.8584298253840789,316380000000,0.021966830107367413,16063606520000,1.1153249741969766,489105000000,0.03395943624648821,0,0.0
201710,15947966870000.0,1837228620000,0.11520143194277904,8829813520000,0.5536638991023939,851229000000,0.05337539304782867,16074608000000,1.0079408949762887,469569000000,0.029443815868674426,0,0.0
201711,15218274070000.0,1653052090000,0.10862283609799649,7446543000000,0.48931586891837336,146951000000,0.00965621983965229,21021973410000,1.3813638335927274,501887000000,0.032979232578638926,0,0.0
201712,16720353250000.0,918554570000,0.05493631362124481,11145305000000,0.6665711443626348,148811000000,0.008899991392227314,16520354410000,0.9880385996031513,499351300000,0.02986487740622346,0,0.0
201801,15994888140000.0,1807611380000,0.11301181753684962,11552588860000,0.722267561916191,149769000000,0.009363554073595416,13080473000000,0.817790839517556,884316300000,0.05528743260095097,0,0.0
201802,15149829270000.0,1502835160000,0.09919815815851765,6637476250000,0.43812218155775956,824737000000,0.05443869929499212,16867528200000,1.1133807450491486,915596300000,0.06043608041267385,0,0.0
201803,14987436455000.0,1944587240000,0.12974782217350192,11141194250000,0.7433689065806285,847151300000,0.05652409620174766,16012913900000,1.0684224715867194,625997000000,0.04176811704120083,0,0.0
201804,16694796845000.0,1198365000000,0.07178074768600157,9865023990000,0.5909041051286898,1582197300000,0.09477188100518033,15101891000000,0.9045866889073846,1151292000000,0.06896112667251807,0,0.0
201805,15837559645000.0,1141843600000,0.0720971933551951,11041557250000,0.6971754170148226,840701300000,0.053082755098915364,17403219900000,1.0988574180678325,1063252000000,0.06713483793165535,0,0.0
201806,17139212025000.0,1343187600000,0.07836927380563168,9544825000000,0.5568998729975161,391337000000,0.022832846657663074,15719928150000,0.9171908327565018,1109900000000,0.06475793626807648,0,0.0
201807,15673113875000.0,1599723790000,0.10206802571323753,11690015350000,0.7458642515605406,1738788000000,0.11094081328494144,14149444300000,0.902784501717276,283180000000,0.018067883782283817,0,0.0
201808,16402900720000.0,2684527030000,0.16366172519271335,7143793000000,0.43552010232492583,1019652000000,0.062162907488475,17448862220000,1.0637668615969043,267060000000,0.016281266622212416,0,0.0
201809,15769522125000.0,1790443665000,0.11353823221830826,9639232990000,0.611257139791102,864830000000,0.054841864778448386,15202823220000,0.9640636602359947,261830000000,0.016603546887759606,0,0.0
201810,15395104937500.0,3823125060000,0.24833380970905122,10699581970000,0.6949989632053458,687036000000,0.04462691243672466,13511947020000,0.877678136969828,95690000000,0.006215612065554327,0,0.0
201811,16187965025000.0,2143424480000,0.13240851933456657,5878693020000,0.3631520707464588,216460000000,0.013371662198782148,19509781040000,1.2052028164052695,52780000000,0.003260446876336144,0,0.0
201812,15792944270000.0,2221513270000,0.140664921753694,11540372200000,0.7307296222099566,261830000000,0.016578922557041353,15449564670000,0.978257404437735,2180000000,0.0001380363257623273,0,0.0
201901,16710905070000.0,1514453870000,0.09062668141887781,12685355440000,0.7591064270225072,94430000000,0.005650801055026279,15689758830000,0.9388934210491569,2480000000,0.00014840608510500024,0,0.0
201902,16961814070000.0,1903850320000,0.11224331973826429,9440983970000,0.5566022555746598,122800000000,0.007239791657496927,18115750820000,1.0680314467095204,2480000000,0.00014621077614488908,0,0.0
201903,16610257555000.0,1838185260000,0.11066566872388271,14324672240000,0.862399164646788,70000000000,0.004214263371185878,15804921980000,0.9515157683537797,3080000000,0.00018542758833217863,0,0.0
201904,17923904740000.0,1429741740000,0.07976731413938545,11386342240000,0.6352601403080208,770286000000,0.04297534556077986,19466884160000,1.0860850044888155,900000000,5.021227310986032e-05,0,0.0
201905,18332172070000.0,2789456000000,0.15216178363091265,10521274100000,0.5739240314691199,277480000000,0.015136231480943108,20338527680000,1.1094445111216982,600000000,3.272934585759646e-05,0,0.0
201906,18931213890000.0,3038971120000,0.16052700781143622,14184765800000,0.7492792529005651,3080000000,0.0001626942687297481,16883640250000,0.8918413973928219,5300000000,0.00027996091697002107,0,0.0
201907,19159373585000.0,1738558140000,0.09074190929504755,13531700900000,0.7062705281029678,758606000000,0.03959450952999411,16185226570000,0.8447680451657105,6000000000,0.0003131626393410607,0,0.0
201908,18135775805000.0,1949456580000,0.10749231799957179,11693364170000,0.6447677946468747,377400000000,0.020809697035180128,18735339480000,1.0330597202704006,6470000000,0.0003567534176407404,0,0.0
201909,18308845115000.0,1903978200000,0.10399226101050557,12687356841322,0.6929632514574909,662400000000,0.0361792344541334,17530359000000,0.9574803265792988,6470000000,0.00035338110947802403,0,0.0
201910,18416457020661.0,1416997020000,0.07694189052814576,15071277900000,0.8183592470089052,1108116000000,0.06016987951356931,15282359220000,0.8298208066217662,5770000000,0.00031330673394599026,0,0.0
201911,18462910070000.0,2612372100000,0.14149297646446263,9595266680000,0.5197050001121519,178070000000,0.009644741772822815,21239816440000,1.1504045873305822,5000000000,0.00027081321314154024,0,0.0
201912,18859762610000.0,1662123200000,0.08813065330518495,13254241480000,0.7027788076702626,308070000000,0.016334776124735113,20904754520000,1.1084314766992711,0,0.0,0,0.0
202001,20192494600000.0,2144910180000,0.1062231399581506,13590142210000,0.6730293843931497,5770000000,0.000285749735943968,20743526770000,1.0272889596315653,610000000,3.0209244181251385e-05,0,0.0
202002,20335229580000.0,2793034480000,0.13734954252726955,13427151360000,0.6602901288710211,64800000000,0.003186588070966839,21161179350000,1.0406166926589475,850000000,4.179938056052181e-05,0,0.0
202003,20847907595000.0,2534813660000,0.12158599842451,14706977440000,0.7054414153066952,750800000000,0.03601320643708465,17614831990000,0.844920858831157,1150000000,5.5161411031762584e-05,0,0.0
202004,19900306545000.0,2197925070000,0.11044679462750456,11854737670000,0.5957062843827665,60410000000,0.003035631630266427,19027512980000,0.9561417024895382,540000000,2.7135260393045366e-05,0,0.0
202005,18680382860000.0,2429981770000,0.13008201107073028,12168176200000,0.6513879448400127,1050000000,5.620869806947843e-05,20810287810000,1.1140182707154644,100000000,5.353209339950327e-06,0,0.0
202006,20193517890000.0,2360468550000,0.11689238907545296,14064166770000,0.6964693743116792,1100050000000,0.05447540175972776,19037374380000,0.9427468004189339,310000000,1.535146088406491e-05,0,0.0
202007,20801044850000.0,2504386330000,0.12039714101188527,13347181306000,0.6416591763658449,502656000000,0.024164939964542213,19543180350000,0.9395287828534248,0,0.0,0,0.0
202008,20465611993000.0,2077447290000,0.10150917014895837,14228520330000,0.6952404030168599,684660000000,0.033454166933008365,19013647464000,0.929053451736668,100000000,4.886245279848153e-06,0,0.0
202009,20512810042000.0,2052182960000,0.10004397036769479,13330242930000,0.649849674554891,40410000000,0.0019699885055855576,19028176504000,0.9276240780780297,220000000,1.0725005474605857e-05,0,0.0
202010,19763338697000.0,2559422870000,0.12950356765319773,17135989104000,0.867059425875304,212700000000,0.010762351607741614,15257452097143,0.7720078237316766,520000000,2.6311343845912737e-05,0,0.0
202011,20782759535571.5,1971593311605,0.0948667720583711,9084462497143,0.4371153157786459,300000000,1.4435041674159003e-05,23463570390000,1.1289920546807106,400000000,1.9246722232212002e-05,0,0.0
202012,20573105599374.0,2076013810000,0.10090911165415731,13456934681110,0.6541032230700001,701000000,3.407361113342704e-05,18959776577143,0.9215806765566745,100000000,4.860714854982459e-06,0,0.0
202101,21299161784126.5,2237113870000,0.10503295353468983,14425665620864,0.6772879499706383,701000000,3.2912093306997185e-05,17519524947143,0.8225452778240162,400000000,1.8780081772894255e-05,0,0.0
202102,21080701469003.5,2323190510000,0.11020461123724735,10930151168007,0.5184908663536838,501000000,2.3765812572065356e-05,20716465900000,0.9827218477744176,300000000,1.4231025492254705e-05,0,0.0
202103,20769465539003.5,2235799290000,0.10764837861625935,14156179740864,0.6815861349094302,773100000000,0.037222912575587276,19954843907143,0.9607779203402851,300000000,1.4444281170192968e-05,0,0.0
202104,22441826469003.5,2804124290000,0.1249508053131521,14852645840864,0.6618287447048204,313177340000,0.013955073595839378,18430272477143,0.8212465461578525,300000000,1.3367895898061504e-05,0,0.0
202105,22132228644003.5,2542071780000,0.11485837332015582,12933820128007,0.584388510350551,757496800000,0.03422596125244874,18546628100000,0.8379918894894038,400000000,1.807319120157273e-05,0,0.0
202106,21139852974003.5,2010587000000,0.09510884500816998,13411328870864,0.634409751447015,1063768000000,0.05032050134445859,19135629503745,0.9051921755216003,0,0.0,0,0.0
202107,21544185257304.5,2694504241737,0.1250687463719908,14400079912735,0.6683975161164515,57800000000,0.0026828584747897607,18848221600137,0.8748635130561069,0,0.0,0,0.0
202108,21836289347304.5,2820556160000,0.12916829023188287,13757294724978,0.6300198035558737,1014855320000,0.04647563071998197,17808424580000,0.815542617921863,0,0.0,0,0.0
202109,21391606122489.0,2518814010000,0.11774777431751468,14948772859127,0.698814889051802,407591450000,0.01905380305088448,17154583020000,0.8019305760293232,0,0.0,0,0.0
202110,21210858124563.5,3301917780000,0.15567110772270795,14773683487659,0.6965151245130508,45130000000,0.0021276838369748293,17598378148393,0.8296872311833993,0,0.0,0,0.0
202111,21405570418026.0,2597911868393,0.12136615925942593,11477150704448,0.5361758869449652,45130000000,0.002108329706644736,24461080500000,1.142743688783033,0,0.0,0,0.0
202112,23066650316420.5,3028533868393,0.13129491394929899,16956799537795,0.7351218883187357,130000000,5.635842145118776e-06,21378812987686,0.9268278096047186,0,0.0,0,0.0
202201,24462833626108.0,2971384428342,0.12146525924824936,18693801693102,0.7641715583247481,0,0.0,18325173697737,0.7491026582537612,0,0.0,0,0.0
202202,23672151643761.5,2478357788393,0.10469507908235035,16440720714695,0.6945173789906735,357750000000,0.015112694671093852,23601285450000,0.9970063475923966,14950000000,0.0006315437745153126,0,0.0
202203,25458716936544.0,3828733380000,0.15038987980200025,20039852032846,0.7871509032758975,926482650000,0.036391568841008894,21798052306065,0.8562117392010278,85700000000,0.003366234057026823,0,0.0
202204,27435295369455.5,3596281552399,0.131082297601317,20370840602998,0.7425048766078691,24450000000,0.0008911877809495314,21608715554099,0.787624673367162,61890000000,0.0022558532418391203,0,0.0
202205,27054267359748.0,3031398400000,0.11204880766833067,19798230301225,0.7317969486278268,1025285540000,0.03789736851368021,24981187039034,0.923373259635987,61890000000,0.002287624321037111,0,0.0
202206,28532376835129.5,3927047410000,0.13763478004976293,24392965159052,0.854922297571053,1011766156229,0.03546028296469497,21390464109000,0.7496909294518966,61700000000,0.002162455667697267,0,0.0
202207,29753474152140.5,3855222950000,0.12957219483972934,22739345666411,0.7642585047425496,190000000,6.3858088984318214e-06,22301039824263,0.74952725554769,61700000000,0.002073707415964439,0,0.0
202208,28274885415337.0,3832316000000,0.13553780833082552,18090809984251,0.6398190379381024,1499655550000,0.053038430676948016,26559730509034,0.939339987373648,37200000000,0.0013156551990771922,0,0.0
202209,29042352721642.5,4503503340000,0.155066753136841,21474743880935,0.7394285196781567,415270872000,0.014298802716852143,25565798375774,0.8802936394585638,0,0.0,0,0.0
202210,30299145305354.5,4166981400000,0.13752801796899553,22994903080000,0.7589291000870679,660050000000,0.021784442872827676,19616093470712,0.6474140862067624,0,0.0,0,0.0
202211,27947107501356.0,4107402880000,0.14697059006198435,16535771353029,0.5916809584758165,37000000000,0.0013239294978274496,23848856967683,0.8533568980806278,0,0.0,0,0.0
202212,26261654836356.0,3424693619034,0.13040661909442725,19454439328649,0.7407925909420127,0,0.0,21378305312809,0.8140501977511863,0,0.0,0,0.0
202301,25663594104459.5,3005022160000,0.11709280265922786,20751804028492,0.8086086439812423,0,0.0,20859373240000,0.8128001539883815,0,0.0,0,0.0
202302,25869709688459.5,2918376500000,0.11281056243556882,18419688194603,0.7120175841331547,177950000000,0.006878701081032373,22673338164185,0.8764434714278837,5000000000,0.00019327623155471685,0,0.0
202303,25761848308704.5,4455222270000,0.1729387665284348,16451995574761,0.6386186028896903,587300000000,0.0227972773134279,23137333585151,0.8981239741767006,5000000000,0.00019408545303446195,0,0.0
202304,25944736214956.0,2931692857950,0.11299759741862428,19848035771928,0.7650120474335939,0,0.0,20893212369034,0.8052967737243742,5000000000,0.00019271731878768225,0,0.0
202305,25427630999456.0,2252392980000,0.08858052801097309,18852815735284,0.7414302864347583,916510000000,0.036043861106038855,22195819249034,0.8729015789755978,36800000000,0.0014472445349229467,0,0.0
202306,25241156982159.0,4144967510000,0.16421464011850778,14704085227811,0.5825440267339634,233860000000,0.00926502696232575,25201485245507,0.9984282916714142,49900000000,0.0019769299812710805,0,0.0
202307,25116711991659.0,2637234980000,0.10499921251140669,17891979234499,0.7123535612639401,658550000000,0.026219594356884677,22148530025034,0.8818244216197286,65900000000,0.0026237510714732367,0,0.0
202308,24621360119766.5,4179052640000,0.16973281003452675,15246120526499,0.6192233269135738,1055930000000,0.04288674528391627,22615147633182,0.9185173980305875,60900000000,0.0024734620550514717,0,0.0
202309,24709518643988.5,3957588536000,0.1601645338794501,16051293039681,0.6495995843118566,7100000000,0.00028733866095474655,22499005130000,0.9105400009673483,60900000000,0.002464637246780854,0,0.0
202310,24071364096988.5,3576596354667,0.14858303585356253,19681720679507,0.8176404378333226,673190000000,0.027966425055413493,19360344437372,0.8042894602634554,66400000000,0.0027584643617395623,0,0.0
202311,24617589439786.0,4697109490000,0.19080298261895262,13460603699507,0.5467880489448935,1526880000000,0.06202394445381055,22992869869360,0.9340016789864815,21500000000,0.0008733592723442097,0,0.0
202312,24219095233446.5,2551686000000,0.10535843620104061,16987833262256,0.7014231166982593,44900000000,0.0018539090567674563,23934912860419,0.9882661854091459,21500000000,0.0008877292810801851,0,0.0
202401,24642418778727.5,3146458000000,0.12768462496531272,17383871638919,0.7054450212462738,60900000000,0.00247134830987337,21261862040431,0.8628155470998343,5500000000,0.00022319237609693817,0,0.0
202402,23895491557065.0,4612938000000,0.19304637399836738,14356269529938,0.6007940659288672,271300000000,0.011353606154203041,21848005179034,0.9143149504524156,5500000000,0.00023016894157064773,0,0.0
202403,23597826854486.0,2936312510000,0.12443147956405148,15730235457034,0.6665967825780384,27000000000,0.001144173154862658,21345301241569,0.904545209742956,15500000000,0.0006568401444581926,0,0.0
202404,23379545104301.5,2373712000000,0.10152943478627696,15288612360000,0.653931130472984,575650000000,0.02462195040287968,20864819426603,0.8924390672923818,17500000000,0.0007485175576311898,0,0.0
202405,22826282393301.5,3947684860000,0.1729447131153722,12975542711569,0.5684474803210506,1379100000000,0.060417196994141484,20729537019614,0.9081433701046824,47600000000,0.0020853154788783514,0,0.0
202406,22539417795591.5,3665103690000,0.16260862295728243,14552330662947,0.6456391551423879,5500000000,0.0002440169506541446,22437579439170,0.9954817663284355,52600000000,0.0023336893826196377,0,0.0
202407,23094392396058.5,1995865000000,0.08642206150184893,15360013393333,0.6650970993267821,771380000000,0.03340118184411081,21090458078204,0.9132285325594229,97100000000,0.00420448385628764,0,0.0
202408,22325743735768.5,3776665000000,0.1691618897313299,14412388225850,0.6455501951659347,76200000000,0.003413100181648978,22201949991034,0.9944551121700744,104510000000,0.0046811430444112165,0,0.0
202409,22879192108442.0,2592596550000,0.1133167874858387,17437632221034,0.7621611872649924,636870000000,0.02783621016779726,21579067899281,0.9431743829502932,98150000000,0.0042899242042635085,0,0.0
202410,24000618246922.0,2344610000000,0.0976895668219167,15687940944000,0.6536473678552812,701060000000,0.029210080873225366,20334921128727,0.8472665545328144,96150000000,0.004006146800502979,0,0.0
202411,22210030948128.0,4079422355000,0.18367477130165094,12643743135281,0.569280752683809,82610000000,0.0037194905397897647,25485567035446,1.1474800325568246,56680000000,0.0025520000459421845,0,0.0
202412,24098151174628.0,3501490790000,0.14530122102008317,17110721435446,0.7100429120662671,69550000000,0.002886113523647676,24347023694165,1.010327452829619,48040000000,0.0019935139277646925,0,0.0
202501,25381583753923.0,3307282000000,0.130302428408898,17112233740000,0.6741988169810372,96150000000,0.0037881796869802882,22748997933199,0.8962796866323558,14640000000,0.0005767961582672015,0,0.0
202502,24580292630717.0,4550398576000,0.18512385691916255,14374798774165,0.5848099121570829,348180000000,0.014165006301222529,26295548729700,1.0697817607280848,18000000000,0.0007322939669768669,0,0.0
202503,25656478834050.0,4898395684000,0.19092236762821457,22693567379034,0.8845160524879286,702640000000,0.02738645488123223,20251906499998,0.7893486331850292,28000000000,0.0010913422758090949,0,0.0
202504,27362072634457.0,2956980000000,0.10806856773986782,18833749166666,0.6883158822898782,1188500000000,0.04343603702386655,20900237392841,0.7638397014750036,28000000000,0.001023314292526936,0,0.0
202505,25036276132694.5,3455096904000,0.1380036266451,16896140126866,0.674866343433622,146100000000,0.005835532378124324,25621793695308,1.023386767245664,43280000000,0.0017286915901794713,0,0.0
202506,25544523216028.0,6242615696667,0.24438176605895892,20465485529975,0.8011692117680185,1469030000000,0.057508609089178535,24164547694201,0.9459776363740808,46520000000,0.0018211340100805194,0,0.0
202507,28415662313362.5,3636332000000,0.12796928538561675,19841550333333,0.6982610545735014,1380090000000,0.04856793358467703,23081112727927,0.8122672796921956,65430000000,0.0023026033769141274,0,0.0
202508,25969050383571.0,5534107000000,0.21310394174063002,19020927112868,0.7324460013717465,28730000000,0.0011063169263276443,26050768948392,1.0031467675411303,53300000000,0.0020524431664902,0,0.0
202509,27326549383571.0,3948083968000,0.14447795484832154,22876802761535,0.837163977069449,706490000000,0.025853611814770472,26116771962744,0.9557288626585861,59500000000,0.002177369676823229,0,0.0
202510,28740456610845.0,4619125000000,0.16071856695056846,20701672589893,0.7202972753773639,1739090000000,0.06051017294359085,22747681366750,0.7914864288609225,653010408860,0.02272094760712992,0,0.0
202511,26794250947457.0,4677274000000,0.1745625958781995,17292697285971,0.6453883454283398,25200000000,0.0009405002606498202,27391180987339,1.022278288019791,638010408860,0.02381146650119557,0,0.0
202512,26643487605790.5,4555854000000,0.17099315477790017,19886864746899,0.7464062153250889,18300000000,0.0006868470175812423,29256655725882,1.0980790562690288,634810408860,0.023826100330875413,0,0.0
202601,28988244293761.5,848834000000,0.029282007954606476,4712341060000,0.16256041629310172,0,0.0,18083185001678,0.6238109772508591,5000000000,0.00017248371268473268,0,0.0
202602,508915.0,2852000000000,5604079.266675182,9279153156560,18233208.21072281,0,0.0,17832306029344,35039851.50633013,3500000000,6877.376379159585,0,0.0
