YYYYMM,issue_amt,issue_share_distress,issue_share_high,issue_share_low,issue_share_mid,issue_share_top,tenor_share_long,tenor_share_main,tenor_share_mid,tenor_share_short,tenor_share_ultra,tenor_share_xlong
201601,13681898512703,0.0,0.1503788754749742,0.0003654463593161,0.0103589425011748,0.8388967356645348,0.0366276999917605,0.340821560568626,0.0857319643857865,0.3665719341028174,0.1702468409510094,0.0
201602,12429667077887,0.0,0.1570146640107574,0.0004827160665207,0.0100565847191821,0.8324460352035397,0.0581753312835249,0.3100766879634874,0.1074137440303803,0.3688031200896235,0.1555311166329836,0.0
201603,14459463890055,0.0,0.1485801974634502,0.002697195435221,0.0176770039292949,0.8310456031720338,0.0940355673207347,0.3146831746043865,0.0876664591189887,0.3231309290252135,0.1548950927247331,0.0255887772059433
201604,13323368914812,0.0,0.177570622711034,0.0010507852848265,0.0161843450690821,0.8051942469350573,0.0443956782839219,0.3890504156984939,0.0694273877661408,0.3756857617622028,0.1214407564892404,0.0
201605,11764550000000,0.0,0.1530657781215601,0.0023460310849118,0.0088996179199374,0.8356885728735906,0.0437798300827486,0.2924633751397206,0.0868626509301248,0.4000238003153541,0.1768703435320518,0.0
201606,11643880000000,0.0,0.1298561991363703,0.0013526419028708,0.014926296045648,0.8538648629151108,0.0916026273029265,0.2740237790152423,0.0746976093879359,0.3649213148881644,0.1552489376393435,0.0395057317663871
201607,13925686731582,0.0,0.1862663423053555,0.0003590487202803,0.0086028073379179,0.8047718016364462,0.1447088419294831,0.3571601240117062,0.0820366531002825,0.2439736054305189,0.1412425855838963,0.0308781899441127
201608,13168647565627,0.0,0.1630993277725203,0.0084746743690901,0.0205298227211784,0.8078961751372111,0.0727787391112678,0.306477941632713,0.0841202556663043,0.3342104781881942,0.2024125854015205,0.0
201609,13082060000000,0.0,0.1416260130285291,0.00340160494601,0.0187050051750259,0.8362673768504348,0.0948443899508181,0.2838849538986979,0.1283284131092504,0.3397247834056716,0.1302852914602134,0.0229321681753485
201610,14763592343886,0.0,0.1406068587870262,0.0071120901711623,0.0163869330962792,0.8358941179455321,0.0759836981241604,0.4262004702809198,0.0782770191076554,0.2347463895828334,0.1637948233514752,0.0209975995529556
201611,12431341335887,0.0,0.1408726772574011,0.0009737485017047,0.0172145542639249,0.8409390199769692,0.118703307713633,0.2979646282663756,0.0798546169055995,0.3205687859680715,0.1636026189811708,0.0193060421651494
201612,11954246335887,0.0,0.1422278149633633,0.0006273921240425,0.0147579358031448,0.8423868571094493,0.1261347887202559,0.3336722272507891,0.0873413488950433,0.270221970439286,0.1767740048702285,0.0058556598243971
201701,11279390000000,0.0,0.1751991907363784,0.0012412018735055,0.0200675745762847,0.8034920328138312,0.0709497588078788,0.4741479814067959,0.1027732882717948,0.2375039784952909,0.1146249930182394,0.0
201702,12318300000000,0.0,0.1708839693788915,0.0012014644877945,0.019694275995876,0.8082202901374378,0.0928943117150905,0.3965725790084671,0.1060617130610555,0.2475585105087552,0.1569128857066316,0.0
201703,11776347000000,0.0,0.1573068456627509,0.0035240130067498,0.0244343173651387,0.8147348239653603,0.163030182449617,0.3425850138417287,0.1108702894029872,0.2480565492847654,0.0989440953124088,0.0365138697084928
201704,15030130000000,0.0,0.1513759362028139,0.0009979953599869,0.0183717639168789,0.8292543045203202,0.1384319363837837,0.3415805452115185,0.0817211827176478,0.2242961305058572,0.1906836467814982,0.0232865583996944
201705,14117870000000,0.0,0.1320135402861763,0.0012126475169412,0.0254429315470393,0.8413308806498431,0.0839822154475143,0.3518519436713895,0.0594636443032837,0.2488264872817217,0.2317927562727238,0.0240829530233668
201706,11564500000000,0.0,0.124294176142505,0.0015997232911064,0.0317523455402308,0.8423537550261576,0.1473474858402871,0.3170910977560638,0.0247308573652125,0.2575122141035064,0.238618184962601,0.0147001599723291
201707,15871000000000,0.0,0.1616596307731082,0.0018902400604876,0.0195009766240312,0.8169491525423729,0.0688299414025581,0.4245668199861382,0.0585974418751181,0.1752000504064016,0.2116879843740155,0.0611177619557683
201708,14083863101400,0.0141426467983915,0.1521017340609521,0.0021158967383769,0.0323206776949394,0.7993190447073398,0.0993108204709093,0.3889699836300909,0.1080669407989847,0.2674116362594879,0.095989288611135,0.0402513302293919
201709,12938100000000,0.0,0.1432513274746678,0.0090044133218942,0.0293087856795047,0.8184354735239332,0.09084023156414,0.3194904970590735,0.1272211530286518,0.2846167520733338,0.1469149256846059,0.0309164405901948
201710,13043350000000,0.0,0.1409952197863279,0.0036800361870225,0.0286889487746629,0.8266357952519866,0.1031215140282212,0.3791127279418247,0.0792741128621098,0.3104340526015172,0.0881905338735831,0.0398670586927438
201711,14295604989842,0.0,0.1139087846229023,0.0025882080559928,0.0283898443114778,0.855113163009627,0.1355874753967599,0.3376212481688992,0.0773174693051039,0.2829191211476459,0.1109431885622861,0.0556114974193048
201712,12306615886425,0.0,0.1147119483904762,0.0038597125674813,0.0210049620777668,0.8604233769642755,0.1071875403115547,0.3604158966960727,0.0747321610171069,0.2817265145834638,0.1637493213892291,0.0121885660025726
201801,15900800000000,0.0,0.1420997685651036,0.0072323405111692,0.0443436808210907,0.8063242101026363,0.0632861239686053,0.4271734755484001,0.0611478667739987,0.3052613704970819,0.1179751962165425,0.0251559669953713
201802,14652000000000,0.0,0.1476248976248976,0.0057330057330057,0.0354900354900354,0.8111520611520612,0.0834493584493584,0.4038151788151788,0.0639161889161889,0.3509145509145509,0.0808422058422058,0.017062517062517
201803,14940900000000,0.0,0.1401455066294533,0.005521755717527,0.0337061355072318,0.8206266021457878,0.1862069888694791,0.2915620879598953,0.0901217463472749,0.3151952024309111,0.1075437222657269,0.0093702521267125
201804,16163550000000,0.0,0.1539544221411756,0.0083521256159692,0.0372319199680763,0.8004615322747788,0.1383204803400243,0.4098047767971763,0.0770065981792366,0.2485035774938055,0.1053295841569457,0.0210349830328114
201805,15253150000000,0.0,0.1108492344204312,0.0114730399950174,0.0553623349930997,0.8223153905914516,0.1167529330007244,0.3532516234351593,0.1066927159308077,0.2940835171751408,0.1010283121846962,0.0281908982734713
201806,12554200000000,0.0,0.111181915215625,0.0037835943349635,0.0415398830670213,0.8434946073823899,0.1539723757786238,0.3324783737713275,0.0603463382772299,0.3173121345844418,0.1032323843813225,0.0326583932070542
201807,16893500000000,0.0,0.1610501080297155,0.0112469292923313,0.0276437683132565,0.8000591943646965,0.1183709710835528,0.4094770177879065,0.0634622783910971,0.2545653653772161,0.1304466214816349,0.0236777458785923
201808,15356030000000,0.0,0.1529581538978499,0.0026048399228185,0.0292588644330598,0.8151781417462717,0.1069501687610665,0.3405111868106535,0.0765301969324102,0.2925625959313703,0.1694448369793494,0.0140010145851499
201809,11547800000000,0.0,0.1486343719149968,0.001515440170422,0.0280659519562167,0.8217842359583644,0.099438854154038,0.3554010287673843,0.0602279222016314,0.3891130778156878,0.090190339285405,0.0056287777758534
201810,14727200000000,0.0,0.1221481340648595,0.0,0.0288513770438372,0.8490004888913032,0.0669441577489271,0.4221372698136781,0.0644046390352545,0.3389103156064968,0.07467135640176,0.0329322613938834
201811,15258800000000,0.0,0.1313209426691483,0.0019660785907148,0.0260046661598553,0.8407083125802816,0.1446378483235903,0.3155359530238288,0.0950009175033423,0.3552638477468739,0.0895614334023645,0.0
201812,13434050000000,0.0,0.1193683215411584,0.0005582828707649,0.0170797339596026,0.8629936616284739,0.1471000926749565,0.3562961281221969,0.0845612454918658,0.3565268850421131,0.0555156486688675,0.0
201901,15647200000000,0.0,0.1513114167390971,0.0058796461986809,0.0279730558822025,0.8148358811800195,0.1022035891405491,0.4457922184160744,0.0928664553402525,0.2874316171583414,0.0653152001636075,0.0063909197811749
201902,14906000000000,0.0,0.1083120890916409,0.0011404803434858,0.0304239903394606,0.8601234402254125,0.1650006708707903,0.350898966858983,0.0754058768281229,0.2875016771769757,0.0943579766536965,0.0268348316114316
201903,13617350000000,0.0,0.1207650534061326,0.000455301508737,0.0256988327391159,0.8530808123460144,0.1205410744381249,0.3627064002908055,0.0785027923935273,0.3088192636599632,0.1073997510528847,0.0220307181646943
201904,17803400000000,0.0,0.0963973173663457,0.0008144511722479,0.0294943662446499,0.8732938652167563,0.1189828909084781,0.4326083781749553,0.0683521125178336,0.2615230798611501,0.1112315625105316,0.007301976027051
201905,15712500000000,0.0,0.0943198090692124,0.0014638027048528,0.0372760540970564,0.8669403341288783,0.095859984089101,0.359096260938743,0.0840731901352426,0.3442545743834526,0.1135338106603023,0.0031821797931583
201906,14618200000000,0.0,0.1663679522786663,0.0020522362534374,0.0271032001203978,0.8044766113474984,0.1404892531228194,0.3130412773118441,0.0369402525618749,0.3754018962662981,0.1341273207371632,0.0
201907,18247300000000,0.0,0.1134414406514936,0.0013700657083513,0.0249187551034947,0.8602697385366602,0.0515911943136792,0.3472787754900725,0.0717092391751108,0.4006346144361083,0.1227578874682829,0.006028289116746
201908,15386680000000,0.0,0.118965234865481,0.0042244330810805,0.025892525223115,0.8509178068303234,0.0753300907018278,0.3659333917388286,0.057445790774878,0.371379660849514,0.1234119381179045,0.0064991278170469
201909,15701500000000,0.0,0.1032703881794733,0.0010190109225233,0.0184504665159379,0.8772601343820654,0.1215170525109066,0.3576728338056874,0.0121453364328248,0.4023692003948667,0.0999267585899436,0.0063688182657707
201910,16238100000000,0.0,0.0995621408908677,0.0018475067895874,0.0170894378036839,0.8815009145158609,0.0895486540913037,0.3111755685702145,0.0758339953565996,0.4024424039758346,0.0828175710212401,0.0381818069848073
201911,17811100000000,0.0,0.1246413753221305,0.0010106057458551,0.0174554070214641,0.8568926119105502,0.1194367557309767,0.3169652632347244,0.1086457321557904,0.3639359725115237,0.0651896850840206,0.0258265912829639
201912,15427300000000,0.0,0.1046521426302723,0.0006482015647585,0.0161272549311934,0.8785724008737757,0.1580120954411984,0.2600584677811412,0.1323303494454635,0.3389964543374407,0.0862950743163094,0.0243075586784466
202001,17266600000000,0.0,0.1442322171128074,0.0008687292228927,0.0257491341665411,0.8291499194977586,0.1045081255139981,0.4380016911262205,0.0945988208448681,0.3098699222776921,0.0530214402372209,0.0
202002,15837500000000,0.0,0.128991318074191,0.0015785319652722,0.0313622730860299,0.8380678768745067,0.1295659037095501,0.3706140489344909,0.086446724546172,0.3383614838200474,0.0731176006314127,0.0018942383583267
202003,21247200000000,0.0,0.0712470349034225,0.0009413005007718,0.015724424865394,0.9120872397304116,0.284093904137957,0.2732971873941037,0.172912195489288,0.1905662863812643,0.0744239240935276,0.0047065025038593
202004,15512400000000,0.0,0.0938603955545241,0.0014182202624996,0.0118163533689177,0.8929050308140585,0.1962430055955235,0.4730409221010288,0.1305729609860498,0.1629664010726902,0.0371767102447074,0.0
202005,12597200000000,0.0,0.1228050677928428,0.0002381481599085,0.0182024576890102,0.8587543263582383,0.2382910488044962,0.4213237862382116,0.1731337122535166,0.1369669450354046,0.0263153716698948,0.0039691359984758
202006,10469650000000,0.0,0.1063932414168573,0.0011461701203001,0.0536455373388795,0.838815051123963,0.1736161189724585,0.4399144192976842,0.0884461276164914,0.2367032326773101,0.0059218789548838,0.0553982224811717
202007,14264830000000,0.0,0.1056865030988802,0.0035051241409817,0.0357754000573438,0.8550329727027942,0.1448457500019278,0.48154797498463,0.0641669055992956,0.2006403160780745,0.0169648008423514,0.0918342524937205
202008,11291000000000,0.0,0.1291736781507395,0.0013284917190682,0.0306173058187937,0.8388805243113985,0.1518200336551235,0.4591710211673014,0.0505978212735807,0.226109290585422,0.0387919581967939,0.0735098751217784
202009,12164300000000,0.0,0.1405835107651077,0.0023018176138372,0.0342970824461744,0.8228175891748806,0.1950214973323578,0.3558774446536175,0.0936017691112517,0.2387642527724571,0.0189077875422342,0.0978272485880815
202010,14379280000000,0.0,0.0890294924363389,0.0021558798493387,0.025675833560512,0.8831387941538102,0.1543178796156692,0.428839274289116,0.1074532243617204,0.1869217373887983,0.0188465625538969,0.1036213217907989
202011,11686300000000,0.0,0.0914575186329291,0.0020536867956496,0.0305058059437118,0.8759829886277094,0.1675380573834319,0.4470619443279738,0.0724694728014855,0.2297562102632997,0.0284093340064862,0.0547649812173228
202012,12967800000000,0.0,0.066148460031771,0.0003855704128687,0.0154151051064945,0.9180508644488656,0.3050478878452783,0.3018245191936951,0.0994771665201499,0.1688027267539598,0.016348185505637,0.1084995141812797
202101,14049650000000,0.0,0.0921446441726306,0.0009252899538422,0.0318264156046591,0.8751036502688679,0.1612033039968967,0.5398212766866078,0.1007498407433637,0.1683315954489969,0.0227763680945788,0.0071176150295558
202102,11481050000000,0.0,0.0973778530709299,0.0013065007120428,0.0382412758414953,0.8630743703755318,0.1955875115951938,0.4635464526328167,0.080262693743168,0.1728064941795393,0.0211653115350947,0.0666315363141872
202103,11824300000000,0.0,0.1090212528437201,0.0031545207750141,0.0381587070693402,0.8496655193119255,0.2821646947388006,0.3608331994282959,0.1340629043579747,0.1654727975440406,0.0168720347081856,0.0405943692227024
202104,15389200000000,0.0,0.0756179658461778,0.0045486445039378,0.0262911652327606,0.8935422244171237,0.1526849998700387,0.4712330725443818,0.0583915993034075,0.1593974995451355,0.0309307826267772,0.1273620461102591
202105,14051100000000,0.0,0.0716669869262904,0.0015657137163638,0.0150664360797375,0.911700863277608,0.2099550924838624,0.4330621801851812,0.0862210076079452,0.2274199173018482,0.0070457117236372,0.0362960906975254
202106,14217800000000,0.0,0.1365752788757754,0.0029540435229079,0.0245326281140542,0.8359380494872625,0.1237673901728818,0.270913924798492,0.1182602090337464,0.2887155537424918,0.0611909015459494,0.1371520207064384
202107,15596400000000,0.0,0.1373393860121566,0.0022441076145777,0.0286027544818034,0.8318137518914621,0.1368264471288246,0.4761932240773512,0.0698622759098253,0.2017068041342874,0.0211587289374471,0.0942525198122643
202108,13567800000000,0.0,0.0895355179174221,0.0011055587493919,0.029628974483704,0.8797299488494819,0.1006058461946667,0.4171273161455799,0.107570866315836,0.2689308509854213,0.0423797520600244,0.0633853682984713
202109,15065800000000,0.0,0.0739754941655936,0.0023895179811228,0.0271674919353768,0.8964674959179068,0.1866213543256913,0.3174408262422175,0.0752167160057879,0.2312854279228451,0.0367720267095009,0.1526636487939571
202110,18681400000000,0.0,0.1036539017418394,0.0005352917875533,0.0167599858682968,0.8790508206023103,0.1446197822433008,0.3965762737268085,0.0933709465029387,0.1817262089565021,0.0129487083409166,0.1707580802295331
202111,17207700000000,0.0,0.1176973099252079,0.0008717027842186,0.0095538625150368,0.8718771247755366,0.2322855465867024,0.3874195854181558,0.0684577253206413,0.1717254484910824,0.0116808173085304,0.1284308768748874
202112,17558500000000,0.0,0.1370846028988809,0.002335051399607,0.0287268274624825,0.8318535182390295,0.378602955833357,0.307600307543355,0.097719053449896,0.1423242304297064,0.0196486032405957,0.0541048495030896
202201,15971800000000,0.0,0.1351882693246847,0.0009391552611477,0.0167607908939505,0.8471117845202168,0.0886437345822011,0.466109017142714,0.1013912019935135,0.2513805582338872,0.0730662793172967,0.0194092087303873
202202,16875600000000,0.0,0.1535708359999051,0.0005925715233828,0.0161772025883524,0.8296593898883595,0.0601460096233615,0.4757519732631728,0.1499205954158667,0.1566166536300931,0.0218658892128279,0.1356988788546777
202203,18636900000000,0.0,0.146107990062725,0.002199936684749,0.0118420982030273,0.8398499750494985,0.1658108376393069,0.3347659750280358,0.184617613444296,0.1911262066116145,0.0072436939619786,0.116435673314768
202204,21514000000000,0.0,0.1140141303337361,0.0010225899414334,0.013651575718137,0.8713117040066933,0.1316212698707818,0.3735428093334573,0.0985823184902854,0.2142790740912894,0.0434600725109231,0.1385144557032629
202205,20345139463986,0.0,0.0970698678913395,0.0013270983002006,0.0200067178063105,0.8815963160021493,0.0892566731823337,0.4077239192527419,0.099827283248423,0.2232965769559753,0.0668464328989932,0.1130491144615327
202206,19771800000000,0.0,0.0977503312799037,0.002630008395796,0.0101204746153612,0.889499185708939,0.1615684965455851,0.2798076047704306,0.2210168017074823,0.183852759991503,0.0288289381846872,0.1249253988003115
202207,22512000000000,0.0,0.1358475479744136,0.0011105188343994,0.0048640724946695,0.8581778606965174,0.2078491471215351,0.3639214641080313,0.2035047974413646,0.169909381663113,0.0197228144989339,0.035092395167022
202208,21829300000000,0.0,0.1308195865190363,0.0010078197651779,0.0134498128661936,0.8547227808495921,0.2038040615136536,0.3982674662036803,0.1410947671249192,0.1862405116059608,0.0449395995290733,0.0256535940227125
202209,16418900000000,0.0,0.1243688675855264,0.0006699596197065,0.0124186151325606,0.8625425576622063,0.120878987021055,0.3263982361790375,0.0991905669685545,0.2976143346996449,0.0401975771823934,0.1157202979493145
202210,17319503000000,0.0,0.0902508576602919,0.0008660756604851,0.0051213940723356,0.9037616726068872,0.054216336346372,0.5711539759541598,0.0991310200991333,0.2079447660824909,0.0317561075511231,0.0357977939667206
202211,22272160000000,0.0,0.0744651618882048,0.0004489910273633,0.0057767185580563,0.9193091285263756,0.078228604679564,0.5248794908082557,0.2229527805116342,0.1582244380428301,0.0067348654104496,0.0089798205472661
202212,22523500000000,0.0,0.0628721113503674,0.0013319421937087,0.002632805736231,0.9331631407196928,0.324314604746154,0.3095167269740493,0.2092658778609008,0.1495771083534974,0.0002219903656181,0.0071036916997802
202301,23142700000000,0.0,0.088930850765036,0.0002160508497279,0.0104438980758511,0.9004092003093849,0.2264645006848812,0.4364659266204894,0.1424941774295998,0.1663591542905538,0.0169815967886201,0.0112346441858555
202302,17824100000000,0.0,0.1187717752930021,0.0008415572174752,0.0191650630326355,0.861221604456887,0.1846432638955122,0.4899938846842196,0.0794037286595115,0.2151020247866652,0.0168311443495043,0.0140259536245869
202303,19627730000000,0.0,0.1173238066755554,0.0007132765735008,0.0074858376388915,0.8744770791120522,0.202088066220597,0.4096245464962071,0.1500530117339091,0.2249878106128421,0.0030568996007179,0.0101896653357265
202304,20054800000000,0.0,0.1027285238446656,0.0002493168717713,0.007265093643417,0.889757065640146,0.1609589724155813,0.5351137882202764,0.0992630193270439,0.1874613558848754,0.0097233579990825,0.0074795061531403
202305,15216900000000,0.0,0.1200573047072662,0.0009857461112315,0.0063416333155899,0.8726153158659122,0.1318665431198207,0.5392622676103542,0.0683384920713154,0.2409163495850008,0.0196163476135086,0.0
202306,20704150000000,0.0,0.094367554330895,0.0012316371355501,0.0050497122557554,0.8993510962777994,0.3009783062815909,0.404247457635305,0.1046650067740042,0.1703064361492744,0.0198027931598254,0.0
202307,20544900000000,0.0,0.0995526870415528,0.0034558454896348,0.0147335835170772,0.882257883951735,0.2015682724179723,0.536064911486549,0.0945392773875755,0.1461676620475154,0.0167924886468174,0.0048673880135702
202308,18242900000000,0.0,0.0943161449111709,0.000274079230824,0.0130078002949092,0.8924019755630958,0.1726150995729845,0.488546228943863,0.1378289635967965,0.1881279840376256,0.0128817238487301,0.0
202309,16219700000000,0.0,0.0830656547285091,0.0006781876360228,0.0134404458775439,0.902815711757924,0.1545897889603383,0.4621540472388515,0.1786901114077325,0.1919887544159263,0.0125772979771512,0.0
202310,21808900000000,0.0,0.0723099285154226,0.0016965550761386,0.0035765215118598,0.9224169948965788,0.1086162071447895,0.6118144427275103,0.0945989939886926,0.1643365781859699,0.0132973235697352,0.0073364543833022
202311,24823300000000,0.0,0.0739547119037356,0.0010071183122308,0.0009869759459862,0.9240511938380472,0.2731385432235037,0.4151744530340446,0.1335882014075485,0.1681887581425515,0.00104740304472,0.0088626411476314
202312,16185500000000,0.0,0.0821414228785023,0.0012356739056562,0.0061165858329986,0.9105063173828428,0.1874826233357017,0.3848506379166538,0.1934756417781347,0.1965030428469927,0.0160637607735318,0.0216242933489852
202401,20897100000000,0.0,0.1061199879409104,0.001435605897469,0.006532006833484,0.8859123993281365,0.1677792612372051,0.5641213374104541,0.1184614133061525,0.1290609701824655,0.0205770178637227,0.0
202402,18967600000000,0.0,0.125614205276366,0.0013180370737468,0.0103334106581749,0.8627343469917121,0.1525232501739808,0.5303043083995866,0.1174634640123157,0.1862649992618992,0.0028996815622429,0.0105442965899744
202403,18264100000000,0.0,0.1350846743064262,0.0017739718902108,0.0126094359973937,0.850531917805969,0.3277139306070378,0.3970302396504618,0.1385942915336644,0.118319544899557,0.0150568601792587,0.00328513313002
202404,19721500000000,0.0,0.1143675683898283,0.0010141216438911,0.0105468650964683,0.8740714448698121,0.118368278274979,0.6484090966711457,0.0894708820322997,0.1260046142534797,0.0167330071242045,0.0010141216438911
202405,19826000000000,0.0,0.1252547160294562,0.0005043881771411,0.0141077373146373,0.8601331584787653,0.2326490467063452,0.5464844144053264,0.0777716130333905,0.1337637445778271,0.0060526581256935,0.0032785231514173
202406,18367250000000,0.0,0.1305366889436361,0.0007077815132913,0.0198750493405381,0.8488804802025344,0.3778301052144442,0.3796975595148974,0.1014577576937211,0.1099810804557024,0.0209612217397814,0.0100722753814534
202407,21570000000000,0.0,0.114394993045897,0.0010199350950394,0.0226240148354195,0.8619610570236439,0.2240843764487714,0.5631200741770979,0.0665275846082522,0.122160407974038,0.0231803430690774,0.000927213722763
202408,20414700000000,0.0,0.1054632201305921,0.000979686206508,0.0118395078056498,0.8817175858572499,0.2187149456029233,0.5707651839115931,0.0552396067539567,0.142544343046922,0.0127359206846047,0.0
202409,20111800000000,0.0,0.1415586869400053,0.0007458308057956,0.0148370608299605,0.8428584214242385,0.2901729333028371,0.4080191728239143,0.1119690927714078,0.1617458407502063,0.0171541085332988,0.0109388518183355
202410,22366400000000,0.0,0.1090922097431862,0.0008941984405179,0.0059643035982545,0.8840492882180413,0.1632806352385721,0.5696267615709278,0.109355998283139,0.1447707275198512,0.0062593890836254,0.0067064883038843
202411,25273000000000,0.0,0.0847940489850829,0.0007122225299726,0.0069243857080678,0.9075693427768764,0.3054049776441261,0.4403909310331183,0.095536738812171,0.1369049974280853,0.0055395085664543,0.0162228465160447
202412,15855200000000,0.0,0.1287905545183914,0.0014127857106816,0.0097002876028053,0.8600963721681215,0.1843180786114334,0.5740072657550835,0.0775644583480498,0.1392603057671931,0.0204349361723598,0.0044149553458802
202501,22938500000000,0.0,0.1098415327942106,0.0013950345489025,0.0186803845063975,0.8700830481504893,0.1346644287987444,0.5489460949931338,0.1459336922640974,0.1656603526821718,0.0047954312618523,0.0
202502,20445200000000,0.0,0.1136208009703989,0.0002445561794455,0.0139152466104513,0.8722193962397042,0.133527673977266,0.5610705691311408,0.0896053841488466,0.1974546592843307,0.0154070393050691,0.0029346741533465
202503,18193736000000,0.0,0.1104555985642531,0.0005496397221549,0.0058591594381714,0.8831356022754205,0.2730684890667865,0.4396897921350513,0.1002542853210577,0.1595054473693583,0.0230848683305067,0.0043971177772393
202504,24885400000000,0.0,0.1564129971790688,0.0012055261317881,0.0046010914029913,0.8377803852861517,0.200318258898792,0.5587211778793991,0.0804648508764175,0.1494450561373335,0.0110506562080577,0.0
202505,21771700000000,0.0,0.1341328421758521,0.0002296559294864,0.0041338067307559,0.8615036951639055,0.2347083599351451,0.5313043997482971,0.0472310384581819,0.1686133834289467,0.018142818429429,0.0
202506,21686100000000,0.0,0.1276393634632322,0.000461124868003,0.0071243792106464,0.8647751324581183,0.2359852624492186,0.3472731380930642,0.1527476125259959,0.2038171916573289,0.0343538026662239,0.0258229926081683
202507,24094500000000,0.0,0.1414430679200647,0.0008300649525825,0.0102513021643943,0.8474755649629584,0.1896283384174811,0.5555209695158646,0.092988026313059,0.1487891427504202,0.0105833281454273,0.0024901948577476
202508,22697100000000,0.0,0.1254785853699371,0.0007930528569729,0.0065867445620806,0.8671416172110094,0.1919628498795,0.5358878447026272,0.121909847513559,0.1242449475924237,0.025113340470809,0.000881169841081
202509,25183000000000,0.0,0.1052019219314617,0.0001508954453401,0.0121311996187904,0.8825159830044077,0.4256641385061351,0.3749751816701743,0.083369733550411,0.1030457054362069,0.0069888416789103,0.0059563991581622
202510,21483500000000,0.0,0.1037074964507645,0.0004654735029208,0.0068191868177903,0.8890078432285242,0.163939767728722,0.5735099029487747,0.104522075080876,0.1266087927944701,0.0197826238741359,0.0116368375730211
202511,27510800000000,0.0,0.0719717347369033,0.003271442488041,0.0075243177224944,0.9172325050525612,0.3147854660715065,0.4207365834508629,0.1396905942393532,0.1135190543350248,0.0054524041467351,0.0058158977565174
202512,22066500000000,0.0,0.0745473908413205,0.0081571613078648,0.0065483878277026,0.910747060023112,0.3860603176761153,0.3622006208506106,0.1155597851947522,0.1044569823034917,0.03172229397503,0.0
202601,23736800000000,1.0,0.0,0.0,0.0,0.0,0.1417840652488962,0.1633792255063867,0.6139496478042533,0.0530821340703043,0.0235920595868019,0.0042128677833574
202602,24521800000000,0.9998776598781492,0.0,0.00012234012185076136,0.0,0.0,0.2021874413786916,0.25405149703529106,0.45216909036041397,0.08017355985286562,0.011418411372737728,0.0
