플랜번호,발행인,종목코드,종목명,PF여부,발행일,만기일,기초자산,통화,환율,발행금액,원화환산발행금액,잔존일물,한국신용평가,한국기업평가,NICE신용평가,서울신용평가,실질자금조달자,신용보강 유형,신용보강기관 유형,신용보강기관
69929,글로벌솔루션제구차,KRZF324681G2,글로벌솔루션제구차 20260220-25-1,N,20260220,20260317,수익증권,KRW,,10000000000,10000000000,5,,A1,A1,,메리츠자산운용,외부 신용보강,금융기관,신한투자증권(주)
69929,글로벌솔루션제구차,KRZF324682G2,글로벌솔루션제구차 20260220-25-2,N,20260220,20260317,수익증권,KRW,,10000000000,10000000000,5,,A1,A1,,메리츠자산운용,외부 신용보강,금융기관,신한투자증권(주)
69929,글로벌솔루션제구차,KRZF324683G2,글로벌솔루션제구차 20260220-25-3,N,20260220,20260317,수익증권,KRW,,10000000000,10000000000,5,,A1,A1,,메리츠자산운용,외부 신용보강,금융기관,신한투자증권(주)
69929,글로벌솔루션제구차,KRZF324684G2,글로벌솔루션제구차 20260220-25-4,N,20260220,20260317,수익증권,KRW,,8100000000,8100000000,5,,A1,A1,,메리츠자산운용,외부 신용보강,금융기관,신한투자증권(주)
73786,디비엠비피제십차,KRZF0112VQG2,디비엠비피제십차 20260220-181-24,N,20260220,20260820,매출채권,KRW,,5000000000,5000000000,161,,A1,A1,,한화솔루션,자체 신용보강,자체 신용보강,한화솔루션
73786,디비엠비피제십차,KRZF0112VRG2,디비엠비피제십차 20260220-181-25,N,20260220,20260820,매출채권,KRW,,5000000000,5000000000,161,,A1,A1,,한화솔루션,자체 신용보강,자체 신용보강,한화솔루션
73786,디비엠비피제십차,KRZF0112VSG2,디비엠비피제십차 20260220-181-26,N,20260220,20260820,매출채권,KRW,,5000000000,5000000000,161,,A1,A1,,한화솔루션,자체 신용보강,자체 신용보강,한화솔루션
73786,디비엠비피제십차,KRZF0112VTG2,디비엠비피제십차 20260220-181-27,N,20260220,20260820,매출채권,KRW,,5000000000,5000000000,161,,A1,A1,,한화솔루션,자체 신용보강,자체 신용보강,한화솔루션
73786,디비엠비피제십차,KRZF0112VVG2,디비엠비피제십차 20260220-181-28,N,20260220,20260820,매출채권,KRW,,5000000000,5000000000,161,,A1,A1,,한화솔루션,자체 신용보강,자체 신용보강,한화솔루션
73786,디비엠비피제십차,KRZF0112VWG2,디비엠비피제십차 20260220-181-29,N,20260220,20260820,매출채권,KRW,,5000000000,5000000000,161,,A1,A1,,한화솔루션,자체 신용보강,자체 신용보강,한화솔루션
73786,디비엠비피제십차,KRZF0112VXG2,디비엠비피제십차 20260220-181-30,N,20260220,20260820,매출채권,KRW,,1900000000,1900000000,161,,A1,A1,,한화솔루션,자체 신용보강,자체 신용보강,한화솔루션
73819,엠에스포항제일차,KRZFA86871G2,엠에스포항제일차 20260220-364-1,Y,20260220,20270219,PF대출채권,KRW,,10000000000,10000000000,344,,A2,,,미르도시개발 주식회사,외부 신용보강,일반기업,에이치디씨현대산업개발
73819,엠에스포항제일차,KRZFA8687AG2,엠에스포항제일차 20260220-364-10,Y,20260220,20270219,PF대출채권,KRW,,1500000000,1500000000,344,,A2,,,미르도시개발 주식회사,외부 신용보강,일반기업,에이치디씨현대산업개발
73819,엠에스포항제일차,KRZFA8687BG2,엠에스포항제일차 20260220-364-11,Y,20260220,20270219,PF대출채권,KRW,,300000000,300000000,344,,A2,,,미르도시개발 주식회사,외부 신용보강,일반기업,에이치디씨현대산업개발
73819,엠에스포항제일차,KRZFA8687CG2,엠에스포항제일차 20260220-364-12,Y,20260220,20270219,PF대출채권,KRW,,300000000,300000000,344,,A2,,,미르도시개발 주식회사,외부 신용보강,일반기업,에이치디씨현대산업개발
73819,엠에스포항제일차,KRZFA8687DG2,엠에스포항제일차 20260220-364-13,Y,20260220,20270219,PF대출채권,KRW,,2000000000,2000000000,344,,A2,,,미르도시개발 주식회사,외부 신용보강,일반기업,에이치디씨현대산업개발
73819,엠에스포항제일차,KRZFA8687EG2,엠에스포항제일차 20260220-364-14,Y,20260220,20270219,PF대출채권,KRW,,2000000000,2000000000,344,,A2,,,미르도시개발 주식회사,외부 신용보강,일반기업,에이치디씨현대산업개발
73819,엠에스포항제일차,KRZFA8687FG2,엠에스포항제일차 20260220-364-15,Y,20260220,20270219,PF대출채권,KRW,,2000000000,2000000000,344,,A2,,,미르도시개발 주식회사,외부 신용보강,일반기업,에이치디씨현대산업개발
73819,엠에스포항제일차,KRZFA8687GG2,엠에스포항제일차 20260220-364-16,Y,20260220,20270219,PF대출채권,KRW,,200000000,200000000,344,,A2,,,미르도시개발 주식회사,외부 신용보강,일반기업,에이치디씨현대산업개발
73819,엠에스포항제일차,KRZFA8687HG2,엠에스포항제일차 20260220-364-17,Y,20260220,20270219,PF대출채권,KRW,,1000000000,1000000000,344,,A2,,,미르도시개발 주식회사,외부 신용보강,일반기업,에이치디씨현대산업개발
73819,엠에스포항제일차,KRZFA8687JG2,엠에스포항제일차 20260220-364-18,Y,20260220,20270219,PF대출채권,KRW,,1000000000,1000000000,344,,A2,,,미르도시개발 주식회사,외부 신용보강,일반기업,에이치디씨현대산업개발
73819,엠에스포항제일차,KRZFA8687KG2,엠에스포항제일차 20260220-364-19,Y,20260220,20270219,PF대출채권,KRW,,5000000000,5000000000,344,,A2,,,미르도시개발 주식회사,외부 신용보강,일반기업,에이치디씨현대산업개발
73819,엠에스포항제일차,KRZFA86872G2,엠에스포항제일차 20260220-364-2,Y,20260220,20270219,PF대출채권,KRW,,10000000000,10000000000,344,,A2,,,미르도시개발 주식회사,외부 신용보강,일반기업,에이치디씨현대산업개발
73819,엠에스포항제일차,KRZFA8687LG2,엠에스포항제일차 20260220-364-20,Y,20260220,20270219,PF대출채권,KRW,,5000000000,5000000000,344,,A2,,,미르도시개발 주식회사,외부 신용보강,일반기업,에이치디씨현대산업개발
73819,엠에스포항제일차,KRZFA8687MG2,엠에스포항제일차 20260220-364-21,Y,20260220,20270219,PF대출채권,KRW,,2000000000,2000000000,344,,A2,,,미르도시개발 주식회사,외부 신용보강,일반기업,에이치디씨현대산업개발
73819,엠에스포항제일차,KRZFA8687NG2,엠에스포항제일차 20260220-364-22,Y,20260220,20270219,PF대출채권,KRW,,2000000000,2000000000,344,,A2,,,미르도시개발 주식회사,외부 신용보강,일반기업,에이치디씨현대산업개발
73819,엠에스포항제일차,KRZFA8687PG2,엠에스포항제일차 20260220-364-23,Y,20260220,20270219,PF대출채권,KRW,,2000000000,2000000000,344,,A2,,,미르도시개발 주식회사,외부 신용보강,일반기업,에이치디씨현대산업개발
73819,엠에스포항제일차,KRZFA8687QG2,엠에스포항제일차 20260220-364-24,Y,20260220,20270219,PF대출채권,KRW,,2000000000,2000000000,344,,A2,,,미르도시개발 주식회사,외부 신용보강,일반기업,에이치디씨현대산업개발
73819,엠에스포항제일차,KRZFA8687RG2,엠에스포항제일차 20260220-364-25,Y,20260220,20270219,PF대출채권,KRW,,2000000000,2000000000,344,,A2,,,미르도시개발 주식회사,외부 신용보강,일반기업,에이치디씨현대산업개발
73819,엠에스포항제일차,KRZFA8687SG2,엠에스포항제일차 20260220-364-26,Y,20260220,20270219,PF대출채권,KRW,,2000000000,2000000000,344,,A2,,,미르도시개발 주식회사,외부 신용보강,일반기업,에이치디씨현대산업개발
73819,엠에스포항제일차,KRZFA8687TG2,엠에스포항제일차 20260220-364-27,Y,20260220,20270219,PF대출채권,KRW,,2000000000,2000000000,344,,A2,,,미르도시개발 주식회사,외부 신용보강,일반기업,에이치디씨현대산업개발
73819,엠에스포항제일차,KRZFA8687VG2,엠에스포항제일차 20260220-364-28,Y,20260220,20270219,PF대출채권,KRW,,2000000000,2000000000,344,,A2,,,미르도시개발 주식회사,외부 신용보강,일반기업,에이치디씨현대산업개발
73819,엠에스포항제일차,KRZFA8687WG2,엠에스포항제일차 20260220-364-29,Y,20260220,20270219,PF대출채권,KRW,,2000000000,2000000000,344,,A2,,,미르도시개발 주식회사,외부 신용보강,일반기업,에이치디씨현대산업개발
73819,엠에스포항제일차,KRZFA86873G2,엠에스포항제일차 20260220-364-3,Y,20260220,20270219,PF대출채권,KRW,,6500000000,6500000000,344,,A2,,,미르도시개발 주식회사,외부 신용보강,일반기업,에이치디씨현대산업개발
73819,엠에스포항제일차,KRZFA8687XG2,엠에스포항제일차 20260220-364-30,Y,20260220,20270219,PF대출채권,KRW,,2000000000,2000000000,344,,A2,,,미르도시개발 주식회사,외부 신용보강,일반기업,에이치디씨현대산업개발
73819,엠에스포항제일차,KRZFA8687YG2,엠에스포항제일차 20260220-364-31,Y,20260220,20270219,PF대출채권,KRW,,2000000000,2000000000,344,,A2,,,미르도시개발 주식회사,외부 신용보강,일반기업,에이치디씨현대산업개발
73819,엠에스포항제일차,KRZFA8687ZG2,엠에스포항제일차 20260220-364-32,Y,20260220,20270219,PF대출채권,KRW,,2000000000,2000000000,344,,A2,,,미르도시개발 주식회사,외부 신용보강,일반기업,에이치디씨현대산업개발
73819,엠에스포항제일차,KRZFA86870GE,엠에스포항제일차 20260220-364-33,Y,20260220,20270219,PF대출채권,KRW,,2000000000,2000000000,344,,A2,,,미르도시개발 주식회사,외부 신용보강,일반기업,에이치디씨현대산업개발
73819,엠에스포항제일차,KRZFA86871GE,엠에스포항제일차 20260220-364-34,Y,20260220,20270219,PF대출채권,KRW,,2000000000,2000000000,344,,A2,,,미르도시개발 주식회사,외부 신용보강,일반기업,에이치디씨현대산업개발
73819,엠에스포항제일차,KRZFA86872GE,엠에스포항제일차 20260220-364-35,Y,20260220,20270219,PF대출채권,KRW,,1000000000,1000000000,344,,A2,,,미르도시개발 주식회사,외부 신용보강,일반기업,에이치디씨현대산업개발
73819,엠에스포항제일차,KRZFA86873GE,엠에스포항제일차 20260220-364-36,Y,20260220,20270219,PF대출채권,KRW,,1000000000,1000000000,344,,A2,,,미르도시개발 주식회사,외부 신용보강,일반기업,에이치디씨현대산업개발
73819,엠에스포항제일차,KRZFA86874GE,엠에스포항제일차 20260220-364-37,Y,20260220,20270219,PF대출채권,KRW,,1000000000,1000000000,344,,A2,,,미르도시개발 주식회사,외부 신용보강,일반기업,에이치디씨현대산업개발
73819,엠에스포항제일차,KRZFA86875GE,엠에스포항제일차 20260220-364-38,Y,20260220,20270219,PF대출채권,KRW,,1000000000,1000000000,344,,A2,,,미르도시개발 주식회사,외부 신용보강,일반기업,에이치디씨현대산업개발
73819,엠에스포항제일차,KRZFA86876GE,엠에스포항제일차 20260220-364-39,Y,20260220,20270219,PF대출채권,KRW,,1000000000,1000000000,344,,A2,,,미르도시개발 주식회사,외부 신용보강,일반기업,에이치디씨현대산업개발
73819,엠에스포항제일차,KRZFA86874G2,엠에스포항제일차 20260220-364-4,Y,20260220,20270219,PF대출채권,KRW,,4000000000,4000000000,344,,A2,,,미르도시개발 주식회사,외부 신용보강,일반기업,에이치디씨현대산업개발
73819,엠에스포항제일차,KRZFA86877GE,엠에스포항제일차 20260220-364-40,Y,20260220,20270219,PF대출채권,KRW,,1000000000,1000000000,344,,A2,,,미르도시개발 주식회사,외부 신용보강,일반기업,에이치디씨현대산업개발
73819,엠에스포항제일차,KRZFA86878GE,엠에스포항제일차 20260220-364-41,Y,20260220,20270219,PF대출채권,KRW,,1000000000,1000000000,344,,A2,,,미르도시개발 주식회사,외부 신용보강,일반기업,에이치디씨현대산업개발
73819,엠에스포항제일차,KRZFA86879GE,엠에스포항제일차 20260220-364-42,Y,20260220,20270219,PF대출채권,KRW,,1000000000,1000000000,344,,A2,,,미르도시개발 주식회사,외부 신용보강,일반기업,에이치디씨현대산업개발
73819,엠에스포항제일차,KRZFA8687AGE,엠에스포항제일차 20260220-364-43,Y,20260220,20270219,PF대출채권,KRW,,1000000000,1000000000,344,,A2,,,미르도시개발 주식회사,외부 신용보강,일반기업,에이치디씨현대산업개발
73819,엠에스포항제일차,KRZFA8687BGE,엠에스포항제일차 20260220-364-44,Y,20260220,20270219,PF대출채권,KRW,,1000000000,1000000000,344,,A2,,,미르도시개발 주식회사,외부 신용보강,일반기업,에이치디씨현대산업개발
73819,엠에스포항제일차,KRZFA8687CGE,엠에스포항제일차 20260220-364-45,Y,20260220,20270219,PF대출채권,KRW,,1000000000,1000000000,344,,A2,,,미르도시개발 주식회사,외부 신용보강,일반기업,에이치디씨현대산업개발
73819,엠에스포항제일차,KRZFA8687DGE,엠에스포항제일차 20260220-364-46,Y,20260220,20270219,PF대출채권,KRW,,1000000000,1000000000,344,,A2,,,미르도시개발 주식회사,외부 신용보강,일반기업,에이치디씨현대산업개발
73819,엠에스포항제일차,KRZFA8687EGE,엠에스포항제일차 20260220-364-47,Y,20260220,20270219,PF대출채권,KRW,,1000000000,1000000000,344,,A2,,,미르도시개발 주식회사,외부 신용보강,일반기업,에이치디씨현대산업개발
73819,엠에스포항제일차,KRZFA8687FGE,엠에스포항제일차 20260220-364-48,Y,20260220,20270219,PF대출채권,KRW,,1000000000,1000000000,344,,A2,,,미르도시개발 주식회사,외부 신용보강,일반기업,에이치디씨현대산업개발
73819,엠에스포항제일차,KRZFA8687GGE,엠에스포항제일차 20260220-364-49,Y,20260220,20270219,PF대출채권,KRW,,1200000000,1200000000,344,,A2,,,미르도시개발 주식회사,외부 신용보강,일반기업,에이치디씨현대산업개발
73819,엠에스포항제일차,KRZFA86875G2,엠에스포항제일차 20260220-364-5,Y,20260220,20270219,PF대출채권,KRW,,4000000000,4000000000,344,,A2,,,미르도시개발 주식회사,외부 신용보강,일반기업,에이치디씨현대산업개발
73819,엠에스포항제일차,KRZFA86876G2,엠에스포항제일차 20260220-364-6,Y,20260220,20270219,PF대출채권,KRW,,2400000000,2400000000,344,,A2,,,미르도시개발 주식회사,외부 신용보강,일반기업,에이치디씨현대산업개발
73819,엠에스포항제일차,KRZFA86877G2,엠에스포항제일차 20260220-364-7,Y,20260220,20270219,PF대출채권,KRW,,2000000000,2000000000,344,,A2,,,미르도시개발 주식회사,외부 신용보강,일반기업,에이치디씨현대산업개발
73819,엠에스포항제일차,KRZFA86878G2,엠에스포항제일차 20260220-364-8,Y,20260220,20270219,PF대출채권,KRW,,2000000000,2000000000,344,,A2,,,미르도시개발 주식회사,외부 신용보강,일반기업,에이치디씨현대산업개발
73819,엠에스포항제일차,KRZFA86879G2,엠에스포항제일차 20260220-364-9,Y,20260220,20270219,PF대출채권,KRW,,2000000000,2000000000,344,,A2,,,미르도시개발 주식회사,외부 신용보강,일반기업,에이치디씨현대산업개발
72638,위비스마일에이피제일차,KRZF0121N1G2,위비스마일에이피제일차 20260220-89-1,N,20260220,20260520,대출채권,KRW,,5000000000,5000000000,69,A1,,A1,,이지스제424호전문투자형사모부동산투자회사,외부 신용보강,금융기관,(주)우리투자증권
72638,위비스마일에이피제일차,KRZF0121NAG2,위비스마일에이피제일차 20260220-89-10,N,20260220,20260520,대출채권,KRW,,2000000000,2000000000,69,A1,,A1,,이지스제424호전문투자형사모부동산투자회사,외부 신용보강,금융기관,(주)우리투자증권
72638,위비스마일에이피제일차,KRZF0121NBG2,위비스마일에이피제일차 20260220-89-11,N,20260220,20260520,대출채권,KRW,,2000000000,2000000000,69,A1,,A1,,이지스제424호전문투자형사모부동산투자회사,외부 신용보강,금융기관,(주)우리투자증권
72638,위비스마일에이피제일차,KRZF0121NCG2,위비스마일에이피제일차 20260220-89-12,N,20260220,20260520,대출채권,KRW,,2000000000,2000000000,69,A1,,A1,,이지스제424호전문투자형사모부동산투자회사,외부 신용보강,금융기관,(주)우리투자증권
72638,위비스마일에이피제일차,KRZF0121NDG2,위비스마일에이피제일차 20260220-89-13,N,20260220,20260520,대출채권,KRW,,2000000000,2000000000,69,A1,,A1,,이지스제424호전문투자형사모부동산투자회사,외부 신용보강,금융기관,(주)우리투자증권
72638,위비스마일에이피제일차,KRZF0121N2G2,위비스마일에이피제일차 20260220-89-2,N,20260220,20260520,대출채권,KRW,,5000000000,5000000000,69,A1,,A1,,이지스제424호전문투자형사모부동산투자회사,외부 신용보강,금융기관,(주)우리투자증권
72638,위비스마일에이피제일차,KRZF0121N3G2,위비스마일에이피제일차 20260220-89-3,N,20260220,20260520,대출채권,KRW,,5000000000,5000000000,69,A1,,A1,,이지스제424호전문투자형사모부동산투자회사,외부 신용보강,금융기관,(주)우리투자증권
72638,위비스마일에이피제일차,KRZF0121N4G2,위비스마일에이피제일차 20260220-89-4,N,20260220,20260520,대출채권,KRW,,5000000000,5000000000,69,A1,,A1,,이지스제424호전문투자형사모부동산투자회사,외부 신용보강,금융기관,(주)우리투자증권
72638,위비스마일에이피제일차,KRZF0121N5G2,위비스마일에이피제일차 20260220-89-5,N,20260220,20260520,대출채권,KRW,,5000000000,5000000000,69,A1,,A1,,이지스제424호전문투자형사모부동산투자회사,외부 신용보강,금융기관,(주)우리투자증권
72638,위비스마일에이피제일차,KRZF0121N6G2,위비스마일에이피제일차 20260220-89-6,N,20260220,20260520,대출채권,KRW,,5000000000,5000000000,69,A1,,A1,,이지스제424호전문투자형사모부동산투자회사,외부 신용보강,금융기관,(주)우리투자증권
72638,위비스마일에이피제일차,KRZF0121N7G2,위비스마일에이피제일차 20260220-89-7,N,20260220,20260520,대출채권,KRW,,5000000000,5000000000,69,A1,,A1,,이지스제424호전문투자형사모부동산투자회사,외부 신용보강,금융기관,(주)우리투자증권
72638,위비스마일에이피제일차,KRZF0121N8G2,위비스마일에이피제일차 20260220-89-8,N,20260220,20260520,대출채권,KRW,,4950000000,4950000000,69,A1,,A1,,이지스제424호전문투자형사모부동산투자회사,외부 신용보강,금융기관,(주)우리투자증권
72638,위비스마일에이피제일차,KRZF0121N9G2,위비스마일에이피제일차 20260220-89-9,N,20260220,20260520,대출채권,KRW,,2000000000,2000000000,69,A1,,A1,,이지스제424호전문투자형사모부동산투자회사,외부 신용보강,금융기관,(주)우리투자증권
73825,제일글로리제4차,KRZF0153C1G2,제일글로리제4차 20260220-307-1,,20260220,20261224,,KRW,,5000000000,5000000000,287,,A1,A1,,,,,
73825,제일글로리제4차,KRZF0153C2G2,제일글로리제4차 20260220-307-2,,20260220,20261224,,KRW,,5000000000,5000000000,287,,A1,A1,,,,,
73825,제일글로리제4차,KRZF0153C3G2,제일글로리제4차 20260220-307-3,,20260220,20261224,,KRW,,5000000000,5000000000,287,,A1,A1,,,,,
73825,제일글로리제4차,KRZF0153C4G2,제일글로리제4차 20260220-307-4,,20260220,20261224,,KRW,,5000000000,5000000000,287,,A1,A1,,,,,
73825,제일글로리제4차,KRZF0153C5G2,제일글로리제4차 20260220-307-5,,20260220,20261224,,KRW,,5000000000,5000000000,287,,A1,A1,,,,,
73825,제일글로리제4차,KRZF0153C6G2,제일글로리제4차 20260220-307-6,,20260220,20261224,,KRW,,5000000000,5000000000,287,,A1,A1,,,,,
73825,제일글로리제4차,KRZF0153C7G2,제일글로리제4차 20260220-307-7,,20260220,20261224,,KRW,,5000000000,5000000000,287,,A1,A1,,,,,
73825,제일글로리제4차,KRZF0153C8G2,제일글로리제4차 20260220-307-8,,20260220,20261224,,KRW,,5000000000,5000000000,287,,A1,A1,,,,,
73825,제일글로리제4차,KRZF0153C9G2,제일글로리제4차 20260220-307-9,,20260220,20261224,,KRW,,5000000000,5000000000,287,,A1,A1,,,,,
73816,케이비리브에이치제일차,KRZF349241G2,케이비리브에이치제일차 20260220-89-1,N,20260220,20260520,대출채권,KRW,,5000000000,5000000000,69,A1,A1,,,한화에너지,차환발행위험(유동성 공여형 매입약정),금융기관,국민은행
73816,케이비리브에이치제일차,KRZF349242G2,케이비리브에이치제일차 20260220-89-2,N,20260220,20260520,대출채권,KRW,,5000000000,5000000000,69,A1,A1,,,한화에너지,차환발행위험(유동성 공여형 매입약정),금융기관,국민은행
73816,케이비리브에이치제일차,KRZF349243G2,케이비리브에이치제일차 20260220-89-3,N,20260220,20260520,대출채권,KRW,,5000000000,5000000000,69,A1,A1,,,한화에너지,차환발행위험(유동성 공여형 매입약정),금융기관,국민은행
73816,케이비리브에이치제일차,KRZF349244G2,케이비리브에이치제일차 20260220-89-4,N,20260220,20260520,대출채권,KRW,,5000000000,5000000000,69,A1,A1,,,한화에너지,차환발행위험(유동성 공여형 매입약정),금융기관,국민은행
73816,케이비리브에이치제일차,KRZF349245G2,케이비리브에이치제일차 20260220-89-5,N,20260220,20260520,대출채권,KRW,,5000000000,5000000000,69,A1,A1,,,한화에너지,차환발행위험(유동성 공여형 매입약정),금융기관,국민은행
73816,케이비리브에이치제일차,KRZF349246G2,케이비리브에이치제일차 20260220-89-6,N,20260220,20260520,대출채권,KRW,,5000000000,5000000000,69,A1,A1,,,한화에너지,차환발행위험(유동성 공여형 매입약정),금융기관,국민은행
72627,케이비시그니쳐제일차,KRZF0136G1G2,케이비시그니쳐제일차 20260220-89-1,N,20260220,20260520,대출채권,KRW,,5000000000,5000000000,69,A1,A1,,,하나은행수탁영업부,차환발행위험(유동성 공여형 매입약정),금융기관,국민은행
72627,케이비시그니쳐제일차,KRZF0136GAG2,케이비시그니쳐제일차 20260220-89-10,N,20260220,20260520,대출채권,KRW,,5000000000,5000000000,69,A1,A1,,,하나은행수탁영업부,차환발행위험(유동성 공여형 매입약정),금융기관,국민은행
72627,케이비시그니쳐제일차,KRZF0136GBG2,케이비시그니쳐제일차 20260220-89-11,N,20260220,20260520,대출채권,KRW,,5000000000,5000000000,69,A1,A1,,,하나은행수탁영업부,차환발행위험(유동성 공여형 매입약정),금융기관,국민은행
72627,케이비시그니쳐제일차,KRZF0136GCG2,케이비시그니쳐제일차 20260220-89-12,N,20260220,20260520,대출채권,KRW,,5000000000,5000000000,69,A1,A1,,,하나은행수탁영업부,차환발행위험(유동성 공여형 매입약정),금융기관,국민은행
72627,케이비시그니쳐제일차,KRZF0136GDG2,케이비시그니쳐제일차 20260220-89-13,N,20260220,20260520,대출채권,KRW,,5000000000,5000000000,69,A1,A1,,,하나은행수탁영업부,차환발행위험(유동성 공여형 매입약정),금융기관,국민은행
72627,케이비시그니쳐제일차,KRZF0136GEG2,케이비시그니쳐제일차 20260220-89-14,N,20260220,20260520,대출채권,KRW,,5000000000,5000000000,69,A1,A1,,,하나은행수탁영업부,차환발행위험(유동성 공여형 매입약정),금융기관,국민은행
72627,케이비시그니쳐제일차,KRZF0136GFG2,케이비시그니쳐제일차 20260220-89-15,N,20260220,20260520,대출채권,KRW,,5000000000,5000000000,69,A1,A1,,,하나은행수탁영업부,차환발행위험(유동성 공여형 매입약정),금융기관,국민은행
72627,케이비시그니쳐제일차,KRZF0136GGG2,케이비시그니쳐제일차 20260220-89-16,N,20260220,20260520,대출채권,KRW,,5000000000,5000000000,69,A1,A1,,,하나은행수탁영업부,차환발행위험(유동성 공여형 매입약정),금융기관,국민은행
72627,케이비시그니쳐제일차,KRZF0136GHG2,케이비시그니쳐제일차 20260220-89-17,N,20260220,20260520,대출채권,KRW,,5000000000,5000000000,69,A1,A1,,,하나은행수탁영업부,차환발행위험(유동성 공여형 매입약정),금융기관,국민은행
72627,케이비시그니쳐제일차,KRZF0136GJG2,케이비시그니쳐제일차 20260220-89-18,N,20260220,20260520,대출채권,KRW,,5000000000,5000000000,69,A1,A1,,,하나은행수탁영업부,차환발행위험(유동성 공여형 매입약정),금융기관,국민은행
72627,케이비시그니쳐제일차,KRZF0136GKG2,케이비시그니쳐제일차 20260220-89-19,N,20260220,20260520,대출채권,KRW,,5000000000,5000000000,69,A1,A1,,,하나은행수탁영업부,차환발행위험(유동성 공여형 매입약정),금융기관,국민은행
72627,케이비시그니쳐제일차,KRZF0136G2G2,케이비시그니쳐제일차 20260220-89-2,N,20260220,20260520,대출채권,KRW,,5000000000,5000000000,69,A1,A1,,,하나은행수탁영업부,차환발행위험(유동성 공여형 매입약정),금융기관,국민은행
72627,케이비시그니쳐제일차,KRZF0136GLG2,케이비시그니쳐제일차 20260220-89-20,N,20260220,20260520,대출채권,KRW,,5000000000,5000000000,69,A1,A1,,,하나은행수탁영업부,차환발행위험(유동성 공여형 매입약정),금융기관,국민은행
72627,케이비시그니쳐제일차,KRZF0136G3G2,케이비시그니쳐제일차 20260220-89-3,N,20260220,20260520,대출채권,KRW,,5000000000,5000000000,69,A1,A1,,,하나은행수탁영업부,차환발행위험(유동성 공여형 매입약정),금융기관,국민은행
72627,케이비시그니쳐제일차,KRZF0136G4G2,케이비시그니쳐제일차 20260220-89-4,N,20260220,20260520,대출채권,KRW,,5000000000,5000000000,69,A1,A1,,,하나은행수탁영업부,차환발행위험(유동성 공여형 매입약정),금융기관,국민은행
72627,케이비시그니쳐제일차,KRZF0136G5G2,케이비시그니쳐제일차 20260220-89-5,N,20260220,20260520,대출채권,KRW,,5000000000,5000000000,69,A1,A1,,,하나은행수탁영업부,차환발행위험(유동성 공여형 매입약정),금융기관,국민은행
72627,케이비시그니쳐제일차,KRZF0136G6G2,케이비시그니쳐제일차 20260220-89-6,N,20260220,20260520,대출채권,KRW,,5000000000,5000000000,69,A1,A1,,,하나은행수탁영업부,차환발행위험(유동성 공여형 매입약정),금융기관,국민은행
72627,케이비시그니쳐제일차,KRZF0136G7G2,케이비시그니쳐제일차 20260220-89-7,N,20260220,20260520,대출채권,KRW,,5000000000,5000000000,69,A1,A1,,,하나은행수탁영업부,차환발행위험(유동성 공여형 매입약정),금융기관,국민은행
72627,케이비시그니쳐제일차,KRZF0136G8G2,케이비시그니쳐제일차 20260220-89-8,N,20260220,20260520,대출채권,KRW,,5000000000,5000000000,69,A1,A1,,,하나은행수탁영업부,차환발행위험(유동성 공여형 매입약정),금융기관,국민은행
72627,케이비시그니쳐제일차,KRZF0136G9G2,케이비시그니쳐제일차 20260220-89-9,N,20260220,20260520,대출채권,KRW,,5000000000,5000000000,69,A1,A1,,,하나은행수탁영업부,차환발행위험(유동성 공여형 매입약정),금융기관,국민은행
63901,케이비케미칼제일차,KRZF372191G2,케이비케미칼제일차 20260220-89-1,N,20260220,20260520,대출채권,KRW,,5000000000,5000000000,69,A1,A1,,,에이치디현대케미칼(주),외부 신용보강,금융기관,국민은행
63901,케이비케미칼제일차,KRZF37219AG2,케이비케미칼제일차 20260220-89-10,N,20260220,20260520,대출채권,KRW,,5000000000,5000000000,69,A1,A1,,,에이치디현대케미칼(주),외부 신용보강,금융기관,국민은행
63901,케이비케미칼제일차,KRZF372192G2,케이비케미칼제일차 20260220-89-2,N,20260220,20260520,대출채권,KRW,,5000000000,5000000000,69,A1,A1,,,에이치디현대케미칼(주),외부 신용보강,금융기관,국민은행
63901,케이비케미칼제일차,KRZF372193G2,케이비케미칼제일차 20260220-89-3,N,20260220,20260520,대출채권,KRW,,5000000000,5000000000,69,A1,A1,,,에이치디현대케미칼(주),외부 신용보강,금융기관,국민은행
63901,케이비케미칼제일차,KRZF372194G2,케이비케미칼제일차 20260220-89-4,N,20260220,20260520,대출채권,KRW,,5000000000,5000000000,69,A1,A1,,,에이치디현대케미칼(주),외부 신용보강,금융기관,국민은행
63901,케이비케미칼제일차,KRZF372195G2,케이비케미칼제일차 20260220-89-5,N,20260220,20260520,대출채권,KRW,,5000000000,5000000000,69,A1,A1,,,에이치디현대케미칼(주),외부 신용보강,금융기관,국민은행
63901,케이비케미칼제일차,KRZF372196G2,케이비케미칼제일차 20260220-89-6,N,20260220,20260520,대출채권,KRW,,5000000000,5000000000,69,A1,A1,,,에이치디현대케미칼(주),외부 신용보강,금융기관,국민은행
63901,케이비케미칼제일차,KRZF372197G2,케이비케미칼제일차 20260220-89-7,N,20260220,20260520,대출채권,KRW,,5000000000,5000000000,69,A1,A1,,,에이치디현대케미칼(주),외부 신용보강,금융기관,국민은행
63901,케이비케미칼제일차,KRZF372198G2,케이비케미칼제일차 20260220-89-8,N,20260220,20260520,대출채권,KRW,,5000000000,5000000000,69,A1,A1,,,에이치디현대케미칼(주),외부 신용보강,금융기관,국민은행
63901,케이비케미칼제일차,KRZF372199G2,케이비케미칼제일차 20260220-89-9,N,20260220,20260520,대출채권,KRW,,5000000000,5000000000,69,A1,A1,,,에이치디현대케미칼(주),외부 신용보강,금융기관,국민은행
73785,디비엠비피제십차,KRZF0112VGG2,디비엠비피제십차 20260219-180-16,N,20260219,20260818,매출채권,KRW,,5000000000,5000000000,159,,A1,A1,,한화솔루션,자체 신용보강,자체 신용보강,한화솔루션
73785,디비엠비피제십차,KRZF0112VHG2,디비엠비피제십차 20260219-180-17,N,20260219,20260818,매출채권,KRW,,5000000000,5000000000,159,,A1,A1,,한화솔루션,자체 신용보강,자체 신용보강,한화솔루션
73785,디비엠비피제십차,KRZF0112VJG2,디비엠비피제십차 20260219-180-18,N,20260219,20260818,매출채권,KRW,,5000000000,5000000000,159,,A1,A1,,한화솔루션,자체 신용보강,자체 신용보강,한화솔루션
73785,디비엠비피제십차,KRZF0112VKG2,디비엠비피제십차 20260219-180-19,N,20260219,20260818,매출채권,KRW,,5000000000,5000000000,159,,A1,A1,,한화솔루션,자체 신용보강,자체 신용보강,한화솔루션
73785,디비엠비피제십차,KRZF0112VLG2,디비엠비피제십차 20260219-180-20,N,20260219,20260818,매출채권,KRW,,5000000000,5000000000,159,,A1,A1,,한화솔루션,자체 신용보강,자체 신용보강,한화솔루션
73785,디비엠비피제십차,KRZF0112VMG2,디비엠비피제십차 20260219-180-21,N,20260219,20260818,매출채권,KRW,,5000000000,5000000000,159,,A1,A1,,한화솔루션,자체 신용보강,자체 신용보강,한화솔루션
73785,디비엠비피제십차,KRZF0112VNG2,디비엠비피제십차 20260219-180-22,N,20260219,20260818,매출채권,KRW,,5000000000,5000000000,159,,A1,A1,,한화솔루션,자체 신용보강,자체 신용보강,한화솔루션
73785,디비엠비피제십차,KRZF0112VPG2,디비엠비피제십차 20260219-180-23,N,20260219,20260818,매출채권,KRW,,4200000000,4200000000,159,,A1,A1,,한화솔루션,자체 신용보강,자체 신용보강,한화솔루션
65025,리치게이트방배,KRZFA78801G2,리치게이트방배 20260219-25-1,Y,20260219,20260316,PF대출채권,KRW,,395265464,395265464,4,A1,,A1,,방배삼호아파트12동 13동가로주택정비사업조합,차환발행위험(유동성 공여형 매입약정),금융기관,신한은행
61857,리치게이트에스케이,KRZFA59121G2,리치게이트에스케이 20260219-88-1,N,20260219,20260518,대출채권,KRW,,5000000000,5000000000,67,A1,A1,,,엠디프라임제이차(주),외부 신용보강,금융기관,신한은행
61857,리치게이트에스케이,KRZFA5912AG2,리치게이트에스케이 20260219-88-10,N,20260219,20260518,대출채권,KRW,,2000000000,2000000000,67,A1,A1,,,엠디프라임제이차(주),외부 신용보강,금융기관,신한은행
61857,리치게이트에스케이,KRZFA5912BG2,리치게이트에스케이 20260219-88-11,N,20260219,20260518,대출채권,KRW,,2000000000,2000000000,67,A1,A1,,,엠디프라임제이차(주),외부 신용보강,금융기관,신한은행
61857,리치게이트에스케이,KRZFA5912CG2,리치게이트에스케이 20260219-88-12,N,20260219,20260518,대출채권,KRW,,1000000000,1000000000,67,A1,A1,,,엠디프라임제이차(주),외부 신용보강,금융기관,신한은행
61857,리치게이트에스케이,KRZFA5912DG2,리치게이트에스케이 20260219-88-13,N,20260219,20260518,대출채권,KRW,,1000000000,1000000000,67,A1,A1,,,엠디프라임제이차(주),외부 신용보강,금융기관,신한은행
61857,리치게이트에스케이,KRZFA5912EG2,리치게이트에스케이 20260219-88-14,N,20260219,20260518,대출채권,KRW,,1000000000,1000000000,67,A1,A1,,,엠디프라임제이차(주),외부 신용보강,금융기관,신한은행
61857,리치게이트에스케이,KRZFA5912FG2,리치게이트에스케이 20260219-88-15,N,20260219,20260518,대출채권,KRW,,1000000000,1000000000,67,A1,A1,,,엠디프라임제이차(주),외부 신용보강,금융기관,신한은행
61857,리치게이트에스케이,KRZFA5912GG2,리치게이트에스케이 20260219-88-16,N,20260219,20260518,대출채권,KRW,,1000000000,1000000000,67,A1,A1,,,엠디프라임제이차(주),외부 신용보강,금융기관,신한은행
61857,리치게이트에스케이,KRZFA59122G2,리치게이트에스케이 20260219-88-2,N,20260219,20260518,대출채권,KRW,,5000000000,5000000000,67,A1,A1,,,엠디프라임제이차(주),외부 신용보강,금융기관,신한은행
61857,리치게이트에스케이,KRZFA59123G2,리치게이트에스케이 20260219-88-3,N,20260219,20260518,대출채권,KRW,,8000000000,8000000000,67,A1,A1,,,엠디프라임제이차(주),외부 신용보강,금융기관,신한은행
61857,리치게이트에스케이,KRZFA59124G2,리치게이트에스케이 20260219-88-4,N,20260219,20260518,대출채권,KRW,,5000000000,5000000000,67,A1,A1,,,엠디프라임제이차(주),외부 신용보강,금융기관,신한은행
61857,리치게이트에스케이,KRZFA59125G2,리치게이트에스케이 20260219-88-5,N,20260219,20260518,대출채권,KRW,,5000000000,5000000000,67,A1,A1,,,엠디프라임제이차(주),외부 신용보강,금융기관,신한은행
61857,리치게이트에스케이,KRZFA59126G2,리치게이트에스케이 20260219-88-6,N,20260219,20260518,대출채권,KRW,,5000000000,5000000000,67,A1,A1,,,엠디프라임제이차(주),외부 신용보강,금융기관,신한은행
61857,리치게이트에스케이,KRZFA59127G2,리치게이트에스케이 20260219-88-7,N,20260219,20260518,대출채권,KRW,,3000000000,3000000000,67,A1,A1,,,엠디프라임제이차(주),외부 신용보강,금융기관,신한은행
61857,리치게이트에스케이,KRZFA59128G2,리치게이트에스케이 20260219-88-8,N,20260219,20260518,대출채권,KRW,,3000000000,3000000000,67,A1,A1,,,엠디프라임제이차(주),외부 신용보강,금융기관,신한은행
61857,리치게이트에스케이,KRZFA59129G2,리치게이트에스케이 20260219-88-9,N,20260219,20260518,대출채권,KRW,,2000000000,2000000000,67,A1,A1,,,엠디프라임제이차(주),외부 신용보강,금융기관,신한은행
49096,베스트디지비제삼차,KRZF355911G2,베스트디지비제삼차 20260219-85-1,N,20260219,20260515,대출채권,KRW,,5000000000,5000000000,64,A1,A1,,,경북대학교병원,차환발행위험(유동성 공여형 매입약정),금융기관,(주)아이엠뱅크
49096,베스트디지비제삼차,KRZF355912G2,베스트디지비제삼차 20260219-85-2,N,20260219,20260515,대출채권,KRW,,5000000000,5000000000,64,A1,A1,,,경북대학교병원,차환발행위험(유동성 공여형 매입약정),금융기관,(주)아이엠뱅크
49096,베스트디지비제삼차,KRZF355913G2,베스트디지비제삼차 20260219-85-3,N,20260219,20260515,대출채권,KRW,,5000000000,5000000000,64,A1,A1,,,경북대학교병원,차환발행위험(유동성 공여형 매입약정),금융기관,(주)아이엠뱅크
49096,베스트디지비제삼차,KRZF355914G2,베스트디지비제삼차 20260219-85-4,N,20260219,20260515,대출채권,KRW,,2390000000,2390000000,64,A1,A1,,,경북대학교병원,차환발행위험(유동성 공여형 매입약정),금융기관,(주)아이엠뱅크
73788,비케이우리제사차,KRZF0165W1G2,비케이우리제사차 20260219-146-1,,20260219,20260715,,KRW,,5000000000,5000000000,125,A1,,A1,,,,,
73788,비케이우리제사차,KRZF0165WAG2,비케이우리제사차 20260219-146-10,,20260219,20260715,,KRW,,5000000000,5000000000,125,A1,,A1,,,,,
73788,비케이우리제사차,KRZF0165WBG2,비케이우리제사차 20260219-146-11,,20260219,20260715,,KRW,,5000000000,5000000000,125,A1,,A1,,,,,
73788,비케이우리제사차,KRZF0165WCG2,비케이우리제사차 20260219-146-12,,20260219,20260715,,KRW,,5000000000,5000000000,125,A1,,A1,,,,,
73788,비케이우리제사차,KRZF0165WDG2,비케이우리제사차 20260219-146-13,,20260219,20260715,,KRW,,5000000000,5000000000,125,A1,,A1,,,,,
73788,비케이우리제사차,KRZF0165WEG2,비케이우리제사차 20260219-146-14,,20260219,20260715,,KRW,,5000000000,5000000000,125,A1,,A1,,,,,
73788,비케이우리제사차,KRZF0165WFG2,비케이우리제사차 20260219-146-15,,20260219,20260715,,KRW,,5000000000,5000000000,125,A1,,A1,,,,,
73788,비케이우리제사차,KRZF0165WGG2,비케이우리제사차 20260219-146-16,,20260219,20260715,,KRW,,5000000000,5000000000,125,A1,,A1,,,,,
73788,비케이우리제사차,KRZF0165WHG2,비케이우리제사차 20260219-146-17,,20260219,20260715,,KRW,,5000000000,5000000000,125,A1,,A1,,,,,
73788,비케이우리제사차,KRZF0165WJG2,비케이우리제사차 20260219-146-18,,20260219,20260715,,KRW,,5000000000,5000000000,125,A1,,A1,,,,,
73788,비케이우리제사차,KRZF0165WKG2,비케이우리제사차 20260219-146-19,,20260219,20260715,,KRW,,5000000000,5000000000,125,A1,,A1,,,,,
73788,비케이우리제사차,KRZF0165W2G2,비케이우리제사차 20260219-146-2,,20260219,20260715,,KRW,,5000000000,5000000000,125,A1,,A1,,,,,
73788,비케이우리제사차,KRZF0165WLG2,비케이우리제사차 20260219-146-20,,20260219,20260715,,KRW,,5000000000,5000000000,125,A1,,A1,,,,,
73788,비케이우리제사차,KRZF0165WMG2,비케이우리제사차 20260219-146-21,,20260219,20260715,,KRW,,5000000000,5000000000,125,A1,,A1,,,,,
73788,비케이우리제사차,KRZF0165WNG2,비케이우리제사차 20260219-146-22,,20260219,20260715,,KRW,,5000000000,5000000000,125,A1,,A1,,,,,
73788,비케이우리제사차,KRZF0165WPG2,비케이우리제사차 20260219-146-23,,20260219,20260715,,KRW,,5000000000,5000000000,125,A1,,A1,,,,,
73788,비케이우리제사차,KRZF0165WQG2,비케이우리제사차 20260219-146-24,,20260219,20260715,,KRW,,5000000000,5000000000,125,A1,,A1,,,,,
73788,비케이우리제사차,KRZF0165WRG2,비케이우리제사차 20260219-146-25,,20260219,20260715,,KRW,,5000000000,5000000000,125,A1,,A1,,,,,
73788,비케이우리제사차,KRZF0165WSG2,비케이우리제사차 20260219-146-26,,20260219,20260715,,KRW,,5000000000,5000000000,125,A1,,A1,,,,,
73788,비케이우리제사차,KRZF0165WTG2,비케이우리제사차 20260219-146-27,,20260219,20260715,,KRW,,5000000000,5000000000,125,A1,,A1,,,,,
73788,비케이우리제사차,KRZF0165WVG2,비케이우리제사차 20260219-146-28,,20260219,20260715,,KRW,,5000000000,5000000000,125,A1,,A1,,,,,
73788,비케이우리제사차,KRZF0165WWG2,비케이우리제사차 20260219-146-29,,20260219,20260715,,KRW,,5000000000,5000000000,125,A1,,A1,,,,,
73788,비케이우리제사차,KRZF0165W3G2,비케이우리제사차 20260219-146-3,,20260219,20260715,,KRW,,5000000000,5000000000,125,A1,,A1,,,,,
73788,비케이우리제사차,KRZF0165WXG2,비케이우리제사차 20260219-146-30,,20260219,20260715,,KRW,,5000000000,5000000000,125,A1,,A1,,,,,
73788,비케이우리제사차,KRZF0165W4G2,비케이우리제사차 20260219-146-4,,20260219,20260715,,KRW,,5000000000,5000000000,125,A1,,A1,,,,,
73788,비케이우리제사차,KRZF0165W5G2,비케이우리제사차 20260219-146-5,,20260219,20260715,,KRW,,5000000000,5000000000,125,A1,,A1,,,,,
73788,비케이우리제사차,KRZF0165W6G2,비케이우리제사차 20260219-146-6,,20260219,20260715,,KRW,,5000000000,5000000000,125,A1,,A1,,,,,
73788,비케이우리제사차,KRZF0165W7G2,비케이우리제사차 20260219-146-7,,20260219,20260715,,KRW,,5000000000,5000000000,125,A1,,A1,,,,,
73788,비케이우리제사차,KRZF0165W8G2,비케이우리제사차 20260219-146-8,,20260219,20260715,,KRW,,5000000000,5000000000,125,A1,,A1,,,,,
73788,비케이우리제사차,KRZF0165W9G2,비케이우리제사차 20260219-146-9,,20260219,20260715,,KRW,,5000000000,5000000000,125,A1,,A1,,,,,
73788,비케이우리제사차,KRZF0165WYG2,비케이우리제사차 20260219-176-31,,20260219,20260814,,KRW,,5000000000,5000000000,155,A1,,A1,,,,,
73788,비케이우리제사차,KRZF0165WZG2,비케이우리제사차 20260219-176-32,,20260219,20260814,,KRW,,5000000000,5000000000,155,A1,,A1,,,,,
73788,비케이우리제사차,KRZF0165W0GE,비케이우리제사차 20260219-176-33,,20260219,20260814,,KRW,,5000000000,5000000000,155,A1,,A1,,,,,
73788,비케이우리제사차,KRZF0165W1GE,비케이우리제사차 20260219-176-34,,20260219,20260814,,KRW,,5000000000,5000000000,155,A1,,A1,,,,,
73788,비케이우리제사차,KRZF0165W2GE,비케이우리제사차 20260219-176-35,,20260219,20260814,,KRW,,5000000000,5000000000,155,A1,,A1,,,,,
73788,비케이우리제사차,KRZF0165W3GE,비케이우리제사차 20260219-176-36,,20260219,20260814,,KRW,,5000000000,5000000000,155,A1,,A1,,,,,
73788,비케이우리제사차,KRZF0165W4GE,비케이우리제사차 20260219-176-37,,20260219,20260814,,KRW,,5000000000,5000000000,155,A1,,A1,,,,,
73788,비케이우리제사차,KRZF0165W5GE,비케이우리제사차 20260219-176-38,,20260219,20260814,,KRW,,5000000000,5000000000,155,A1,,A1,,,,,
73788,비케이우리제사차,KRZF0165W6GE,비케이우리제사차 20260219-176-39,,20260219,20260814,,KRW,,5000000000,5000000000,155,A1,,A1,,,,,
73788,비케이우리제사차,KRZF0165W7GE,비케이우리제사차 20260219-176-40,,20260219,20260814,,KRW,,5000000000,5000000000,155,A1,,A1,,,,,
73788,비케이우리제사차,KRZF0165W8GE,비케이우리제사차 20260219-176-41,,20260219,20260814,,KRW,,5000000000,5000000000,155,A1,,A1,,,,,
73788,비케이우리제사차,KRZF0165W9GE,비케이우리제사차 20260219-176-42,,20260219,20260814,,KRW,,5000000000,5000000000,155,A1,,A1,,,,,
73788,비케이우리제사차,KRZF0165WAGE,비케이우리제사차 20260219-176-43,,20260219,20260814,,KRW,,5000000000,5000000000,155,A1,,A1,,,,,
73788,비케이우리제사차,KRZF0165WBGE,비케이우리제사차 20260219-176-44,,20260219,20260814,,KRW,,5000000000,5000000000,155,A1,,A1,,,,,
73788,비케이우리제사차,KRZF0165WCGE,비케이우리제사차 20260219-176-45,,20260219,20260814,,KRW,,5000000000,5000000000,155,A1,,A1,,,,,
73788,비케이우리제사차,KRZF0165WDGE,비케이우리제사차 20260219-176-46,,20260219,20260814,,KRW,,5000000000,5000000000,155,A1,,A1,,,,,
73788,비케이우리제사차,KRZF0165WEGE,비케이우리제사차 20260219-176-47,,20260219,20260814,,KRW,,5000000000,5000000000,155,A1,,A1,,,,,
73788,비케이우리제사차,KRZF0165WFGE,비케이우리제사차 20260219-176-48,,20260219,20260814,,KRW,,5000000000,5000000000,155,A1,,A1,,,,,
73788,비케이우리제사차,KRZF0165WGGE,비케이우리제사차 20260219-323-49,,20260219,20270108,,KRW,,270000000,270000000,302,A1,,A1,,,,,
66010,성수동제일차,KRZFA82711G2,성수동제일차 20260219-60-1,Y,20260219,20260420,PF대출채권,KRW,,5000000000,5000000000,39,,A1,A1,,신한은행,외부 신용보강,공공기관,중소기업은행
66010,성수동제일차,KRZFA8271AG2,성수동제일차 20260219-60-10,Y,20260219,20260420,PF대출채권,KRW,,5000000000,5000000000,39,,A1,A1,,신한은행,외부 신용보강,공공기관,중소기업은행
66010,성수동제일차,KRZFA8271BG2,성수동제일차 20260219-60-11,Y,20260219,20260420,PF대출채권,KRW,,5000000000,5000000000,39,,A1,A1,,신한은행,외부 신용보강,공공기관,중소기업은행
66010,성수동제일차,KRZFA8271CG2,성수동제일차 20260219-60-12,Y,20260219,20260420,PF대출채권,KRW,,5000000000,5000000000,39,,A1,A1,,신한은행,외부 신용보강,공공기관,중소기업은행
66010,성수동제일차,KRZFA8271DG2,성수동제일차 20260219-60-13,Y,20260219,20260420,PF대출채권,KRW,,5000000000,5000000000,39,,A1,A1,,신한은행,외부 신용보강,공공기관,중소기업은행
66010,성수동제일차,KRZFA8271EG2,성수동제일차 20260219-60-14,Y,20260219,20260420,PF대출채권,KRW,,5000000000,5000000000,39,,A1,A1,,신한은행,외부 신용보강,공공기관,중소기업은행
66010,성수동제일차,KRZFA8271FG2,성수동제일차 20260219-60-15,Y,20260219,20260420,PF대출채권,KRW,,5000000000,5000000000,39,,A1,A1,,신한은행,외부 신용보강,공공기관,중소기업은행
66010,성수동제일차,KRZFA8271GG2,성수동제일차 20260219-60-16,Y,20260219,20260420,PF대출채권,KRW,,5000000000,5000000000,39,,A1,A1,,신한은행,외부 신용보강,공공기관,중소기업은행
66010,성수동제일차,KRZFA8271HG2,성수동제일차 20260219-60-17,Y,20260219,20260420,PF대출채권,KRW,,3900000000,3900000000,39,,A1,A1,,신한은행,외부 신용보강,공공기관,중소기업은행
66010,성수동제일차,KRZFA82712G2,성수동제일차 20260219-60-2,Y,20260219,20260420,PF대출채권,KRW,,5000000000,5000000000,39,,A1,A1,,신한은행,외부 신용보강,공공기관,중소기업은행
66010,성수동제일차,KRZFA82713G2,성수동제일차 20260219-60-3,Y,20260219,20260420,PF대출채권,KRW,,5000000000,5000000000,39,,A1,A1,,신한은행,외부 신용보강,공공기관,중소기업은행
66010,성수동제일차,KRZFA82714G2,성수동제일차 20260219-60-4,Y,20260219,20260420,PF대출채권,KRW,,5000000000,5000000000,39,,A1,A1,,신한은행,외부 신용보강,공공기관,중소기업은행
66010,성수동제일차,KRZFA82715G2,성수동제일차 20260219-60-5,Y,20260219,20260420,PF대출채권,KRW,,5000000000,5000000000,39,,A1,A1,,신한은행,외부 신용보강,공공기관,중소기업은행
66010,성수동제일차,KRZFA82716G2,성수동제일차 20260219-60-6,Y,20260219,20260420,PF대출채권,KRW,,5000000000,5000000000,39,,A1,A1,,신한은행,외부 신용보강,공공기관,중소기업은행
66010,성수동제일차,KRZFA82717G2,성수동제일차 20260219-60-7,Y,20260219,20260420,PF대출채권,KRW,,5000000000,5000000000,39,,A1,A1,,신한은행,외부 신용보강,공공기관,중소기업은행
66010,성수동제일차,KRZFA82718G2,성수동제일차 20260219-60-8,Y,20260219,20260420,PF대출채권,KRW,,5000000000,5000000000,39,,A1,A1,,신한은행,외부 신용보강,공공기관,중소기업은행
66010,성수동제일차,KRZFA82719G2,성수동제일차 20260219-60-9,Y,20260219,20260420,PF대출채권,KRW,,5000000000,5000000000,39,,A1,A1,,신한은행,외부 신용보강,공공기관,중소기업은행
62376,슈프림제이십사차유동화전문,KRZFA62921G2,슈프림제이십사차유동화전문 20260219-85-1,N,20260219,20260515,매출채권,KRW,,10000000000,10000000000,64,A1,,A1,,롯데카드,차환발행위험(유동성 공여형 매입약정),금융기관,국민은행
62376,슈프림제이십사차유동화전문,KRZFA6292AG2,슈프림제이십사차유동화전문 20260219-85-10,N,20260219,20260515,매출채권,KRW,,5000000000,5000000000,64,A1,,A1,,롯데카드,차환발행위험(유동성 공여형 매입약정),금융기관,국민은행
62376,슈프림제이십사차유동화전문,KRZFA6292BG2,슈프림제이십사차유동화전문 20260219-85-11,N,20260219,20260515,매출채권,KRW,,5000000000,5000000000,64,A1,,A1,,롯데카드,차환발행위험(유동성 공여형 매입약정),금융기관,국민은행
62376,슈프림제이십사차유동화전문,KRZFA6292CG2,슈프림제이십사차유동화전문 20260219-85-12,N,20260219,20260515,매출채권,KRW,,5000000000,5000000000,64,A1,,A1,,롯데카드,차환발행위험(유동성 공여형 매입약정),금융기관,국민은행
62376,슈프림제이십사차유동화전문,KRZFA6292DG2,슈프림제이십사차유동화전문 20260219-85-13,N,20260219,20260515,매출채권,KRW,,5000000000,5000000000,64,A1,,A1,,롯데카드,차환발행위험(유동성 공여형 매입약정),금융기관,국민은행
62376,슈프림제이십사차유동화전문,KRZFA6292EG2,슈프림제이십사차유동화전문 20260219-85-14,N,20260219,20260515,매출채권,KRW,,5000000000,5000000000,64,A1,,A1,,롯데카드,차환발행위험(유동성 공여형 매입약정),금융기관,국민은행
62376,슈프림제이십사차유동화전문,KRZFA6292FG2,슈프림제이십사차유동화전문 20260219-85-15,N,20260219,20260515,매출채권,KRW,,5000000000,5000000000,64,A1,,A1,,롯데카드,차환발행위험(유동성 공여형 매입약정),금융기관,국민은행
62376,슈프림제이십사차유동화전문,KRZFA6292GG2,슈프림제이십사차유동화전문 20260219-85-16,N,20260219,20260515,매출채권,KRW,,5000000000,5000000000,64,A1,,A1,,롯데카드,차환발행위험(유동성 공여형 매입약정),금융기관,국민은행
62376,슈프림제이십사차유동화전문,KRZFA62922G2,슈프림제이십사차유동화전문 20260219-85-2,N,20260219,20260515,매출채권,KRW,,10000000000,10000000000,64,A1,,A1,,롯데카드,차환발행위험(유동성 공여형 매입약정),금융기관,국민은행
62376,슈프림제이십사차유동화전문,KRZFA62923G2,슈프림제이십사차유동화전문 20260219-85-3,N,20260219,20260515,매출채권,KRW,,10000000000,10000000000,64,A1,,A1,,롯데카드,차환발행위험(유동성 공여형 매입약정),금융기관,국민은행
62376,슈프림제이십사차유동화전문,KRZFA62924G2,슈프림제이십사차유동화전문 20260219-85-4,N,20260219,20260515,매출채권,KRW,,10000000000,10000000000,64,A1,,A1,,롯데카드,차환발행위험(유동성 공여형 매입약정),금융기관,국민은행
62376,슈프림제이십사차유동화전문,KRZFA62925G2,슈프림제이십사차유동화전문 20260219-85-5,N,20260219,20260515,매출채권,KRW,,5000000000,5000000000,64,A1,,A1,,롯데카드,차환발행위험(유동성 공여형 매입약정),금융기관,국민은행
62376,슈프림제이십사차유동화전문,KRZFA62926G2,슈프림제이십사차유동화전문 20260219-85-6,N,20260219,20260515,매출채권,KRW,,5000000000,5000000000,64,A1,,A1,,롯데카드,차환발행위험(유동성 공여형 매입약정),금융기관,국민은행
62376,슈프림제이십사차유동화전문,KRZFA62927G2,슈프림제이십사차유동화전문 20260219-85-7,N,20260219,20260515,매출채권,KRW,,5000000000,5000000000,64,A1,,A1,,롯데카드,차환발행위험(유동성 공여형 매입약정),금융기관,국민은행
62376,슈프림제이십사차유동화전문,KRZFA62928G2,슈프림제이십사차유동화전문 20260219-85-8,N,20260219,20260515,매출채권,KRW,,5000000000,5000000000,64,A1,,A1,,롯데카드,차환발행위험(유동성 공여형 매입약정),금융기관,국민은행
62376,슈프림제이십사차유동화전문,KRZFA62929G2,슈프림제이십사차유동화전문 20260219-85-9,N,20260219,20260515,매출채권,KRW,,5000000000,5000000000,64,A1,,A1,,롯데카드,차환발행위험(유동성 공여형 매입약정),금융기관,국민은행
61862,아이비케이엠디프라임제이차,KRZFA58741G2,아이비케이엠디프라임제이차 20260219-88-1,N,20260219,20260518,대출채권,KRW,,5000000000,5000000000,67,A1,A1,,,엠디프라임제이차(주),차환발행위험(유동성 공여형 매입약정),금융기관,중소기업은행
61862,아이비케이엠디프라임제이차,KRZFA5874AG2,아이비케이엠디프라임제이차 20260219-88-10,N,20260219,20260518,대출채권,KRW,,5000000000,5000000000,67,A1,A1,,,엠디프라임제이차(주),차환발행위험(유동성 공여형 매입약정),금융기관,중소기업은행
61862,아이비케이엠디프라임제이차,KRZFA5874BG2,아이비케이엠디프라임제이차 20260219-88-11,N,20260219,20260518,대출채권,KRW,,5000000000,5000000000,67,A1,A1,,,엠디프라임제이차(주),차환발행위험(유동성 공여형 매입약정),금융기관,중소기업은행
61862,아이비케이엠디프라임제이차,KRZFA5874CG2,아이비케이엠디프라임제이차 20260219-88-12,N,20260219,20260518,대출채권,KRW,,5000000000,5000000000,67,A1,A1,,,엠디프라임제이차(주),차환발행위험(유동성 공여형 매입약정),금융기관,중소기업은행
61862,아이비케이엠디프라임제이차,KRZFA5874DG2,아이비케이엠디프라임제이차 20260219-88-13,N,20260219,20260518,대출채권,KRW,,5000000000,5000000000,67,A1,A1,,,엠디프라임제이차(주),차환발행위험(유동성 공여형 매입약정),금융기관,중소기업은행
61862,아이비케이엠디프라임제이차,KRZFA5874EG2,아이비케이엠디프라임제이차 20260219-88-14,N,20260219,20260518,대출채권,KRW,,5000000000,5000000000,67,A1,A1,,,엠디프라임제이차(주),차환발행위험(유동성 공여형 매입약정),금융기관,중소기업은행
61862,아이비케이엠디프라임제이차,KRZFA5874FG2,아이비케이엠디프라임제이차 20260219-88-15,N,20260219,20260518,대출채권,KRW,,5000000000,5000000000,67,A1,A1,,,엠디프라임제이차(주),차환발행위험(유동성 공여형 매입약정),금융기관,중소기업은행
61862,아이비케이엠디프라임제이차,KRZFA5874GG2,아이비케이엠디프라임제이차 20260219-88-16,N,20260219,20260518,대출채권,KRW,,5000000000,5000000000,67,A1,A1,,,엠디프라임제이차(주),차환발행위험(유동성 공여형 매입약정),금융기관,중소기업은행
61862,아이비케이엠디프라임제이차,KRZFA5874HG2,아이비케이엠디프라임제이차 20260219-88-17,N,20260219,20260518,대출채권,KRW,,5000000000,5000000000,67,A1,A1,,,엠디프라임제이차(주),차환발행위험(유동성 공여형 매입약정),금융기관,중소기업은행
61862,아이비케이엠디프라임제이차,KRZFA5874JG2,아이비케이엠디프라임제이차 20260219-88-18,N,20260219,20260518,대출채권,KRW,,5000000000,5000000000,67,A1,A1,,,엠디프라임제이차(주),차환발행위험(유동성 공여형 매입약정),금융기관,중소기업은행
61862,아이비케이엠디프라임제이차,KRZFA5874KG2,아이비케이엠디프라임제이차 20260219-88-19,N,20260219,20260518,대출채권,KRW,,5000000000,5000000000,67,A1,A1,,,엠디프라임제이차(주),차환발행위험(유동성 공여형 매입약정),금융기관,중소기업은행
61862,아이비케이엠디프라임제이차,KRZFA58742G2,아이비케이엠디프라임제이차 20260219-88-2,N,20260219,20260518,대출채권,KRW,,5000000000,5000000000,67,A1,A1,,,엠디프라임제이차(주),차환발행위험(유동성 공여형 매입약정),금융기관,중소기업은행
61862,아이비케이엠디프라임제이차,KRZFA5874LG2,아이비케이엠디프라임제이차 20260219-88-20,N,20260219,20260518,대출채권,KRW,,5000000000,5000000000,67,A1,A1,,,엠디프라임제이차(주),차환발행위험(유동성 공여형 매입약정),금융기관,중소기업은행
61862,아이비케이엠디프라임제이차,KRZFA58743G2,아이비케이엠디프라임제이차 20260219-88-3,N,20260219,20260518,대출채권,KRW,,5000000000,5000000000,67,A1,A1,,,엠디프라임제이차(주),차환발행위험(유동성 공여형 매입약정),금융기관,중소기업은행
61862,아이비케이엠디프라임제이차,KRZFA58744G2,아이비케이엠디프라임제이차 20260219-88-4,N,20260219,20260518,대출채권,KRW,,5000000000,5000000000,67,A1,A1,,,엠디프라임제이차(주),차환발행위험(유동성 공여형 매입약정),금융기관,중소기업은행
61862,아이비케이엠디프라임제이차,KRZFA58745G2,아이비케이엠디프라임제이차 20260219-88-5,N,20260219,20260518,대출채권,KRW,,5000000000,5000000000,67,A1,A1,,,엠디프라임제이차(주),차환발행위험(유동성 공여형 매입약정),금융기관,중소기업은행
61862,아이비케이엠디프라임제이차,KRZFA58746G2,아이비케이엠디프라임제이차 20260219-88-6,N,20260219,20260518,대출채권,KRW,,5000000000,5000000000,67,A1,A1,,,엠디프라임제이차(주),차환발행위험(유동성 공여형 매입약정),금융기관,중소기업은행
61862,아이비케이엠디프라임제이차,KRZFA58747G2,아이비케이엠디프라임제이차 20260219-88-7,N,20260219,20260518,대출채권,KRW,,5000000000,5000000000,67,A1,A1,,,엠디프라임제이차(주),차환발행위험(유동성 공여형 매입약정),금융기관,중소기업은행
61862,아이비케이엠디프라임제이차,KRZFA58748G2,아이비케이엠디프라임제이차 20260219-88-8,N,20260219,20260518,대출채권,KRW,,5000000000,5000000000,67,A1,A1,,,엠디프라임제이차(주),차환발행위험(유동성 공여형 매입약정),금융기관,중소기업은행
61862,아이비케이엠디프라임제이차,KRZFA58749G2,아이비케이엠디프라임제이차 20260219-88-9,N,20260219,20260518,대출채권,KRW,,5000000000,5000000000,67,A1,A1,,,엠디프라임제이차(주),차환발행위험(유동성 공여형 매입약정),금융기관,중소기업은행
71319,에스프로젝트에스인,KRZF0089A1G2,에스프로젝트에스인 20260219-88-1,N,20260219,20260518,주식,KRW,,5000000000,5000000000,67,,A1,A1,,SK이노베이션,차환발행위험(유동성 공여형 매입약정),금융기관,신한은행
71319,에스프로젝트에스인,KRZF0089AAG2,에스프로젝트에스인 20260219-88-10,N,20260219,20260518,주식,KRW,,5000000000,5000000000,67,,A1,A1,,SK이노베이션,차환발행위험(유동성 공여형 매입약정),금융기관,신한은행
71319,에스프로젝트에스인,KRZF0089ABG2,에스프로젝트에스인 20260219-88-11,N,20260219,20260518,주식,KRW,,5000000000,5000000000,67,,A1,A1,,SK이노베이션,차환발행위험(유동성 공여형 매입약정),금융기관,신한은행
71319,에스프로젝트에스인,KRZF0089ACG2,에스프로젝트에스인 20260219-88-12,N,20260219,20260518,주식,KRW,,5000000000,5000000000,67,,A1,A1,,SK이노베이션,차환발행위험(유동성 공여형 매입약정),금융기관,신한은행
71319,에스프로젝트에스인,KRZF0089ADG2,에스프로젝트에스인 20260219-88-13,N,20260219,20260518,주식,KRW,,5000000000,5000000000,67,,A1,A1,,SK이노베이션,차환발행위험(유동성 공여형 매입약정),금융기관,신한은행
71319,에스프로젝트에스인,KRZF0089AEG2,에스프로젝트에스인 20260219-88-14,N,20260219,20260518,주식,KRW,,5000000000,5000000000,67,,A1,A1,,SK이노베이션,차환발행위험(유동성 공여형 매입약정),금융기관,신한은행
71319,에스프로젝트에스인,KRZF0089AFG2,에스프로젝트에스인 20260219-88-15,N,20260219,20260518,주식,KRW,,5000000000,5000000000,67,,A1,A1,,SK이노베이션,차환발행위험(유동성 공여형 매입약정),금융기관,신한은행
71319,에스프로젝트에스인,KRZF0089AGG2,에스프로젝트에스인 20260219-88-16,N,20260219,20260518,주식,KRW,,5000000000,5000000000,67,,A1,A1,,SK이노베이션,차환발행위험(유동성 공여형 매입약정),금융기관,신한은행
71319,에스프로젝트에스인,KRZF0089AHG2,에스프로젝트에스인 20260219-88-17,N,20260219,20260518,주식,KRW,,5000000000,5000000000,67,,A1,A1,,SK이노베이션,차환발행위험(유동성 공여형 매입약정),금융기관,신한은행
71319,에스프로젝트에스인,KRZF0089AJG2,에스프로젝트에스인 20260219-88-18,N,20260219,20260518,주식,KRW,,5000000000,5000000000,67,,A1,A1,,SK이노베이션,차환발행위험(유동성 공여형 매입약정),금융기관,신한은행
71319,에스프로젝트에스인,KRZF0089AKG2,에스프로젝트에스인 20260219-88-19,N,20260219,20260518,주식,KRW,,5000000000,5000000000,67,,A1,A1,,SK이노베이션,차환발행위험(유동성 공여형 매입약정),금융기관,신한은행
71319,에스프로젝트에스인,KRZF0089A2G2,에스프로젝트에스인 20260219-88-2,N,20260219,20260518,주식,KRW,,5000000000,5000000000,67,,A1,A1,,SK이노베이션,차환발행위험(유동성 공여형 매입약정),금융기관,신한은행
71319,에스프로젝트에스인,KRZF0089ALG2,에스프로젝트에스인 20260219-88-20,N,20260219,20260518,주식,KRW,,5000000000,5000000000,67,,A1,A1,,SK이노베이션,차환발행위험(유동성 공여형 매입약정),금융기관,신한은행
71319,에스프로젝트에스인,KRZF0089A3G2,에스프로젝트에스인 20260219-88-3,N,20260219,20260518,주식,KRW,,5000000000,5000000000,67,,A1,A1,,SK이노베이션,차환발행위험(유동성 공여형 매입약정),금융기관,신한은행
71319,에스프로젝트에스인,KRZF0089A4G2,에스프로젝트에스인 20260219-88-4,N,20260219,20260518,주식,KRW,,5000000000,5000000000,67,,A1,A1,,SK이노베이션,차환발행위험(유동성 공여형 매입약정),금융기관,신한은행
71319,에스프로젝트에스인,KRZF0089A5G2,에스프로젝트에스인 20260219-88-5,N,20260219,20260518,주식,KRW,,5000000000,5000000000,67,,A1,A1,,SK이노베이션,차환발행위험(유동성 공여형 매입약정),금융기관,신한은행
71319,에스프로젝트에스인,KRZF0089A6G2,에스프로젝트에스인 20260219-88-6,N,20260219,20260518,주식,KRW,,5000000000,5000000000,67,,A1,A1,,SK이노베이션,차환발행위험(유동성 공여형 매입약정),금융기관,신한은행
71319,에스프로젝트에스인,KRZF0089A7G2,에스프로젝트에스인 20260219-88-7,N,20260219,20260518,주식,KRW,,5000000000,5000000000,67,,A1,A1,,SK이노베이션,차환발행위험(유동성 공여형 매입약정),금융기관,신한은행
71319,에스프로젝트에스인,KRZF0089A8G2,에스프로젝트에스인 20260219-88-8,N,20260219,20260518,주식,KRW,,5000000000,5000000000,67,,A1,A1,,SK이노베이션,차환발행위험(유동성 공여형 매입약정),금융기관,신한은행
71319,에스프로젝트에스인,KRZF0089A9G2,에스프로젝트에스인 20260219-88-9,N,20260219,20260518,주식,KRW,,5000000000,5000000000,67,,A1,A1,,SK이노베이션,차환발행위험(유동성 공여형 매입약정),금융기관,신한은행
61849,엔에이치에스케이홀딩스,KRZFA58721G2,엔에이치에스케이홀딩스 20260219-88-1,N,20260219,20260518,대출채권,KRW,,10000000000,10000000000,67,A1,A1,,,엠디프라임제일차(주),차환발행위험(유동성 공여형 매입약정),금융기관,농협은행
61849,엔에이치에스케이홀딩스,KRZFA5872AG2,엔에이치에스케이홀딩스 20260219-88-10,N,20260219,20260518,대출채권,KRW,,5000000000,5000000000,67,A1,A1,,,엠디프라임제일차(주),차환발행위험(유동성 공여형 매입약정),금융기관,농협은행
61849,엔에이치에스케이홀딩스,KRZFA5872BG2,엔에이치에스케이홀딩스 20260219-88-11,N,20260219,20260518,대출채권,KRW,,5000000000,5000000000,67,A1,A1,,,엠디프라임제일차(주),차환발행위험(유동성 공여형 매입약정),금융기관,농협은행
61849,엔에이치에스케이홀딩스,KRZFA5872CG2,엔에이치에스케이홀딩스 20260219-88-12,N,20260219,20260518,대출채권,KRW,,5000000000,5000000000,67,A1,A1,,,엠디프라임제일차(주),차환발행위험(유동성 공여형 매입약정),금융기관,농협은행
61849,엔에이치에스케이홀딩스,KRZFA5872DG2,엔에이치에스케이홀딩스 20260219-88-13,N,20260219,20260518,대출채권,KRW,,5000000000,5000000000,67,A1,A1,,,엠디프라임제일차(주),차환발행위험(유동성 공여형 매입약정),금융기관,농협은행
61849,엔에이치에스케이홀딩스,KRZFA5872EG2,엔에이치에스케이홀딩스 20260219-88-14,N,20260219,20260518,대출채권,KRW,,5000000000,5000000000,67,A1,A1,,,엠디프라임제일차(주),차환발행위험(유동성 공여형 매입약정),금융기관,농협은행
61849,엔에이치에스케이홀딩스,KRZFA5872FG2,엔에이치에스케이홀딩스 20260219-88-15,N,20260219,20260518,대출채권,KRW,,5000000000,5000000000,67,A1,A1,,,엠디프라임제일차(주),차환발행위험(유동성 공여형 매입약정),금융기관,농협은행
61849,엔에이치에스케이홀딩스,KRZFA58722G2,엔에이치에스케이홀딩스 20260219-88-2,N,20260219,20260518,대출채권,KRW,,10000000000,10000000000,67,A1,A1,,,엠디프라임제일차(주),차환발행위험(유동성 공여형 매입약정),금융기관,농협은행
61849,엔에이치에스케이홀딩스,KRZFA58723G2,엔에이치에스케이홀딩스 20260219-88-3,N,20260219,20260518,대출채권,KRW,,10000000000,10000000000,67,A1,A1,,,엠디프라임제일차(주),차환발행위험(유동성 공여형 매입약정),금융기관,농협은행
61849,엔에이치에스케이홀딩스,KRZFA58724G2,엔에이치에스케이홀딩스 20260219-88-4,N,20260219,20260518,대출채권,KRW,,10000000000,10000000000,67,A1,A1,,,엠디프라임제일차(주),차환발행위험(유동성 공여형 매입약정),금융기관,농협은행
61849,엔에이치에스케이홀딩스,KRZFA58725G2,엔에이치에스케이홀딩스 20260219-88-5,N,20260219,20260518,대출채권,KRW,,10000000000,10000000000,67,A1,A1,,,엠디프라임제일차(주),차환발행위험(유동성 공여형 매입약정),금융기관,농협은행
61849,엔에이치에스케이홀딩스,KRZFA58726G2,엔에이치에스케이홀딩스 20260219-88-6,N,20260219,20260518,대출채권,KRW,,5000000000,5000000000,67,A1,A1,,,엠디프라임제일차(주),차환발행위험(유동성 공여형 매입약정),금융기관,농협은행
61849,엔에이치에스케이홀딩스,KRZFA58727G2,엔에이치에스케이홀딩스 20260219-88-7,N,20260219,20260518,대출채권,KRW,,5000000000,5000000000,67,A1,A1,,,엠디프라임제일차(주),차환발행위험(유동성 공여형 매입약정),금융기관,농협은행
61849,엔에이치에스케이홀딩스,KRZFA58728G2,엔에이치에스케이홀딩스 20260219-88-8,N,20260219,20260518,대출채권,KRW,,5000000000,5000000000,67,A1,A1,,,엠디프라임제일차(주),차환발행위험(유동성 공여형 매입약정),금융기관,농협은행
61849,엔에이치에스케이홀딩스,KRZFA58729G2,엔에이치에스케이홀딩스 20260219-88-9,N,20260219,20260518,대출채권,KRW,,5000000000,5000000000,67,A1,A1,,,엠디프라임제일차(주),차환발행위험(유동성 공여형 매입약정),금융기관,농협은행
68857,엘오지제삼차,KRZF270421G2,엘오지제삼차 20260219-57-1,N,20260219,20260417,수익증권,KRW,,5000000000,5000000000,36,A1,,A1,,케이비자산운용,차환발행위험(유동성 공여형 매입약정),금융기관,국민은행
68857,엘오지제삼차,KRZF270422G2,엘오지제삼차 20260219-57-2,N,20260219,20260417,수익증권,KRW,,5000000000,5000000000,36,A1,,A1,,케이비자산운용,차환발행위험(유동성 공여형 매입약정),금융기관,국민은행
68857,엘오지제삼차,KRZF270423G2,엘오지제삼차 20260219-57-3,N,20260219,20260417,수익증권,KRW,,5000000000,5000000000,36,A1,,A1,,케이비자산운용,차환발행위험(유동성 공여형 매입약정),금융기관,국민은행
68857,엘오지제삼차,KRZF270424G2,엘오지제삼차 20260219-57-4,N,20260219,20260417,수익증권,KRW,,5000000000,5000000000,36,A1,,A1,,케이비자산운용,차환발행위험(유동성 공여형 매입약정),금융기관,국민은행
68857,엘오지제삼차,KRZF270425G2,엘오지제삼차 20260219-57-5,N,20260219,20260417,수익증권,KRW,,4300000000,4300000000,36,A1,,A1,,케이비자산운용,차환발행위험(유동성 공여형 매입약정),금융기관,국민은행
61853,엠디프라임제이차,KRZF284241G2,엠디프라임제이차 20260219-88-1,N,20260219,20260518,신용파생,KRW,,5000000000,5000000000,67,A1,A1,,,SK,외부 신용보강,금융기관,우리은행
61853,엠디프라임제이차,KRZF284241G2,엠디프라임제이차 20260219-88-1,N,20260219,20260518,신용파생,KRW,,5000000000,5000000000,67,A1,A1,,,SK,차환발행위험(유동성 공여형 매입약정),금융기관,우리은행
61853,엠디프라임제이차,KRZF284241G2,엠디프라임제이차 20260219-88-1,N,20260219,20260518,신용파생,KRW,,5000000000,5000000000,67,A1,A1,,,SK,외부 신용보강,일반기업,SK
61853,엠디프라임제이차,KRZF28424AG2,엠디프라임제이차 20260219-88-10,N,20260219,20260518,신용파생,KRW,,5000000000,5000000000,67,A1,A1,,,SK,외부 신용보강,금융기관,우리은행
61853,엠디프라임제이차,KRZF28424AG2,엠디프라임제이차 20260219-88-10,N,20260219,20260518,신용파생,KRW,,5000000000,5000000000,67,A1,A1,,,SK,차환발행위험(유동성 공여형 매입약정),금융기관,우리은행
61853,엠디프라임제이차,KRZF28424AG2,엠디프라임제이차 20260219-88-10,N,20260219,20260518,신용파생,KRW,,5000000000,5000000000,67,A1,A1,,,SK,외부 신용보강,일반기업,SK
61853,엠디프라임제이차,KRZF28424BG2,엠디프라임제이차 20260219-88-11,N,20260219,20260518,신용파생,KRW,,5000000000,5000000000,67,A1,A1,,,SK,외부 신용보강,금융기관,우리은행
61853,엠디프라임제이차,KRZF28424BG2,엠디프라임제이차 20260219-88-11,N,20260219,20260518,신용파생,KRW,,5000000000,5000000000,67,A1,A1,,,SK,차환발행위험(유동성 공여형 매입약정),금융기관,우리은행
61853,엠디프라임제이차,KRZF28424BG2,엠디프라임제이차 20260219-88-11,N,20260219,20260518,신용파생,KRW,,5000000000,5000000000,67,A1,A1,,,SK,외부 신용보강,일반기업,SK
61853,엠디프라임제이차,KRZF28424CG2,엠디프라임제이차 20260219-88-12,N,20260219,20260518,신용파생,KRW,,5000000000,5000000000,67,A1,A1,,,SK,외부 신용보강,금융기관,우리은행
61853,엠디프라임제이차,KRZF28424CG2,엠디프라임제이차 20260219-88-12,N,20260219,20260518,신용파생,KRW,,5000000000,5000000000,67,A1,A1,,,SK,차환발행위험(유동성 공여형 매입약정),금융기관,우리은행
61853,엠디프라임제이차,KRZF28424CG2,엠디프라임제이차 20260219-88-12,N,20260219,20260518,신용파생,KRW,,5000000000,5000000000,67,A1,A1,,,SK,외부 신용보강,일반기업,SK
61853,엠디프라임제이차,KRZF28424DG2,엠디프라임제이차 20260219-88-13,N,20260219,20260518,신용파생,KRW,,5000000000,5000000000,67,A1,A1,,,SK,외부 신용보강,금융기관,우리은행
61853,엠디프라임제이차,KRZF28424DG2,엠디프라임제이차 20260219-88-13,N,20260219,20260518,신용파생,KRW,,5000000000,5000000000,67,A1,A1,,,SK,차환발행위험(유동성 공여형 매입약정),금융기관,우리은행
61853,엠디프라임제이차,KRZF28424DG2,엠디프라임제이차 20260219-88-13,N,20260219,20260518,신용파생,KRW,,5000000000,5000000000,67,A1,A1,,,SK,외부 신용보강,일반기업,SK
61853,엠디프라임제이차,KRZF28424EG2,엠디프라임제이차 20260219-88-14,N,20260219,20260518,신용파생,KRW,,5000000000,5000000000,67,A1,A1,,,SK,외부 신용보강,금융기관,우리은행
61853,엠디프라임제이차,KRZF28424EG2,엠디프라임제이차 20260219-88-14,N,20260219,20260518,신용파생,KRW,,5000000000,5000000000,67,A1,A1,,,SK,차환발행위험(유동성 공여형 매입약정),금융기관,우리은행
61853,엠디프라임제이차,KRZF28424EG2,엠디프라임제이차 20260219-88-14,N,20260219,20260518,신용파생,KRW,,5000000000,5000000000,67,A1,A1,,,SK,외부 신용보강,일반기업,SK
61853,엠디프라임제이차,KRZF28424FG2,엠디프라임제이차 20260219-88-15,N,20260219,20260518,신용파생,KRW,,5000000000,5000000000,67,A1,A1,,,SK,외부 신용보강,금융기관,우리은행
61853,엠디프라임제이차,KRZF28424FG2,엠디프라임제이차 20260219-88-15,N,20260219,20260518,신용파생,KRW,,5000000000,5000000000,67,A1,A1,,,SK,차환발행위험(유동성 공여형 매입약정),금융기관,우리은행
61853,엠디프라임제이차,KRZF28424FG2,엠디프라임제이차 20260219-88-15,N,20260219,20260518,신용파생,KRW,,5000000000,5000000000,67,A1,A1,,,SK,외부 신용보강,일반기업,SK
61853,엠디프라임제이차,KRZF28424GG2,엠디프라임제이차 20260219-88-16,N,20260219,20260518,신용파생,KRW,,5000000000,5000000000,67,A1,A1,,,SK,외부 신용보강,금융기관,우리은행
61853,엠디프라임제이차,KRZF28424GG2,엠디프라임제이차 20260219-88-16,N,20260219,20260518,신용파생,KRW,,5000000000,5000000000,67,A1,A1,,,SK,차환발행위험(유동성 공여형 매입약정),금융기관,우리은행
61853,엠디프라임제이차,KRZF28424GG2,엠디프라임제이차 20260219-88-16,N,20260219,20260518,신용파생,KRW,,5000000000,5000000000,67,A1,A1,,,SK,외부 신용보강,일반기업,SK
61853,엠디프라임제이차,KRZF284242G2,엠디프라임제이차 20260219-88-2,N,20260219,20260518,신용파생,KRW,,5000000000,5000000000,67,A1,A1,,,SK,외부 신용보강,금융기관,우리은행
61853,엠디프라임제이차,KRZF284242G2,엠디프라임제이차 20260219-88-2,N,20260219,20260518,신용파생,KRW,,5000000000,5000000000,67,A1,A1,,,SK,차환발행위험(유동성 공여형 매입약정),금융기관,우리은행
61853,엠디프라임제이차,KRZF284242G2,엠디프라임제이차 20260219-88-2,N,20260219,20260518,신용파생,KRW,,5000000000,5000000000,67,A1,A1,,,SK,외부 신용보강,일반기업,SK
61853,엠디프라임제이차,KRZF284243G2,엠디프라임제이차 20260219-88-3,N,20260219,20260518,신용파생,KRW,,5000000000,5000000000,67,A1,A1,,,SK,외부 신용보강,금융기관,우리은행
61853,엠디프라임제이차,KRZF284243G2,엠디프라임제이차 20260219-88-3,N,20260219,20260518,신용파생,KRW,,5000000000,5000000000,67,A1,A1,,,SK,차환발행위험(유동성 공여형 매입약정),금융기관,우리은행
61853,엠디프라임제이차,KRZF284243G2,엠디프라임제이차 20260219-88-3,N,20260219,20260518,신용파생,KRW,,5000000000,5000000000,67,A1,A1,,,SK,외부 신용보강,일반기업,SK
61853,엠디프라임제이차,KRZF284244G2,엠디프라임제이차 20260219-88-4,N,20260219,20260518,신용파생,KRW,,5000000000,5000000000,67,A1,A1,,,SK,외부 신용보강,금융기관,우리은행
61853,엠디프라임제이차,KRZF284244G2,엠디프라임제이차 20260219-88-4,N,20260219,20260518,신용파생,KRW,,5000000000,5000000000,67,A1,A1,,,SK,차환발행위험(유동성 공여형 매입약정),금융기관,우리은행
61853,엠디프라임제이차,KRZF284244G2,엠디프라임제이차 20260219-88-4,N,20260219,20260518,신용파생,KRW,,5000000000,5000000000,67,A1,A1,,,SK,외부 신용보강,일반기업,SK
61853,엠디프라임제이차,KRZF284245G2,엠디프라임제이차 20260219-88-5,N,20260219,20260518,신용파생,KRW,,5000000000,5000000000,67,A1,A1,,,SK,외부 신용보강,금융기관,우리은행
61853,엠디프라임제이차,KRZF284245G2,엠디프라임제이차 20260219-88-5,N,20260219,20260518,신용파생,KRW,,5000000000,5000000000,67,A1,A1,,,SK,차환발행위험(유동성 공여형 매입약정),금융기관,우리은행
61853,엠디프라임제이차,KRZF284245G2,엠디프라임제이차 20260219-88-5,N,20260219,20260518,신용파생,KRW,,5000000000,5000000000,67,A1,A1,,,SK,외부 신용보강,일반기업,SK
61853,엠디프라임제이차,KRZF284246G2,엠디프라임제이차 20260219-88-6,N,20260219,20260518,신용파생,KRW,,5000000000,5000000000,67,A1,A1,,,SK,외부 신용보강,금융기관,우리은행
61853,엠디프라임제이차,KRZF284246G2,엠디프라임제이차 20260219-88-6,N,20260219,20260518,신용파생,KRW,,5000000000,5000000000,67,A1,A1,,,SK,차환발행위험(유동성 공여형 매입약정),금융기관,우리은행
61853,엠디프라임제이차,KRZF284246G2,엠디프라임제이차 20260219-88-6,N,20260219,20260518,신용파생,KRW,,5000000000,5000000000,67,A1,A1,,,SK,외부 신용보강,일반기업,SK
61853,엠디프라임제이차,KRZF284247G2,엠디프라임제이차 20260219-88-7,N,20260219,20260518,신용파생,KRW,,5000000000,5000000000,67,A1,A1,,,SK,외부 신용보강,금융기관,우리은행
61853,엠디프라임제이차,KRZF284247G2,엠디프라임제이차 20260219-88-7,N,20260219,20260518,신용파생,KRW,,5000000000,5000000000,67,A1,A1,,,SK,차환발행위험(유동성 공여형 매입약정),금융기관,우리은행
61853,엠디프라임제이차,KRZF284247G2,엠디프라임제이차 20260219-88-7,N,20260219,20260518,신용파생,KRW,,5000000000,5000000000,67,A1,A1,,,SK,외부 신용보강,일반기업,SK
61853,엠디프라임제이차,KRZF284248G2,엠디프라임제이차 20260219-88-8,N,20260219,20260518,신용파생,KRW,,5000000000,5000000000,67,A1,A1,,,SK,외부 신용보강,금융기관,우리은행
61853,엠디프라임제이차,KRZF284248G2,엠디프라임제이차 20260219-88-8,N,20260219,20260518,신용파생,KRW,,5000000000,5000000000,67,A1,A1,,,SK,차환발행위험(유동성 공여형 매입약정),금융기관,우리은행
61853,엠디프라임제이차,KRZF284248G2,엠디프라임제이차 20260219-88-8,N,20260219,20260518,신용파생,KRW,,5000000000,5000000000,67,A1,A1,,,SK,외부 신용보강,일반기업,SK
61853,엠디프라임제이차,KRZF284249G2,엠디프라임제이차 20260219-88-9,N,20260219,20260518,신용파생,KRW,,5000000000,5000000000,67,A1,A1,,,SK,외부 신용보강,금융기관,우리은행
61853,엠디프라임제이차,KRZF284249G2,엠디프라임제이차 20260219-88-9,N,20260219,20260518,신용파생,KRW,,5000000000,5000000000,67,A1,A1,,,SK,차환발행위험(유동성 공여형 매입약정),금융기관,우리은행
61853,엠디프라임제이차,KRZF284249G2,엠디프라임제이차 20260219-88-9,N,20260219,20260518,신용파생,KRW,,5000000000,5000000000,67,A1,A1,,,SK,외부 신용보강,일반기업,SK
68858,엠에스제이지제일차,KRZFA94991G2,엠에스제이지제일차 20260219-88-1,N,20260219,20260518,대출채권,KRW,,5000000000,5000000000,67,A1,,A1,,한온시스템,차환발행위험(유동성 공여형 매입약정),금융기관,하나은행
68858,엠에스제이지제일차,KRZFA9499AG2,엠에스제이지제일차 20260219-88-10,N,20260219,20260518,대출채권,KRW,,5000000000,5000000000,67,A1,,A1,,한온시스템,차환발행위험(유동성 공여형 매입약정),금융기관,하나은행
68858,엠에스제이지제일차,KRZFA94992G2,엠에스제이지제일차 20260219-88-2,N,20260219,20260518,대출채권,KRW,,5000000000,5000000000,67,A1,,A1,,한온시스템,차환발행위험(유동성 공여형 매입약정),금융기관,하나은행
68858,엠에스제이지제일차,KRZFA94993G2,엠에스제이지제일차 20260219-88-3,N,20260219,20260518,대출채권,KRW,,5000000000,5000000000,67,A1,,A1,,한온시스템,차환발행위험(유동성 공여형 매입약정),금융기관,하나은행
68858,엠에스제이지제일차,KRZFA94994G2,엠에스제이지제일차 20260219-88-4,N,20260219,20260518,대출채권,KRW,,5000000000,5000000000,67,A1,,A1,,한온시스템,차환발행위험(유동성 공여형 매입약정),금융기관,하나은행
68858,엠에스제이지제일차,KRZFA94995G2,엠에스제이지제일차 20260219-88-5,N,20260219,20260518,대출채권,KRW,,5000000000,5000000000,67,A1,,A1,,한온시스템,차환발행위험(유동성 공여형 매입약정),금융기관,하나은행
68858,엠에스제이지제일차,KRZFA94996G2,엠에스제이지제일차 20260219-88-6,N,20260219,20260518,대출채권,KRW,,5000000000,5000000000,67,A1,,A1,,한온시스템,차환발행위험(유동성 공여형 매입약정),금융기관,하나은행
68858,엠에스제이지제일차,KRZFA94997G2,엠에스제이지제일차 20260219-88-7,N,20260219,20260518,대출채권,KRW,,5000000000,5000000000,67,A1,,A1,,한온시스템,차환발행위험(유동성 공여형 매입약정),금융기관,하나은행
68858,엠에스제이지제일차,KRZFA94998G2,엠에스제이지제일차 20260219-88-8,N,20260219,20260518,대출채권,KRW,,5000000000,5000000000,67,A1,,A1,,한온시스템,차환발행위험(유동성 공여형 매입약정),금융기관,하나은행
68858,엠에스제이지제일차,KRZFA94999G2,엠에스제이지제일차 20260219-88-9,N,20260219,20260518,대출채권,KRW,,5000000000,5000000000,67,A1,,A1,,한온시스템,차환발행위험(유동성 공여형 매입약정),금융기관,하나은행
73801,우리글로리제1차,KRZF0024A1G2,우리글로리제1차 20260219-137-1,N,20260219,20260706,정기예금,KRW,,5000000000,5000000000,116,A1,,A1,,우리은행,자체 신용보강,자체 신용보강,우리은행
73801,우리글로리제1차,KRZF0024AAG2,우리글로리제1차 20260219-137-10,N,20260219,20260706,정기예금,KRW,,5000000000,5000000000,116,A1,,A1,,우리은행,자체 신용보강,자체 신용보강,우리은행
73801,우리글로리제1차,KRZF0024ABG2,우리글로리제1차 20260219-137-11,N,20260219,20260706,정기예금,KRW,,5000000000,5000000000,116,A1,,A1,,우리은행,자체 신용보강,자체 신용보강,우리은행
73801,우리글로리제1차,KRZF0024ACG2,우리글로리제1차 20260219-137-12,N,20260219,20260706,정기예금,KRW,,5000000000,5000000000,116,A1,,A1,,우리은행,자체 신용보강,자체 신용보강,우리은행
73801,우리글로리제1차,KRZF0024ADG2,우리글로리제1차 20260219-137-13,N,20260219,20260706,정기예금,KRW,,5000000000,5000000000,116,A1,,A1,,우리은행,자체 신용보강,자체 신용보강,우리은행
73801,우리글로리제1차,KRZF0024AEG2,우리글로리제1차 20260219-137-14,N,20260219,20260706,정기예금,KRW,,5000000000,5000000000,116,A1,,A1,,우리은행,자체 신용보강,자체 신용보강,우리은행
73801,우리글로리제1차,KRZF0024AFG2,우리글로리제1차 20260219-137-15,N,20260219,20260706,정기예금,KRW,,5000000000,5000000000,116,A1,,A1,,우리은행,자체 신용보강,자체 신용보강,우리은행
73801,우리글로리제1차,KRZF0024AGG2,우리글로리제1차 20260219-137-16,N,20260219,20260706,정기예금,KRW,,5000000000,5000000000,116,A1,,A1,,우리은행,자체 신용보강,자체 신용보강,우리은행
73801,우리글로리제1차,KRZF0024AHG2,우리글로리제1차 20260219-137-17,N,20260219,20260706,정기예금,KRW,,5000000000,5000000000,116,A1,,A1,,우리은행,자체 신용보강,자체 신용보강,우리은행
73801,우리글로리제1차,KRZF0024AJG2,우리글로리제1차 20260219-137-18,N,20260219,20260706,정기예금,KRW,,5000000000,5000000000,116,A1,,A1,,우리은행,자체 신용보강,자체 신용보강,우리은행
73801,우리글로리제1차,KRZF0024AKG2,우리글로리제1차 20260219-137-19,N,20260219,20260706,정기예금,KRW,,5000000000,5000000000,116,A1,,A1,,우리은행,자체 신용보강,자체 신용보강,우리은행
73801,우리글로리제1차,KRZF0024A2G2,우리글로리제1차 20260219-137-2,N,20260219,20260706,정기예금,KRW,,5000000000,5000000000,116,A1,,A1,,우리은행,자체 신용보강,자체 신용보강,우리은행
73801,우리글로리제1차,KRZF0024ALG2,우리글로리제1차 20260219-137-20,N,20260219,20260706,정기예금,KRW,,5000000000,5000000000,116,A1,,A1,,우리은행,자체 신용보강,자체 신용보강,우리은행
73801,우리글로리제1차,KRZF0024A3G2,우리글로리제1차 20260219-137-3,N,20260219,20260706,정기예금,KRW,,5000000000,5000000000,116,A1,,A1,,우리은행,자체 신용보강,자체 신용보강,우리은행
73801,우리글로리제1차,KRZF0024A4G2,우리글로리제1차 20260219-137-4,N,20260219,20260706,정기예금,KRW,,5000000000,5000000000,116,A1,,A1,,우리은행,자체 신용보강,자체 신용보강,우리은행
73801,우리글로리제1차,KRZF0024A5G2,우리글로리제1차 20260219-137-5,N,20260219,20260706,정기예금,KRW,,5000000000,5000000000,116,A1,,A1,,우리은행,자체 신용보강,자체 신용보강,우리은행
73801,우리글로리제1차,KRZF0024A6G2,우리글로리제1차 20260219-137-6,N,20260219,20260706,정기예금,KRW,,5000000000,5000000000,116,A1,,A1,,우리은행,자체 신용보강,자체 신용보강,우리은행
73801,우리글로리제1차,KRZF0024A7G2,우리글로리제1차 20260219-137-7,N,20260219,20260706,정기예금,KRW,,5000000000,5000000000,116,A1,,A1,,우리은행,자체 신용보강,자체 신용보강,우리은행
73801,우리글로리제1차,KRZF0024A8G2,우리글로리제1차 20260219-137-8,N,20260219,20260706,정기예금,KRW,,5000000000,5000000000,116,A1,,A1,,우리은행,자체 신용보강,자체 신용보강,우리은행
73801,우리글로리제1차,KRZF0024A9G2,우리글로리제1차 20260219-137-9,N,20260219,20260706,정기예금,KRW,,5000000000,5000000000,116,A1,,A1,,우리은행,자체 신용보강,자체 신용보강,우리은행
73801,우리글로리제1차,KRZF0024AMG2,우리글로리제1차 20260219-146-21,N,20260219,20260715,정기예금,KRW,,5000000000,5000000000,125,A1,,A1,,우리은행,자체 신용보강,자체 신용보강,우리은행
73801,우리글로리제1차,KRZF0024ANG2,우리글로리제1차 20260219-146-22,N,20260219,20260715,정기예금,KRW,,5000000000,5000000000,125,A1,,A1,,우리은행,자체 신용보강,자체 신용보강,우리은행
73801,우리글로리제1차,KRZF0024APG2,우리글로리제1차 20260219-146-23,N,20260219,20260715,정기예금,KRW,,5000000000,5000000000,125,A1,,A1,,우리은행,자체 신용보강,자체 신용보강,우리은행
73801,우리글로리제1차,KRZF0024AQG2,우리글로리제1차 20260219-146-24,N,20260219,20260715,정기예금,KRW,,5000000000,5000000000,125,A1,,A1,,우리은행,자체 신용보강,자체 신용보강,우리은행
73801,우리글로리제1차,KRZF0024ARG2,우리글로리제1차 20260219-146-25,N,20260219,20260715,정기예금,KRW,,5000000000,5000000000,125,A1,,A1,,우리은행,자체 신용보강,자체 신용보강,우리은행
73801,우리글로리제1차,KRZF0024ASG2,우리글로리제1차 20260219-146-26,N,20260219,20260715,정기예금,KRW,,5000000000,5000000000,125,A1,,A1,,우리은행,자체 신용보강,자체 신용보강,우리은행
73801,우리글로리제1차,KRZF0024ATG2,우리글로리제1차 20260219-146-27,N,20260219,20260715,정기예금,KRW,,5000000000,5000000000,125,A1,,A1,,우리은행,자체 신용보강,자체 신용보강,우리은행
73801,우리글로리제1차,KRZF0024AVG2,우리글로리제1차 20260219-146-28,N,20260219,20260715,정기예금,KRW,,5000000000,5000000000,125,A1,,A1,,우리은행,자체 신용보강,자체 신용보강,우리은행
73801,우리글로리제1차,KRZF0024AWG2,우리글로리제1차 20260219-146-29,N,20260219,20260715,정기예금,KRW,,5000000000,5000000000,125,A1,,A1,,우리은행,자체 신용보강,자체 신용보강,우리은행
73801,우리글로리제1차,KRZF0024AXG2,우리글로리제1차 20260219-146-30,N,20260219,20260715,정기예금,KRW,,5000000000,5000000000,125,A1,,A1,,우리은행,자체 신용보강,자체 신용보강,우리은행
73801,우리글로리제1차,KRZF0024AYG2,우리글로리제1차 20260219-146-31,N,20260219,20260715,정기예금,KRW,,5000000000,5000000000,125,A1,,A1,,우리은행,자체 신용보강,자체 신용보강,우리은행
73801,우리글로리제1차,KRZF0024AZG2,우리글로리제1차 20260219-146-32,N,20260219,20260715,정기예금,KRW,,5000000000,5000000000,125,A1,,A1,,우리은행,자체 신용보강,자체 신용보강,우리은행
73801,우리글로리제1차,KRZF0024A0GE,우리글로리제1차 20260219-146-33,N,20260219,20260715,정기예금,KRW,,5000000000,5000000000,125,A1,,A1,,우리은행,자체 신용보강,자체 신용보강,우리은행
73801,우리글로리제1차,KRZF0024A1GE,우리글로리제1차 20260219-146-34,N,20260219,20260715,정기예금,KRW,,5000000000,5000000000,125,A1,,A1,,우리은행,자체 신용보강,자체 신용보강,우리은행
73801,우리글로리제1차,KRZF0024A2GE,우리글로리제1차 20260219-146-35,N,20260219,20260715,정기예금,KRW,,5000000000,5000000000,125,A1,,A1,,우리은행,자체 신용보강,자체 신용보강,우리은행
73801,우리글로리제1차,KRZF0024A3GE,우리글로리제1차 20260219-146-36,N,20260219,20260715,정기예금,KRW,,5000000000,5000000000,125,A1,,A1,,우리은행,자체 신용보강,자체 신용보강,우리은행
73801,우리글로리제1차,KRZF0024A4GE,우리글로리제1차 20260219-146-37,N,20260219,20260715,정기예금,KRW,,5000000000,5000000000,125,A1,,A1,,우리은행,자체 신용보강,자체 신용보강,우리은행
73801,우리글로리제1차,KRZF0024A5GE,우리글로리제1차 20260219-146-38,N,20260219,20260715,정기예금,KRW,,5000000000,5000000000,125,A1,,A1,,우리은행,자체 신용보강,자체 신용보강,우리은행
73801,우리글로리제1차,KRZF0024A6GE,우리글로리제1차 20260219-146-39,N,20260219,20260715,정기예금,KRW,,5000000000,5000000000,125,A1,,A1,,우리은행,자체 신용보강,자체 신용보강,우리은행
73801,우리글로리제1차,KRZF0024A7GE,우리글로리제1차 20260219-146-40,N,20260219,20260715,정기예금,KRW,,5000000000,5000000000,125,A1,,A1,,우리은행,자체 신용보강,자체 신용보강,우리은행
73801,우리글로리제1차,KRZF0024A8GE,우리글로리제1차 20260219-146-41,N,20260219,20260715,정기예금,KRW,,5000000000,5000000000,125,A1,,A1,,우리은행,자체 신용보강,자체 신용보강,우리은행
73801,우리글로리제1차,KRZF0024A9GE,우리글로리제1차 20260219-146-42,N,20260219,20260715,정기예금,KRW,,5000000000,5000000000,125,A1,,A1,,우리은행,자체 신용보강,자체 신용보강,우리은행
73801,우리글로리제1차,KRZF0024AAGE,우리글로리제1차 20260219-169-43,N,20260219,20260807,정기예금,KRW,,5000000000,5000000000,148,A1,,A1,,우리은행,자체 신용보강,자체 신용보강,우리은행
73801,우리글로리제1차,KRZF0024ABGE,우리글로리제1차 20260219-169-44,N,20260219,20260807,정기예금,KRW,,5000000000,5000000000,148,A1,,A1,,우리은행,자체 신용보강,자체 신용보강,우리은행
73801,우리글로리제1차,KRZF0024ACGE,우리글로리제1차 20260219-169-45,N,20260219,20260807,정기예금,KRW,,5000000000,5000000000,148,A1,,A1,,우리은행,자체 신용보강,자체 신용보강,우리은행
73801,우리글로리제1차,KRZF0024ADGE,우리글로리제1차 20260219-169-46,N,20260219,20260807,정기예금,KRW,,5000000000,5000000000,148,A1,,A1,,우리은행,자체 신용보강,자체 신용보강,우리은행
73801,우리글로리제1차,KRZF0024AEGE,우리글로리제1차 20260219-169-47,N,20260219,20260807,정기예금,KRW,,5000000000,5000000000,148,A1,,A1,,우리은행,자체 신용보강,자체 신용보강,우리은행
73801,우리글로리제1차,KRZF0024AFGE,우리글로리제1차 20260219-169-48,N,20260219,20260807,정기예금,KRW,,5000000000,5000000000,148,A1,,A1,,우리은행,자체 신용보강,자체 신용보강,우리은행
73801,우리글로리제1차,KRZF0024AGGE,우리글로리제1차 20260219-363-49,N,20260219,20270217,정기예금,KRW,,429000000,429000000,342,A1,,A1,,우리은행,자체 신용보강,자체 신용보강,우리은행
57307,지아이비유천,KRZFA27151G2,지아이비유천 20260219-54-1,Y,20260219,20260414,PF대출채권,KRW,,170000000,170000000,33,A1,A1,,,(주)와이즈클래스씨,외부 신용보강,금융기관,신한은행
72187,케이디비국립대병원제이차,KRZF0120V1G2,케이디비국립대병원제이차 20260219-26-1,N,20260219,20260317,대출채권,KRW,,5000000000,5000000000,5,,A1,,,경북대학교병원,차환발행위험(유동성 공여형 매입약정),공공기관,한국산업은행
72187,케이디비국립대병원제이차,KRZF0120V1G2,케이디비국립대병원제이차 20260219-26-1,N,20260219,20260317,대출채권,KRW,,5000000000,5000000000,5,,A1,,,경상국립대학교병원,차환발행위험(유동성 공여형 매입약정),공공기관,한국산업은행
72187,케이디비국립대병원제이차,KRZF0120V2G2,케이디비국립대병원제이차 20260219-26-2,N,20260219,20260317,대출채권,KRW,,5000000000,5000000000,5,,A1,,,경북대학교병원,차환발행위험(유동성 공여형 매입약정),공공기관,한국산업은행
72187,케이디비국립대병원제이차,KRZF0120V2G2,케이디비국립대병원제이차 20260219-26-2,N,20260219,20260317,대출채권,KRW,,5000000000,5000000000,5,,A1,,,경상국립대학교병원,차환발행위험(유동성 공여형 매입약정),공공기관,한국산업은행
72187,케이디비국립대병원제이차,KRZF0120V3G2,케이디비국립대병원제이차 20260219-26-3,N,20260219,20260317,대출채권,KRW,,5000000000,5000000000,5,,A1,,,경북대학교병원,차환발행위험(유동성 공여형 매입약정),공공기관,한국산업은행
72187,케이디비국립대병원제이차,KRZF0120V3G2,케이디비국립대병원제이차 20260219-26-3,N,20260219,20260317,대출채권,KRW,,5000000000,5000000000,5,,A1,,,경상국립대학교병원,차환발행위험(유동성 공여형 매입약정),공공기관,한국산업은행
72187,케이디비국립대병원제이차,KRZF0120V4G2,케이디비국립대병원제이차 20260219-26-4,N,20260219,20260317,대출채권,KRW,,5000000000,5000000000,5,,A1,,,경북대학교병원,차환발행위험(유동성 공여형 매입약정),공공기관,한국산업은행
72187,케이디비국립대병원제이차,KRZF0120V4G2,케이디비국립대병원제이차 20260219-26-4,N,20260219,20260317,대출채권,KRW,,5000000000,5000000000,5,,A1,,,경상국립대학교병원,차환발행위험(유동성 공여형 매입약정),공공기관,한국산업은행
72187,케이디비국립대병원제이차,KRZF0120V5G2,케이디비국립대병원제이차 20260219-26-5,N,20260219,20260317,대출채권,KRW,,5000000000,5000000000,5,,A1,,,경북대학교병원,차환발행위험(유동성 공여형 매입약정),공공기관,한국산업은행
72187,케이디비국립대병원제이차,KRZF0120V5G2,케이디비국립대병원제이차 20260219-26-5,N,20260219,20260317,대출채권,KRW,,5000000000,5000000000,5,,A1,,,경상국립대학교병원,차환발행위험(유동성 공여형 매입약정),공공기관,한국산업은행
68835,케이디비국립대병원제일차,KRZF0019Z1G2,케이디비국립대병원제일차 20260219-85-1,N,20260219,20260515,대출채권,KRW,,5000000000,5000000000,64,,,,,경북대학교병원,차환발행위험(유동성 공여형 매입약정),금융기관,한국산업은행
68835,케이디비국립대병원제일차,KRZF0019Z1G2,케이디비국립대병원제일차 20260219-85-1,N,20260219,20260515,대출채권,KRW,,5000000000,5000000000,64,,,,,전북대학교병원,차환발행위험(유동성 공여형 매입약정),금융기관,한국산업은행
68835,케이디비국립대병원제일차,KRZF0019ZAG2,케이디비국립대병원제일차 20260219-85-10,N,20260219,20260515,대출채권,KRW,,5000000000,5000000000,64,,,,,경북대학교병원,차환발행위험(유동성 공여형 매입약정),금융기관,한국산업은행
68835,케이디비국립대병원제일차,KRZF0019ZAG2,케이디비국립대병원제일차 20260219-85-10,N,20260219,20260515,대출채권,KRW,,5000000000,5000000000,64,,,,,전북대학교병원,차환발행위험(유동성 공여형 매입약정),금융기관,한국산업은행
68835,케이디비국립대병원제일차,KRZF0019Z2G2,케이디비국립대병원제일차 20260219-85-2,N,20260219,20260515,대출채권,KRW,,5000000000,5000000000,64,,,,,경북대학교병원,차환발행위험(유동성 공여형 매입약정),금융기관,한국산업은행
68835,케이디비국립대병원제일차,KRZF0019Z2G2,케이디비국립대병원제일차 20260219-85-2,N,20260219,20260515,대출채권,KRW,,5000000000,5000000000,64,,,,,전북대학교병원,차환발행위험(유동성 공여형 매입약정),금융기관,한국산업은행
68835,케이디비국립대병원제일차,KRZF0019Z3G2,케이디비국립대병원제일차 20260219-85-3,N,20260219,20260515,대출채권,KRW,,5000000000,5000000000,64,,,,,경북대학교병원,차환발행위험(유동성 공여형 매입약정),금융기관,한국산업은행
68835,케이디비국립대병원제일차,KRZF0019Z3G2,케이디비국립대병원제일차 20260219-85-3,N,20260219,20260515,대출채권,KRW,,5000000000,5000000000,64,,,,,전북대학교병원,차환발행위험(유동성 공여형 매입약정),금융기관,한국산업은행
68835,케이디비국립대병원제일차,KRZF0019Z4G2,케이디비국립대병원제일차 20260219-85-4,N,20260219,20260515,대출채권,KRW,,5000000000,5000000000,64,,,,,경북대학교병원,차환발행위험(유동성 공여형 매입약정),금융기관,한국산업은행
68835,케이디비국립대병원제일차,KRZF0019Z4G2,케이디비국립대병원제일차 20260219-85-4,N,20260219,20260515,대출채권,KRW,,5000000000,5000000000,64,,,,,전북대학교병원,차환발행위험(유동성 공여형 매입약정),금융기관,한국산업은행
68835,케이디비국립대병원제일차,KRZF0019Z5G2,케이디비국립대병원제일차 20260219-85-5,N,20260219,20260515,대출채권,KRW,,5000000000,5000000000,64,,,,,경북대학교병원,차환발행위험(유동성 공여형 매입약정),금융기관,한국산업은행
68835,케이디비국립대병원제일차,KRZF0019Z5G2,케이디비국립대병원제일차 20260219-85-5,N,20260219,20260515,대출채권,KRW,,5000000000,5000000000,64,,,,,전북대학교병원,차환발행위험(유동성 공여형 매입약정),금융기관,한국산업은행
68835,케이디비국립대병원제일차,KRZF0019Z6G2,케이디비국립대병원제일차 20260219-85-6,N,20260219,20260515,대출채권,KRW,,5000000000,5000000000,64,,,,,경북대학교병원,차환발행위험(유동성 공여형 매입약정),금융기관,한국산업은행
68835,케이디비국립대병원제일차,KRZF0019Z6G2,케이디비국립대병원제일차 20260219-85-6,N,20260219,20260515,대출채권,KRW,,5000000000,5000000000,64,,,,,전북대학교병원,차환발행위험(유동성 공여형 매입약정),금융기관,한국산업은행
68835,케이디비국립대병원제일차,KRZF0019Z7G2,케이디비국립대병원제일차 20260219-85-7,N,20260219,20260515,대출채권,KRW,,5000000000,5000000000,64,,,,,경북대학교병원,차환발행위험(유동성 공여형 매입약정),금융기관,한국산업은행
68835,케이디비국립대병원제일차,KRZF0019Z7G2,케이디비국립대병원제일차 20260219-85-7,N,20260219,20260515,대출채권,KRW,,5000000000,5000000000,64,,,,,전북대학교병원,차환발행위험(유동성 공여형 매입약정),금융기관,한국산업은행
68835,케이디비국립대병원제일차,KRZF0019Z8G2,케이디비국립대병원제일차 20260219-85-8,N,20260219,20260515,대출채권,KRW,,5000000000,5000000000,64,,,,,경북대학교병원,차환발행위험(유동성 공여형 매입약정),금융기관,한국산업은행
68835,케이디비국립대병원제일차,KRZF0019Z8G2,케이디비국립대병원제일차 20260219-85-8,N,20260219,20260515,대출채권,KRW,,5000000000,5000000000,64,,,,,전북대학교병원,차환발행위험(유동성 공여형 매입약정),금융기관,한국산업은행
68835,케이디비국립대병원제일차,KRZF0019Z9G2,케이디비국립대병원제일차 20260219-85-9,N,20260219,20260515,대출채권,KRW,,5000000000,5000000000,64,,,,,경북대학교병원,차환발행위험(유동성 공여형 매입약정),금융기관,한국산업은행
68835,케이디비국립대병원제일차,KRZF0019Z9G2,케이디비국립대병원제일차 20260219-85-9,N,20260219,20260515,대출채권,KRW,,5000000000,5000000000,64,,,,,전북대학교병원,차환발행위험(유동성 공여형 매입약정),금융기관,한국산업은행
64746,케이비하림제일차,KRZF378651G2,케이비하림제일차 20260219-89-1,N,20260219,20260519,대출채권,KRW,,5000000000,5000000000,68,A1,A1,,,하림지주,차환발행위험(유동성 공여형 매입약정),금융기관,국민은행
64746,케이비하림제일차,KRZF378652G2,케이비하림제일차 20260219-89-2,N,20260219,20260519,대출채권,KRW,,5000000000,5000000000,68,A1,A1,,,하림지주,차환발행위험(유동성 공여형 매입약정),금융기관,국민은행
64746,케이비하림제일차,KRZF378653G2,케이비하림제일차 20260219-89-3,N,20260219,20260519,대출채권,KRW,,5000000000,5000000000,68,A1,A1,,,하림지주,차환발행위험(유동성 공여형 매입약정),금융기관,국민은행
64746,케이비하림제일차,KRZF378654G2,케이비하림제일차 20260219-89-4,N,20260219,20260519,대출채권,KRW,,3000000000,3000000000,68,A1,A1,,,하림지주,차환발행위험(유동성 공여형 매입약정),금융기관,국민은행
64746,케이비하림제일차,KRZF378655G2,케이비하림제일차 20260219-89-5,N,20260219,20260519,대출채권,KRW,,2000000000,2000000000,68,A1,A1,,,하림지주,차환발행위험(유동성 공여형 매입약정),금융기관,국민은행
73793,트리드제삼차,KRZF0083N1G2,트리드제삼차 20260219-120-1,N,20260219,20260619,매출채권,KRW,,1000000000,1000000000,99,A2,A2,,,한솔제지,자체 신용보강,자체 신용보강,신한카드
73793,트리드제삼차,KRZF0083N1G2,트리드제삼차 20260219-120-1,N,20260219,20260619,매출채권,KRW,,1000000000,1000000000,99,A2,A2,,,한솔제지,자체 신용보강,자체 신용보강,한솔제지
73793,트리드제삼차,KRZF0083NAG2,트리드제삼차 20260219-120-10,N,20260219,20260619,매출채권,KRW,,1000000000,1000000000,99,A2,A2,,,한솔제지,자체 신용보강,자체 신용보강,신한카드
73793,트리드제삼차,KRZF0083NAG2,트리드제삼차 20260219-120-10,N,20260219,20260619,매출채권,KRW,,1000000000,1000000000,99,A2,A2,,,한솔제지,자체 신용보강,자체 신용보강,한솔제지
73793,트리드제삼차,KRZF0083NBG2,트리드제삼차 20260219-120-11,N,20260219,20260619,매출채권,KRW,,1000000000,1000000000,99,A2,A2,,,한솔제지,자체 신용보강,자체 신용보강,신한카드
73793,트리드제삼차,KRZF0083NBG2,트리드제삼차 20260219-120-11,N,20260219,20260619,매출채권,KRW,,1000000000,1000000000,99,A2,A2,,,한솔제지,자체 신용보강,자체 신용보강,한솔제지
73793,트리드제삼차,KRZF0083NCG2,트리드제삼차 20260219-120-12,N,20260219,20260619,매출채권,KRW,,1000000000,1000000000,99,A2,A2,,,한솔제지,자체 신용보강,자체 신용보강,신한카드
73793,트리드제삼차,KRZF0083NCG2,트리드제삼차 20260219-120-12,N,20260219,20260619,매출채권,KRW,,1000000000,1000000000,99,A2,A2,,,한솔제지,자체 신용보강,자체 신용보강,한솔제지
73793,트리드제삼차,KRZF0083NDG2,트리드제삼차 20260219-120-13,N,20260219,20260619,매출채권,KRW,,1000000000,1000000000,99,A2,A2,,,한솔제지,자체 신용보강,자체 신용보강,신한카드
73793,트리드제삼차,KRZF0083NDG2,트리드제삼차 20260219-120-13,N,20260219,20260619,매출채권,KRW,,1000000000,1000000000,99,A2,A2,,,한솔제지,자체 신용보강,자체 신용보강,한솔제지
73793,트리드제삼차,KRZF0083NEG2,트리드제삼차 20260219-120-14,N,20260219,20260619,매출채권,KRW,,1000000000,1000000000,99,A2,A2,,,한솔제지,자체 신용보강,자체 신용보강,신한카드
73793,트리드제삼차,KRZF0083NEG2,트리드제삼차 20260219-120-14,N,20260219,20260619,매출채권,KRW,,1000000000,1000000000,99,A2,A2,,,한솔제지,자체 신용보강,자체 신용보강,한솔제지
73793,트리드제삼차,KRZF0083NFG2,트리드제삼차 20260219-120-15,N,20260219,20260619,매출채권,KRW,,500000000,500000000,99,A2,A2,,,한솔제지,자체 신용보강,자체 신용보강,신한카드
73793,트리드제삼차,KRZF0083NFG2,트리드제삼차 20260219-120-15,N,20260219,20260619,매출채권,KRW,,500000000,500000000,99,A2,A2,,,한솔제지,자체 신용보강,자체 신용보강,한솔제지
73793,트리드제삼차,KRZF0083NGG2,트리드제삼차 20260219-120-16,N,20260219,20260619,매출채권,KRW,,500000000,500000000,99,A2,A2,,,한솔제지,자체 신용보강,자체 신용보강,신한카드
73793,트리드제삼차,KRZF0083NGG2,트리드제삼차 20260219-120-16,N,20260219,20260619,매출채권,KRW,,500000000,500000000,99,A2,A2,,,한솔제지,자체 신용보강,자체 신용보강,한솔제지
73793,트리드제삼차,KRZF0083NHG2,트리드제삼차 20260219-120-17,N,20260219,20260619,매출채권,KRW,,500000000,500000000,99,A2,A2,,,한솔제지,자체 신용보강,자체 신용보강,신한카드
73793,트리드제삼차,KRZF0083NHG2,트리드제삼차 20260219-120-17,N,20260219,20260619,매출채권,KRW,,500000000,500000000,99,A2,A2,,,한솔제지,자체 신용보강,자체 신용보강,한솔제지
73793,트리드제삼차,KRZF0083NJG2,트리드제삼차 20260219-120-18,N,20260219,20260619,매출채권,KRW,,500000000,500000000,99,A2,A2,,,한솔제지,자체 신용보강,자체 신용보강,신한카드
73793,트리드제삼차,KRZF0083NJG2,트리드제삼차 20260219-120-18,N,20260219,20260619,매출채권,KRW,,500000000,500000000,99,A2,A2,,,한솔제지,자체 신용보강,자체 신용보강,한솔제지
73793,트리드제삼차,KRZF0083NKG2,트리드제삼차 20260219-120-19,N,20260219,20260619,매출채권,KRW,,500000000,500000000,99,A2,A2,,,한솔제지,자체 신용보강,자체 신용보강,신한카드
73793,트리드제삼차,KRZF0083NKG2,트리드제삼차 20260219-120-19,N,20260219,20260619,매출채권,KRW,,500000000,500000000,99,A2,A2,,,한솔제지,자체 신용보강,자체 신용보강,한솔제지
73793,트리드제삼차,KRZF0083N2G2,트리드제삼차 20260219-120-2,N,20260219,20260619,매출채권,KRW,,1000000000,1000000000,99,A2,A2,,,한솔제지,자체 신용보강,자체 신용보강,신한카드
73793,트리드제삼차,KRZF0083N2G2,트리드제삼차 20260219-120-2,N,20260219,20260619,매출채권,KRW,,1000000000,1000000000,99,A2,A2,,,한솔제지,자체 신용보강,자체 신용보강,한솔제지
73793,트리드제삼차,KRZF0083NLG2,트리드제삼차 20260219-120-20,N,20260219,20260619,매출채권,KRW,,500000000,500000000,99,A2,A2,,,한솔제지,자체 신용보강,자체 신용보강,신한카드
73793,트리드제삼차,KRZF0083NLG2,트리드제삼차 20260219-120-20,N,20260219,20260619,매출채권,KRW,,500000000,500000000,99,A2,A2,,,한솔제지,자체 신용보강,자체 신용보강,한솔제지
73793,트리드제삼차,KRZF0083NMG2,트리드제삼차 20260219-120-21,N,20260219,20260619,매출채권,KRW,,200000000,200000000,99,A2,A2,,,한솔제지,자체 신용보강,자체 신용보강,신한카드
73793,트리드제삼차,KRZF0083NMG2,트리드제삼차 20260219-120-21,N,20260219,20260619,매출채권,KRW,,200000000,200000000,99,A2,A2,,,한솔제지,자체 신용보강,자체 신용보강,한솔제지
73793,트리드제삼차,KRZF0083N3G2,트리드제삼차 20260219-120-3,N,20260219,20260619,매출채권,KRW,,1000000000,1000000000,99,A2,A2,,,한솔제지,자체 신용보강,자체 신용보강,신한카드
73793,트리드제삼차,KRZF0083N3G2,트리드제삼차 20260219-120-3,N,20260219,20260619,매출채권,KRW,,1000000000,1000000000,99,A2,A2,,,한솔제지,자체 신용보강,자체 신용보강,한솔제지
73793,트리드제삼차,KRZF0083N4G2,트리드제삼차 20260219-120-4,N,20260219,20260619,매출채권,KRW,,1000000000,1000000000,99,A2,A2,,,한솔제지,자체 신용보강,자체 신용보강,신한카드
73793,트리드제삼차,KRZF0083N4G2,트리드제삼차 20260219-120-4,N,20260219,20260619,매출채권,KRW,,1000000000,1000000000,99,A2,A2,,,한솔제지,자체 신용보강,자체 신용보강,한솔제지
73793,트리드제삼차,KRZF0083N5G2,트리드제삼차 20260219-120-5,N,20260219,20260619,매출채권,KRW,,1000000000,1000000000,99,A2,A2,,,한솔제지,자체 신용보강,자체 신용보강,신한카드
73793,트리드제삼차,KRZF0083N5G2,트리드제삼차 20260219-120-5,N,20260219,20260619,매출채권,KRW,,1000000000,1000000000,99,A2,A2,,,한솔제지,자체 신용보강,자체 신용보강,한솔제지
73793,트리드제삼차,KRZF0083N6G2,트리드제삼차 20260219-120-6,N,20260219,20260619,매출채권,KRW,,1000000000,1000000000,99,A2,A2,,,한솔제지,자체 신용보강,자체 신용보강,신한카드
73793,트리드제삼차,KRZF0083N6G2,트리드제삼차 20260219-120-6,N,20260219,20260619,매출채권,KRW,,1000000000,1000000000,99,A2,A2,,,한솔제지,자체 신용보강,자체 신용보강,한솔제지
73793,트리드제삼차,KRZF0083N7G2,트리드제삼차 20260219-120-7,N,20260219,20260619,매출채권,KRW,,1000000000,1000000000,99,A2,A2,,,한솔제지,자체 신용보강,자체 신용보강,신한카드
73793,트리드제삼차,KRZF0083N7G2,트리드제삼차 20260219-120-7,N,20260219,20260619,매출채권,KRW,,1000000000,1000000000,99,A2,A2,,,한솔제지,자체 신용보강,자체 신용보강,한솔제지
73793,트리드제삼차,KRZF0083N8G2,트리드제삼차 20260219-120-8,N,20260219,20260619,매출채권,KRW,,1000000000,1000000000,99,A2,A2,,,한솔제지,자체 신용보강,자체 신용보강,신한카드
73793,트리드제삼차,KRZF0083N8G2,트리드제삼차 20260219-120-8,N,20260219,20260619,매출채권,KRW,,1000000000,1000000000,99,A2,A2,,,한솔제지,자체 신용보강,자체 신용보강,한솔제지
73793,트리드제삼차,KRZF0083N9G2,트리드제삼차 20260219-120-9,N,20260219,20260619,매출채권,KRW,,1000000000,1000000000,99,A2,A2,,,한솔제지,자체 신용보강,자체 신용보강,신한카드
73793,트리드제삼차,KRZF0083N9G2,트리드제삼차 20260219-120-9,N,20260219,20260619,매출채권,KRW,,1000000000,1000000000,99,A2,A2,,,한솔제지,자체 신용보강,자체 신용보강,한솔제지
61859,하나슈프림제일차,KRZFA58841G2,하나슈프림제일차 20260219-85-1,N,20260219,20260515,회사채,KRW,,5000000000,5000000000,64,A1,,A1,,넥센타이어,차환발행위험(유동성 공여형 매입약정),금융기관,하나은행
61859,하나슈프림제일차,KRZFA58841G2,하나슈프림제일차 20260219-85-1,N,20260219,20260515,회사채,KRW,,5000000000,5000000000,64,A1,,A1,,넥센타이어,금리변동/환율변동,금융기관,하나은행
61859,하나슈프림제일차,KRZFA58842G2,하나슈프림제일차 20260219-85-2,N,20260219,20260515,회사채,KRW,,5000000000,5000000000,64,A1,,A1,,넥센타이어,차환발행위험(유동성 공여형 매입약정),금융기관,하나은행
61859,하나슈프림제일차,KRZFA58842G2,하나슈프림제일차 20260219-85-2,N,20260219,20260515,회사채,KRW,,5000000000,5000000000,64,A1,,A1,,넥센타이어,금리변동/환율변동,금융기관,하나은행
61859,하나슈프림제일차,KRZFA58843G2,하나슈프림제일차 20260219-85-3,N,20260219,20260515,회사채,KRW,,5000000000,5000000000,64,A1,,A1,,넥센타이어,차환발행위험(유동성 공여형 매입약정),금융기관,하나은행
61859,하나슈프림제일차,KRZFA58843G2,하나슈프림제일차 20260219-85-3,N,20260219,20260515,회사채,KRW,,5000000000,5000000000,64,A1,,A1,,넥센타이어,금리변동/환율변동,금융기관,하나은행
61859,하나슈프림제일차,KRZFA58844G2,하나슈프림제일차 20260219-85-4,N,20260219,20260515,회사채,KRW,,5000000000,5000000000,64,A1,,A1,,넥센타이어,차환발행위험(유동성 공여형 매입약정),금융기관,하나은행
61859,하나슈프림제일차,KRZFA58844G2,하나슈프림제일차 20260219-85-4,N,20260219,20260515,회사채,KRW,,5000000000,5000000000,64,A1,,A1,,넥센타이어,금리변동/환율변동,금융기관,하나은행
61839,하나프리비아제일차,KRZFA58941G2,하나프리비아제일차 20260219-85-1,N,20260219,20260515,대출채권,KRW,,4000000000,4000000000,64,A1,A1,,,현대카드,차환발행위험(유동성 공여형 매입약정),금융기관,하나은행
