YYYYMM,issue_share_distress,issue_share_high,issue_share_low,issue_share_mid,issue_share_top,issue_detail_a1,issue_detail_a2,issue_detail_a2+,issue_detail_a2-,issue_detail_a3,issue_detail_a3+,issue_detail_a3-,issue_detail_b,issue_detail_b+,issue_detail_b-,issue_detail_c,issue_detail_other
201601,0.0,0.1504338509781321,0.0,0.0103627295229515,0.8392034194989163,0.8392034194989163,0.0269900372264329,0.0929377372230562,0.0305060765286429,0.0029122099548378,0.0052204818171081,0.0022300377510055,0.0,0.0,0.0,0.0,0.0
201602,0.0,0.1570146640107574,0.0004827160665207,0.0100565847191821,0.8324460352035397,0.8324460352035397,0.040503900614978,0.0886990772231866,0.0278116861725926,0.0032502881812396,0.0064040331491752,0.0004022633887672,0.0,0.0004827160665207,0.0,0.0,0.0
201603,0.0,0.1485956125175954,0.0025937262179631,0.0176788379016367,0.8311318233628047,0.8311318233628047,0.0327597996233616,0.0816574179447275,0.0341783949495062,0.002884223554375,0.0131000465515258,0.0016945677957359,0.0,0.0005879112760716,0.0020058149418914,0.0,0.0
201604,0.0,0.1776372865134285,0.0006757584248917,0.0161904210177109,0.8054965340439688,0.8054965340439688,0.0340827546453654,0.1039992215908333,0.0395553102772297,0.0130594069823793,0.0015167022425347,0.0016143117927968,0.0,0.0006757584248917,0.0,0.0,0.0
201605,0.0,0.1533656118655544,0.0003917711034744,0.0089170509856024,0.8373255660453688,0.8373255660453688,0.0253373702790517,0.0964438255596578,0.0315844160268448,0.0043946497694086,0.0030915850122002,0.0014308162039935,0.0,0.0003917711034744,0.0,0.0,0.0
201606,0.0,0.1299706110646462,0.0004727673133836,0.0149394471029248,0.8546171745190452,0.8546171745190452,0.0259592233894321,0.068577047748639,0.0354343399265749,0.010839265130488,0.0033437542710228,0.0007564277014139,0.0,0.0004727673133836,0.0,0.0,0.0
201607,0.0,0.186333245018525,0.0,0.0086058972743211,0.8050608577071537,0.8050608577071537,0.024955665384801,0.1125950199313101,0.0487825597024139,0.0051577915216716,0.0020113950223788,0.0014367107302706,0.0,0.0,0.0,0.0,0.0
201608,0.0,0.1631984714214687,0.0078719530694357,0.0205423022424899,0.8083872732666055,0.8083872732666055,0.0281445117463225,0.101377990205031,0.0336759694701151,0.0112266512163044,0.0084950227139278,0.0008206283122577,0.0,0.0002735427707525,0.0,0.0,0.0075984102986831
201609,0.0,0.1417126737983457,0.0027917877078734,0.0187164507429214,0.8367790877508593,0.8367790877508593,0.0299830351092162,0.0671176359906563,0.0446120026984731,0.0127427899214169,0.0049028381390325,0.001070822682472,0.0,0.0005736550084671,0.0022181326994063,0.0,0.0
201610,0.0,0.1406544943797408,0.0067757139481819,0.0163924847548366,0.8361773069172406,0.8361773069172406,0.0282411757360224,0.0701015365078906,0.0423117821358277,0.011717242130591,0.0031845855556455,0.0014906570686,0.0,0.0,0.0,0.0,0.0067757139481819
201611,0.0,0.1409895509948157,0.0001449154443578,0.0172288361625437,0.8416366973982826,0.8416366973982826,0.0509458295498023,0.0632314388881395,0.0268122825568739,0.0101601828210888,0.0056356006139161,0.0014330527275386,0.0,0.0001449154443578,0.0,0.0,0.0
201612,0.0,0.1422278149633633,0.0006273921240425,0.0147579358031448,0.8423868571094493,0.8423868571094493,0.0513206757466804,0.0530439127807173,0.0378632264359654,0.0112947312784299,0.0032540738167006,0.0002091307080141,0.0,0.0006273921240425,0.0,0.0,0.0
201701,0.0,0.1752768885944162,0.0007982693520447,0.0200764742039258,0.8038483678496131,0.8038483678496131,0.0370929158916801,0.0885724194391004,0.0496115532636355,0.0154731209404677,0.0025633315860104,0.0020400216774477,0.0,0.0007982693520447,0.0,0.0,0.0
201702,0.0,0.1710645006623162,0.0001462784328703,0.0197150821190869,0.8090741387857264,0.8090741387857264,0.0381461646607559,0.0837606559775056,0.0491576800240546,0.0126368312840808,0.0057779980983803,0.0013002527366256,0.0,0.0001462784328703,0.0,0.0,0.0
201703,0.0,0.157373663353905,0.0031007496423306,0.0244446960912799,0.8150808909124844,0.8150808909124844,0.0411677610047516,0.0622443633681005,0.0539615389810528,0.0187529090765908,0.0044344967487578,0.0012572902659313,0.0,0.0006371403374652,0.0024636093048654,0.0,0.0
201704,0.0,0.1515271596050117,0.0,0.0183901171684827,0.8300827232265056,0.8300827232265056,0.0283047832419699,0.0800725668042834,0.0431498095587584,0.0122230043962323,0.0045554051147076,0.0016117076575427,0.0,0.0,0.0,0.0,0.0
201705,0.0,0.1320726638817139,0.0007653305271214,0.0254543264205562,0.8417076791706085,0.8417076791706085,0.0111965021560353,0.0895649308545128,0.0313112308711658,0.0138893317884994,0.0099351240650389,0.0016298705670177,0.0,0.0007653305271214,0.0,0.0,0.0
201706,0.0,0.1243586970627676,0.0010814552061253,0.0317688281351386,0.8427910195959684,0.8427910195959684,0.0177358653804559,0.0697495349742613,0.0368732967080503,0.0232556127525197,0.0052255915559977,0.0032876238266211,0.0,0.0010814552061253,0.0,0.0,0.0
201707,0.0,0.1618125630676084,0.0009460141271442,0.0195194248234106,0.8177219979818365,0.8177219979818365,0.021127648839556,0.0885469223007063,0.0521379919273461,0.0152749747729566,0.002920030272452,0.001324419778002,0.0,0.0009460141271442,0.0,0.0,0.0
201708,0.0141557131189899,0.152242260091839,0.0011939566094085,0.0323505386073089,0.8000575315724534,0.8000575315724534,0.0138584249306354,0.0940311898755063,0.0443526452856972,0.0217328530450682,0.0092673774920762,0.0013503080701644,0.0,0.0011939566094085,0.0,0.0141557131189899,0.0
201709,0.0,0.1435842610453901,0.0067012186146683,0.0293769028749389,0.8203376174650026,0.8203376174650026,0.0216918059203136,0.0667565327197651,0.0551359224053113,0.0226679371867277,0.0035326655355939,0.0031763001526173,0.0,0.0021304452243165,0.002246651327461,0.0,0.0023241220628907
201710,0.0,0.1411358866031994,0.0026860368294021,0.0287175709017793,0.8274605056656191,0.8274605056656191,0.035302198329285,0.0594304834482573,0.046403204825657,0.0191169078344019,0.0050727724120994,0.0045278906552778,0.0,0.0011511586411723,0.0,0.0,0.0015348781882297
201711,0.0,0.1140843529718574,0.0010508907883239,0.0284336017627521,0.8564311544770664,0.8564311544770664,0.0234698942725686,0.0558583483687133,0.0347561103305753,0.014351665199211,0.0123584756706898,0.0017234608928513,0.0,0.0010508907883239,0.0,0.0,0.0
201712,0.0,0.1148986750684335,0.0022382078396691,0.02103915369289,0.8618239633990072,0.8618239633990072,0.0166848220775336,0.0452687709245084,0.0529450820663914,0.0169127123303,0.0033532422907043,0.0007731990718857,0.0,0.0022382078396691,0.0,0.0,0.0
201801,0.0,0.1421891912301457,0.0066075968484909,0.0443715860749616,0.8068316258464017,0.8068316258464017,0.0239761371359528,0.0596382812696654,0.0585747728245274,0.0192375462531779,0.0205716515216351,0.0045623883001485,0.0,0.0009439424069272,0.0,0.0,0.0056636544415636
201802,0.0,0.1477257205299822,0.0050539543778172,0.0355142740062832,0.8117060510859172,0.8117060510859172,0.0127714793061057,0.0799344351864499,0.0550198060374265,0.0104220734872285,0.0177298183308291,0.0073623821882256,0.0,0.0010244502117197,0.0019806037426581,0.0,0.0020489004234394
201803,0.0,0.1401924222845627,0.0051888403109287,0.0337174191043057,0.8209013183002029,0.8209013183002029,0.0144618000923948,0.0687538079392604,0.0569768142529074,0.01537235787599,0.0099893545082653,0.0083557067200503,0.0,0.0018412014006521,0.0,0.0,0.0033476389102765
201804,0.0,0.1541451539469323,0.0071235880583886,0.0372780460307677,0.8014532119639113,0.8014532119639113,0.0175302210480346,0.092488950695479,0.0441259822034187,0.0108712148195409,0.0138197608332739,0.0125870703779528,0.0,0.0009291636597898,0.0,0.0,0.0061944243985988
201805,0.0,0.1109219551077041,0.0108245342990129,0.055398654477585,0.8228548561156979,0.8228548561156979,0.0039361942905501,0.0539127411329023,0.0530730196842516,0.01539379983796,0.0239517422579978,0.0160531123816271,0.0,0.0009840485726375,0.0,0.0,0.0098404857263754
201806,0.0,0.1113149164221003,0.0025918718897537,0.0415895750925098,0.8445036365956361,0.8445036365956361,0.0171861043766747,0.043766747479903,0.0503620645655225,0.0189246522904172,0.0155990812811024,0.0070658415209901,0.0005981242822508,0.0011962485645017,0.0,0.0,0.0007974990430011
201807,0.0,0.1610501080297155,0.0112469292923313,0.0276437683132565,0.8000591943646965,0.8000591943646965,0.0367301032941663,0.0621067274395477,0.0622132772960014,0.0083641637316127,0.0099328143960694,0.0093467901855743,0.0,0.0,0.0,0.0,0.0112469292923313
201808,0.0,0.1533576259644307,0.0,0.0293352781366973,0.817307095898872,0.817307095898872,0.0485700276115938,0.0539761282786727,0.0508114700741641,0.0060851278040066,0.0137960032723884,0.0094541470603021,0.0,0.0,0.0,0.0,0.0
201809,0.0,0.1487631957565567,0.0006500372688034,0.0280902771758914,0.8224964897987485,0.8224964897987485,0.0584686855379708,0.0396696077241761,0.0506249024944096,0.0086064934389571,0.0100019067759884,0.0094818769609457,0.0,0.0006500372688034,0.0,0.0,0.0
201810,0.0,0.1221481340648595,0.0,0.0288513770438372,0.8490004888913032,0.8490004888913032,0.033448313325004,0.052779890271063,0.0359199304687924,0.0080531261882774,0.0133222880112988,0.0074759628442609,0.0,0.0,0.0,0.0,0.0
201811,0.0,0.1314070615392686,0.0013115786160222,0.0260217197418813,0.8412596401028277,0.8412596401028277,0.0413147264047007,0.067749593410629,0.0223427417239389,0.0079350506269345,0.0138633859713551,0.0042232831435916,0.0,0.0,0.0,0.0,0.0013115786160222
201812,0.0,0.1193683215411584,0.0005582828707649,0.0170797339596026,0.8629936616284739,0.8629936616284739,0.027169766377228,0.0446551858895865,0.0475433692743439,0.0081137110551174,0.00578753242693,0.0031784904775551,0.0,0.0005582828707649,0.0,0.0,0.0
201901,0.0,0.1514081804926713,0.0052439055585398,0.0279909446704013,0.8153569692783874,0.8153569692783874,0.0547156779986186,0.0443429770035556,0.052349525490497,0.0061903665617885,0.0143631852249763,0.0074373928836364,0.0,0.0,0.0001279001355741,0.0,0.0051160054229657
201902,0.0,0.1084357579421049,0.0,0.0304587279199408,0.8611055141379542,0.8611055141379542,0.0417758076432265,0.0354624219222244,0.0311975283766539,0.0103364900261938,0.0113976761367452,0.0087245617570018,0.0,0.0,0.0,0.0,0.0
201903,0.0,0.1207650534061326,0.000455301508737,0.0256988327391159,0.8530808123460144,0.8530808123460144,0.0397287284236654,0.0385904746518228,0.0424458503306443,0.0117129984908958,0.0067120254675101,0.0072738087807099,0.0,0.000455301508737,0.0,0.0,0.0
201904,0.0,0.0964514932503062,0.0002529027616981,0.0295109422594894,0.8737846617285061,0.8737846617285061,0.0240538626681803,0.0499735857115559,0.0224240448705699,0.0151966459473737,0.0065192711904414,0.0077950251216743,0.0,0.0001686018411321,8.430092056605258e-05,0.0,0.0
201905,0.0,0.0944580770579049,0.0,0.0373306988750438,0.8682112240670512,0.8682112240670512,0.0215430702061888,0.0281717071927085,0.0447432996590076,0.0120207782274769,0.01773160393894,0.0075783167086267,0.0,0.0,0.0,0.0,0.0
201906,0.0,0.1664818389671554,0.0013690940704535,0.0271217535356854,0.8050273134267055,0.8050273134267055,0.0450431949179228,0.0457619693049109,0.0756766747443216,0.0147999069016032,0.0087622020509029,0.0035596445831793,0.0,0.0,0.0,0.0,0.0013690940704535
201907,0.0,0.1135223178295849,0.0006581003932149,0.0249365207329044,0.8608830610442957,0.8608830610442957,0.0535254986481521,0.0255562319365152,0.0344405872449175,0.0057419259308007,0.0117361236790005,0.0074584711231031,0.0,0.0001096833988691,0.0,0.0,0.0005484169943458
201908,0.0,0.1194699275797432,0.0,0.02600237049723,0.8545277019230267,0.8545277019230267,0.0378548566475738,0.0439181604106077,0.0376969105215616,0.0067420805029213,0.0154421708324413,0.0038181191618673,0.0,0.0,0.0,0.0,0.0
201909,0.0,0.1033757291766281,0.0,0.0184692869210417,0.8781549839023302,0.8781549839023302,0.0348729718529852,0.028465780497912,0.0400369768257307,0.0072997354244365,0.0088744381753849,0.0022951133212202,0.0,0.0,0.0,0.0,0.0
201910,0.0,0.0997464230847539,0.0,0.017121069095082,0.883132507820164,0.883132507820164,0.0331932799032582,0.0281649298807386,0.038388213300757,0.003177423633862,0.0063548472677241,0.0075887981934958,0.0,0.0,0.0,0.0,0.0
201911,0.0,0.1247674660402066,0.0,0.0174730654017568,0.8577594685580365,0.8577594685580365,0.0342829523804171,0.043331403746396,0.0471531099133933,0.0060978693988118,0.0087843040279658,0.002590891974979,0.0,0.0,0.0,0.0,0.0
201912,0.0,0.1047200223125968,0.0,0.0161377154235826,0.8791422622638205,0.8791422622638205,0.041576670363812,0.0223969177482438,0.0407464342005409,0.0027047537506567,0.0086137001939379,0.0048192614789878,0.0,0.0,0.0,0.0,0.0
202001,0.0,0.1443576248000185,0.0,0.0257715226413781,0.8298708525586033,0.8298708525586033,0.0506387813304273,0.0635998979804771,0.030118945489114,0.0069674696839713,0.013819008092003,0.0049850448654037,0.0,0.0,0.0,0.0,0.0
202002,0.0,0.129195256916996,0.0,0.0314118577075098,0.8393928853754941,0.8393928853754941,0.0711462450592885,0.0347130434782608,0.0233359683794466,0.0060521739130434,0.0141343873517786,0.0112252964426877,0.0,0.0,0.0,0.0,0.0
202003,0.0,0.0713141629607296,0.0,0.0157392402200949,0.9129465968191754,0.9129465968191754,0.0197859350267581,0.025170535916183,0.0263576920177885,0.0041409135448858,0.0093276550840431,0.002270671591166,0.0,0.0,0.0,0.0,0.0
202004,0.0,0.0939936993234519,0.0,0.011833135361256,0.894173165315292,0.894173165315292,0.0275654598977431,0.0366033156019211,0.0298249238237876,0.0016139028043175,0.0068752259463926,0.0033440066105458,0.0,0.0,0.0,0.0,0.0
202005,0.0,0.1228343205602578,0.0,0.0182067936034047,0.8589588858363374,0.8589588858363374,0.0555811405250035,0.0432738879801813,0.0239792920550729,0.0024217496943037,0.0102428101824649,0.005542233726636,0.0,0.0,0.0,0.0,0.0
202006,0.0,0.1065153261009882,0.0,0.0537070948061945,0.8397775790928173,0.8397775790928173,0.0352851740113696,0.0415389690800514,0.0296911830095671,0.018747041639374,0.0236190731187217,0.0113409800480987,0.0,0.0,0.0,0.0,0.0
202007,0.0,0.1060582504328226,0.0,0.0359012383545916,0.8580405112125857,0.8580405112125857,0.0230744933284464,0.0493146945830516,0.0336690625213245,0.0109484249899576,0.0116287004487566,0.0133241129158772,0.0,0.0,0.0,0.0,0.0
202008,0.0,0.1293455125931181,0.0,0.0306580347641007,0.8399964526427811,0.8399964526427811,0.0573785030152536,0.0375133025895707,0.0344537069882937,0.012034409365023,0.0067399787158566,0.011883646683221,0.0,0.0,0.0,0.0,0.0
202009,0.0,0.140907854947554,0.0,0.0343762102123381,0.8247159348401077,0.8247159348401077,0.0484332127584189,0.0569860665936076,0.0354885755955274,0.0097888153720656,0.0147656204938902,0.0098217743463823,0.0,0.0,0.0,0.0,0.0
202010,0.0,0.0892218440119652,0.0,0.0257313071671308,0.885046848820904,0.885046848820904,0.0306656965155405,0.0306517575625789,0.0279043899338457,0.0126495998126604,0.0057149707142598,0.0073667366402105,0.0,0.0,0.0,0.0,0.0
202011,0.0,0.0916457302590398,0.0,0.0305685842415304,0.8777856854994298,0.8777856854994298,0.0270101094981264,0.0250379427728664,0.0395976779880469,0.0129048300935493,0.0110612829373279,0.0066024712106531,0.0,0.0,0.0,0.0,0.0
202012,0.0,0.0661739747585398,0.0,0.0154210510074983,0.9184049742339618,0.9184049742339618,0.0138858888511741,0.0316289690498966,0.020659116857469,0.0027386058567593,0.0097201221958218,0.0029623229549171,0.0,0.0,0.0,0.0,0.0
202101,0.0,0.0922299836499449,0.0,0.0318558915410728,0.8759141248089822,0.8759141248089822,0.0209166717129799,0.0413204005229167,0.0299929114140482,0.0110175861049466,0.0102588580608621,0.010579447375264,0.0,0.0,0.0,0.0,0.0
202102,0.0,0.0975052437413058,0.0,0.0382913034567266,0.8642034528019675,0.8642034528019675,0.0331413171929304,0.0390718686906127,0.0252920578577627,0.0167494472813218,0.0094191112022012,0.0121227449732035,0.0,0.0,0.0,0.0,0.0
202103,0.0,0.109298559473644,0.0006189430487608,0.0382557676165605,0.8518267298610346,0.8518267298610346,0.0411215587190422,0.0334992326801929,0.0346777680744088,0.0104372451099259,0.012675614491746,0.0151429080148885,0.0,0.0,0.0,0.0,0.0006189430487608
202104,0.0,0.075963496788344,0.0,0.0264113008512193,0.8976252023604365,0.8976252023604365,0.016711055407593,0.0406679199958222,0.0185845213849287,0.0088842759413024,0.0038513760509687,0.0136756488589482,0.0,0.0,0.0,0.0,0.0
202105,0.0,0.0717793728749527,0.0,0.0150900627980412,0.913130564327006,0.913130564327006,0.0310069783521394,0.0223820487415443,0.0183903457812689,0.0052391101353614,0.0023166133251598,0.0075343393375198,0.0,0.0,0.0,0.0,0.0
202106,0.0,0.1369799235316525,0.0,0.0246053132803792,0.8384147631879683,0.8384147631879683,0.0441315481313224,0.0673118977412209,0.0255364776591091,0.0058762115718336,0.0044441936257565,0.0142849080827889,0.0,0.0,0.0,0.0,0.0
202107,0.0,0.1376482835734574,0.0,0.0286670865089259,0.8336846299176167,0.8336846299176167,0.0218489339005487,0.087517832585757,0.0282815170871515,0.011155808603339,0.0093179276928811,0.0081933502127057,0.0,0.0,0.0,0.0,0.0
202108,0.0,0.0896346142494539,0.0,0.0296617673100761,0.8807036184404698,0.8807036184404698,0.0207706156661354,0.0347382090785667,0.0341257895047517,0.008706687916888,0.0115105365680892,0.0094445428250988,0.0,0.0,0.0,0.0,0.0
202109,0.0,0.0741526833357729,0.0,0.027232564638252,0.8986147520259751,0.8986147520259751,0.0192284661139868,0.0428482082263237,0.0120760089954623,0.0046574139376438,0.0138391728432846,0.0087359778573234,0.0,0.0,0.0,0.0,0.0
202110,0.0,0.1037094165408057,0.0,0.0167689621560247,0.8795216213031696,0.8795216213031696,0.0410520903628008,0.0423053440020566,0.0203519821759482,0.00764806067033,0.0016067354349432,0.0075141660507514,0.0,0.0,0.0,0.0,0.0
202111,0.0,0.1177999965101467,0.0,0.0095621979095779,0.8726378055802754,0.8726378055802754,0.0380626661315558,0.0655219948001186,0.0142153355784722,0.0031408679265036,0.0018612550675577,0.0045600749155164,0.0,0.0,0.0,0.0,0.0
202112,0.0,0.1374054516911659,0.0,0.0287940630797773,0.8338004852290567,0.8338004852290567,0.0546881689738832,0.0673041244469815,0.0154131582703011,0.0034822320536606,0.0002283430854859,0.0250834879406307,0.0,0.0,0.0,0.0,0.0
202201,0.0,0.135315351448912,0.0,0.0167765466760252,0.8479081018750627,0.8479081018750627,0.0479168755640228,0.0725082723353053,0.0148902035495838,0.0051702095658277,0.0073322972024466,0.0042740399077509,0.0,0.0,0.0,0.0,0.0
202202,0.0,0.1536618916611327,0.0,0.0161867944217816,0.8301513139170856,0.8301513139170856,0.0453348828384403,0.0738188976377952,0.034508111184897,0.0093978275305948,0.0042690446826676,0.0025199222085191,0.0,0.0,0.0,0.0,0.0
202203,0.0,0.146430127071021,0.0,0.0118682075081066,0.8417016654208723,0.8417016654208723,0.0664124887744072,0.0692088040912244,0.0108088342053893,0.0046246753316591,0.0041944729752257,0.0030490592012217,0.0,0.0,0.0,0.0,0.0
202204,0.0,0.1141308393820956,0.0,0.0136655499720826,0.8722036106458217,0.8722036106458217,0.0379210869160617,0.0589056393076493,0.0173041131583845,0.0081751349339289,0.0034431416340964,0.0020472734040573,0.0,0.0,0.0,0.0,0.0
202205,0.0,0.0971988603336698,0.0,0.0200333039699564,0.8827678356963737,0.8827678356963737,0.0255928945128909,0.0530068219045837,0.0185991439161951,0.0164139044616329,0.0022147697174617,0.0014046297908618,0.0,0.0,0.0,0.0,0.0
202206,0.0,0.098008093388371,0.0,0.0101471617359202,0.8918447448757086,0.8918447448757086,0.0312883497804237,0.0607004127830911,0.0060193308248562,0.0010902747492368,0.0057353522855201,0.0033215347011632,0.0,0.0,0.0,0.0,0.0
202207,0.0,0.1359985769555743,0.0,0.0048694801440832,0.8591319429003424,0.8591319429003424,0.0570729754969537,0.062880775559212,0.0160448258994085,0.0036376573131142,0.0004447013830213,0.0007871214479477,0.0,0.0,0.0,0.0,0.0
202208,0.0,0.1309515620915931,0.0,0.0134633815282038,0.855585056380203,0.855585056380203,0.0500061905875555,0.0530097719570969,0.0279355995469407,0.0053468333998248,0.0061951731759548,0.0019213749524241,0.0,0.0,0.0,0.0,0.0
202209,0.0,0.1244522455646365,0.0,0.0124269406810134,0.86312081375435,0.86312081375435,0.0504330231169131,0.060611047117547,0.0134081753301763,0.003961506347552,0.0073744964315969,0.0010909379018643,0.0,0.0,0.0,0.0,0.0
202210,0.0,0.0903290894861297,0.0,0.0051258334319107,0.9045450770819596,0.9045450770819596,0.024831686873642,0.04998698893577,0.0155104136767175,0.0009650667228061,0.0029472097522823,0.0012135569568221,0.0,0.0,0.0,0.0,0.0
202211,0.0,0.074498611096138,0.0,0.0057793134179253,0.9197220754859368,0.9197220754859368,0.0206628646995619,0.0455930601522943,0.0082426862442817,0.0033689453314503,0.0014374166747521,0.0009729514117228,0.0,0.0,0.0,0.0,0.0
202212,0.0,0.0629559650565719,0.0,0.0026363171582901,0.934407717785138,0.934407717785138,0.0127192299997777,0.043256940894036,0.0069797941627581,0.0005112588081001,0.0006535221286149,0.0014715362215751,0.0,0.0,0.0,0.0,0.0
202301,0.0,0.0889500685029194,0.0,0.0104461549765101,0.9006037765205703,0.9006037765205703,0.0304783967291476,0.0457694585027898,0.0127022132709819,0.0045034726874321,0.0049270238614901,0.0010156584275878,0.0,0.0,0.0,0.0,0.0
202302,0.0,0.1188718127249552,0.0,0.0191812051142393,0.8619469821608055,0.8619469821608055,0.0364420436743013,0.0695150232184669,0.0129147458321869,0.0113537461185573,0.0054466536770527,0.0023808053186292,0.0,0.0,0.0,0.0,0.0
202303,0.0,0.1173477213557259,0.00050958711723,0.0074873635134604,0.8746553280135836,0.8746553280135836,0.0515192575519536,0.0531499363270897,0.0126785274766825,0.001987389757197,0.002751770433042,0.0027482033232214,0.0,0.0,0.0,0.0,0.00050958711723
202304,0.0,0.1027541421859569,0.0,0.0072669054055402,0.8899789524085028,0.8899789524085028,0.0334167921874532,0.0446887250745643,0.0246486249239393,0.0042394437849754,0.0015960258955201,0.0014314357250446,0.0,0.0,0.0,0.0,0.0
202305,0.0,0.120096766347399,0.0006573800774393,0.0063437177472899,0.8729021358278716,0.8729021358278716,0.0576851017953049,0.0507497419783196,0.0116619225737744,0.0040100184723801,0.0006245110735674,0.0017091882013423,0.0,0.0,0.0,0.0,0.0006573800774393
202306,0.0,0.094426844327164,0.0006041230187785,0.0050528849290638,0.8999161477249935,0.8999161477249935,0.0258564652037223,0.0595423647308148,0.0090280143926268,0.0012324109583082,0.0034338352387373,0.0003866387320182,0.0001208246037557,0.0,0.0,0.0,0.0004832984150228
202307,0.0,0.0997906898452861,0.001073385408789,0.0147688074200205,0.8843671173259042,0.8843671173259042,0.0476192799535516,0.0387882454539688,0.0133831644377656,0.0086944218111915,0.0057816441337047,0.0002927414751242,9.758049170809772e-05,0.0,0.0,0.0,0.0009758049170809
202308,0.0,0.0943161449111709,0.000274079230824,0.0130078002949092,0.8924019755630958,0.8924019755630958,0.0532261866260298,0.0283781635595217,0.0127117947256192,0.0084854929863124,0.0045223073085967,0.0,0.000274079230824,0.0,0.0,0.0,0.0
202309,0.0,0.0831220270595421,0.0,0.0134495672077341,0.9034284057327238,0.9034284057327238,0.0318964506715529,0.0371405479773208,0.0140850284106683,0.0092542893631198,0.0041952778446143,0.0,0.0,0.0,0.0,0.0,0.0
202310,0.0,0.072399561103485,0.0004590967730087,0.0035809548294685,0.9235603872940376,0.9235603872940376,0.021485728976811,0.0416171224732461,0.0092967096534278,0.0025250322515483,0.0010559225779201,0.0,0.0,0.0,0.0,0.0,0.0004590967730087
202311,0.0,0.0739994276109205,0.000403090901029,0.0009875727075212,0.9246099087805292,0.9246099087805292,0.0233389631695843,0.0385959537735354,0.0120645106678006,0.0004837090812349,0.0005038636262863,0.0,0.0,0.0,0.0,0.0,0.000403090901029
202312,0.0,0.0822430484674151,0.0,0.0061241532894126,0.9116327982431722,0.9116327982431722,0.0275277597352386,0.0414462899384491,0.0132689987937273,0.0045157897992638,0.0016083634901487,0.0,0.0,0.0,0.0,0.0,0.0
202401,0.0,0.1062216495586072,0.000478993729972,0.0065382644141188,0.8867610922973018,0.8867610922973018,0.0429944772022934,0.0562338638987215,0.0069933084575922,0.0040235473317654,0.0023710189633617,0.0001436981189916,0.0,0.0,0.0,0.0,0.000478993729972
202402,0.0,0.1257136224053691,0.0005276320926944,0.0103415890168103,0.8634171564851261,0.8634171564851261,0.0416618300391503,0.0693836201893143,0.0146681721769044,0.0082891001762291,0.0020524888405812,0.0,0.0,0.0,0.0,0.0,0.0005276320926944
202403,0.0,0.1352327601800034,0.0006796717843028,0.0126232590262057,0.851464309009488,0.851464309009488,0.0453297230337478,0.0743089546757582,0.0155940824704973,0.0091920127602896,0.0029379360998898,0.0004933101660262,0.000131549377607,0.0,0.0,0.0,0.0005481224066958
202404,0.0,0.114483668756186,0.0,0.0105575717584955,0.8749587594853184,0.8749587594853184,0.0444636195213562,0.0487018754917138,0.021318173743116,0.0080196939319341,0.0023348476004365,0.0002030302261249,0.0,0.0,0.0,0.0,0.0
202405,0.0,0.1252547160294562,0.0005043881771411,0.0141077373146373,0.8601331584787653,0.8601331584787653,0.0545243619489559,0.0470745485725814,0.0236558055079188,0.0059265610814082,0.008181176233229,0.0,0.0,0.0,0.0,0.0,0.0005043881771411
202406,0.0,0.1305366889436361,0.0007077815132913,0.0198750493405381,0.8488804802025344,0.8488804802025344,0.0487824796853094,0.0628836652193442,0.0188705440389824,0.0079761532074752,0.0118988961330629,0.0,0.0001633341953749,0.0,0.0,0.0,0.0005444473179164
202407,0.0,0.1145011600928074,9.280742459396752e-05,0.022645011600928,0.8627610208816705,0.8627610208816705,0.0541299303944315,0.051368909512761,0.0090023201856148,0.0115777262180974,0.0104640371229698,0.0006032482598607,9.280742459396752e-05,0.0,0.0,0.0,0.0
202408,0.0,0.1054632201305921,0.000979686206508,0.0118395078056498,0.8817175858572499,0.8817175858572499,0.0434490832586322,0.0455554086026245,0.0164587282693353,0.0097821667719829,0.0018124194820399,0.000244921551627,0.000489843103254,0.0,0.0,0.0,0.000489843103254
202409,0.0,0.1415586869400053,0.0007458308057956,0.0148370608299605,0.8428584214242385,0.8428584214242385,0.0570311956165037,0.0686661561869151,0.0158613351365864,0.0090941636253343,0.0057428972046261,0.0,0.0002486102685985,0.0,0.0,0.0,0.000497220537197
202410,0.0,0.109189847134214,0.0,0.0059696416425017,0.8848405112232843,0.8848405112232843,0.0477481831525435,0.0533866752586546,0.0080549887230157,0.0044481437725987,0.0012977481831525,0.0002237496867504,0.0,0.0,0.0,0.0,0.0
202411,0.0,0.0847940489850829,0.0007122225299726,0.0069243857080678,0.9075693427768764,0.9075693427768764,0.0451865627349345,0.0257191469156807,0.0138883393344676,0.0034028409765362,0.0035215447315316,0.0,0.0003165433466545,0.0,0.0,0.0,0.0003956791833181
202412,0.0,0.1288718350036604,0.0007825713780829,0.0097064095120288,0.8606391841062278,0.8606391841062278,0.0598288440663418,0.0453765178098099,0.0236664731275086,0.0008709262110923,0.0071314972357559,0.0017039860651806,0.000151465428016,0.0,0.0,0.0,0.0006311059500668
202501,0.0,0.1099373868272356,0.0005235944760782,0.0186966860832951,0.870842332613391,0.870842332613391,0.0365905273032702,0.0676745860331173,0.005672273490848,0.0035997120230381,0.0150969740602569,0.0,0.0005235944760782,0.0,0.0,0.0,0.0
202502,0.0,0.1136208009703989,0.0002445561794455,0.0139152466104513,0.8722193962397042,0.8722193962397042,0.0378083853422808,0.0596717077847123,0.0161407078434057,0.003839532017295,0.0084616438088157,0.0016140707843405,0.0002445561794455,0.0,0.0,0.0,0.0
202503,0.0,0.1105163427361681,0.0,0.005862381635985,0.8836212756278468,0.8836212756278468,0.0411136633307918,0.0505946632749177,0.0188080161304585,0.0016828224958831,0.0041795591401019,0.0,0.0,0.0,0.0,0.0,0.0
202504,0.0,0.1566017847228369,0.0,0.0046066448337182,0.8387915704434449,0.8387915704434449,0.0565269518897302,0.0702463046259565,0.0298285282071501,0.0022329151814092,0.0023737296523089,0.0,0.0,0.0,0.0,0.0,0.0
202505,0.0,0.1341328421758521,0.0002296559294864,0.0041338067307559,0.8615036951639055,0.8615036951639055,0.0546581112177735,0.0625123440062098,0.0169623869518687,0.0020209721794807,0.0018831786217888,0.0002296559294864,0.0002296559294864,0.0,0.0,0.0,0.0
202506,0.0,0.1276393634632322,0.000461124868003,0.0071243792106464,0.8647751324581183,0.8647751324581183,0.0583322958023803,0.0420545879618741,0.0272524796989776,0.0036428864572237,0.0032509303194211,0.0002305624340015,0.0,0.000461124868003,0.0,0.0,0.0
202507,0.0,0.1415605723898731,0.0,0.0102598184801345,0.8481796091299924,0.8481796091299924,0.0323994267793723,0.0902199422625599,0.0189412033479407,0.0030322540447361,0.0067914183056761,0.0004361461297223,0.0,0.0,0.0,0.0,0.0
202508,0.0,0.1254785853699371,0.0007930528569729,0.0065867445620806,0.8671416172110094,0.8671416172110094,0.0385952390393486,0.0689515400645897,0.0179318062659987,0.0028638019835133,0.0030620651977565,0.0006608773808107,0.0,0.0007930528569729,0.0,0.0,0.0
202509,0.0,0.1052019219314617,0.0001508954453401,0.0121311996187904,0.8825159830044077,0.8825159830044077,0.0227137354564587,0.0728666163681848,0.009621570106818,0.0025016876464281,0.0092919826867331,0.0003375292856291,0.0,0.0001508954453401,0.0,0.0,0.0
202510,0.0,0.1037074964507645,0.0004654735029208,0.0068191868177903,0.8890078432285242,0.8890078432285242,0.0317918402494937,0.0658645006632997,0.006051155537971,0.0025601042660646,0.0024437358903344,0.0018153466613913,0.0,0.0004654735029208,0.0,0.0,0.0
202511,0.0,0.0719717347369033,0.003271442488041,0.0075243177224944,0.9172325050525612,0.9172325050525612,0.0240996263285691,0.0385666719979062,0.0093054364104279,0.0022173110196722,0.0053070067028221,0.0,0.0,0.0,0.0,0.0,0.003271442488041
202512,0.0,0.0746150182568661,0.0072573877939809,0.006554328351439,0.911573265597714,0.911573265597714,0.0297099312816093,0.0301635180187331,0.0147415689565237,0.0019050642959199,0.0019277436327761,0.0027215204227428,0.0,0.0002267933685619,0.0,0.0,0.007030594425419
202601,1.0,0.0,0.0,0.0,0.0,0.0,0.0,0.0,0.0,0.0,0.0,0.0,0.0,0.0,0.0,0.0,1.0
