YYYYMM,issue_share_distress,issue_share_high,issue_share_low,issue_share_mid,issue_share_top,issue_detail_a1,issue_detail_a2,issue_detail_a2+,issue_detail_a2-,issue_detail_a3,issue_detail_a3+,issue_detail_a3-,issue_detail_b,issue_detail_b+,issue_detail_b-,issue_detail_c,issue_detail_d
201601,0.0,0.4225481306380477,0.0243103017033752,0.0175811099432141,0.535560457715363,0.535560457715363,0.2329277773517209,0.1324786132000427,0.057141740086284,0.0011653907517597,0.0144107458550935,0.0020049733363608,0.0,0.0243103017033752,0.0,0.0,0.0
201602,0.0,0.4742338028923885,0.018311909887538,0.0367280338963873,0.470726253323686,0.470726253323686,0.3166769392014816,0.0948944013196485,0.0626624623712583,0.0129076633109719,0.01935405110065,0.0044663194847653,0.0,0.018311909887538,0.0,0.0,0.0
201603,0.0,0.3501354791490873,0.0542459055404626,0.0149604497385275,0.5806581655719224,0.5806581655719224,0.1026746514736257,0.1347011485999488,0.1127596790755127,0.0091076020354776,0.0058528477030499,0.0,0.0,0.0542459055404626,0.0,0.0,0.0
201604,0.0,0.3044581382045989,0.0200593624870082,0.0152098462813579,0.660272653027035,0.660272653027035,0.1240594418427279,0.0839594536358696,0.0964392427260012,0.006172111534464,0.00771513941808,0.0013225953288137,0.0,0.0200593624870082,0.0,0.0,0.0
201605,0.0,0.3796273152854221,0.0129574481290675,0.032989662936606,0.5744255736489042,0.5744255736489042,0.2096903830727007,0.0984506908846555,0.0714862413280658,0.0108453840840295,0.0183866188951469,0.0037576599574296,0.0,0.0129574481290675,0.0,0.0,0.0
201606,0.0,0.2789005658852061,0.0305780590959214,0.0213186405759377,0.6692027344429347,0.6692027344429347,0.119120651465549,0.1065454246623513,0.0532344897573057,0.0028762486837101,0.0184423918922276,0.0,0.0,0.0305780590959214,0.0,0.0,0.0
201607,0.0,0.2830172259583541,0.0292014562050677,0.0268808106788371,0.6609005071577411,0.6609005071577411,0.1349165292812283,0.0666266999937149,0.0814739966834107,0.0043512103616822,0.0217560518084113,0.0007735485087435,0.0,0.0292014562050677,0.0,0.0,0.0
201608,0.0,0.3166248206469331,0.0159033171375163,0.0533897075330905,0.61408215468246,0.61408215468246,0.1565681572188482,0.118117344234006,0.0419393191940787,0.0092012049152773,0.0415190172411587,0.0026694853766545,0.0,0.0159033171375163,0.0,0.0,0.0
201609,0.0,0.2377031827056526,0.0372822483681249,0.0236742277137593,0.7013403412124631,0.7013403412124631,0.0522572847959884,0.1137374877001868,0.0717084102094774,0.0078736557863159,0.0134038559609211,0.0023967159665223,0.0,0.0372822483681249,0.0,0.0,0.0
201610,0.0,0.2819900805666213,0.0280842921638072,0.0234649632341318,0.6664606640354396,0.6664606640354396,0.0792882488876011,0.1341255149937892,0.0685763166852309,0.0032074410176151,0.0183391962490435,0.0019183259674731,0.0,0.0280842921638072,0.0,0.0,0.0
201611,0.0,0.354836105638257,0.0054376927246247,0.047339913132027,0.5923862885050912,0.5923862885050912,0.1168357585812506,0.1369978702327513,0.101002476824255,0.0081032283739505,0.0368910133866697,0.0023456713714067,0.0,0.0054376927246247,0.0,0.0,0.0
201612,0.0,0.2109010244110632,0.0490279426925013,0.012262040100207,0.7278089927962283,0.7278089927962283,0.084722306743475,0.1060418801740906,0.0201368374934974,0.0107153854132064,0.0,0.0015466546870005,0.0,0.0490279426925013,0.0,0.0,0.0
201701,0.0,0.2790992800995248,0.0294645718677092,0.0243987331957171,0.6670374148370488,0.6670374148370488,0.064020828523084,0.1151659837548547,0.0999124678215859,0.0062375292491875,0.0160073609737437,0.0021538429727857,0.0,0.0294645718677092,0.0,0.0,0.0
201702,0.0,0.3235109692320428,0.0078741869108444,0.0399614985725354,0.6286533452845774,0.6286533452845774,0.0603162717370682,0.1612731906677321,0.1019215068272424,0.0029528200915666,0.0370086784809687,0.0,0.0,0.0078741869108444,0.0,0.0,0.0
201703,0.0,0.2439709252730718,0.0590634855008825,0.0044152376046561,0.6925503516213894,0.6925503516213894,0.0526149147888189,0.1005628459692075,0.0907931645150452,0.0044152376046561,0.0,0.0,0.0,0.0590634855008825,0.0,0.0,0.0
201704,0.0,0.2857599428189538,0.0293667674839815,0.0075563612239484,0.6773169284731161,0.6773169284731161,0.0531356451848762,0.1292889112030525,0.1033353864310249,0.0058390064003238,0.0,0.0017173548236246,0.0,0.0293667674839815,0.0,0.0,0.0
201705,0.0,0.2845740635525861,0.008383925637177,0.0403800345688765,0.6666619762413601,0.6666619762413601,0.059152406245574,0.1536019015987214,0.0718197557082906,0.0037194142826749,0.0351362701703512,0.0015243501158503,0.0,0.008383925637177,0.0,0.0,0.0
201706,0.0,0.2798211668531529,0.0434021058991129,0.0208107533413695,0.6559659739063646,0.6559659739063646,0.039239955230839,0.1632698193963811,0.0773113922259327,0.0052305101980982,0.0044514980409346,0.0111287451023366,0.0,0.0434021058991129,0.0,0.0,0.0
201707,0.0,0.2279535902067047,0.0229247853751893,0.0114699836761295,0.7376516407419764,0.7376516407419764,0.0335066233927436,0.1142595594262748,0.0801874073876863,0.0090105033908442,0.0017003814318021,0.000759098853483,0.0,0.0229247853751893,0.0,0.0,0.0
201708,0.0,0.3058981789253586,0.0079846811790348,0.0396208285031265,0.6464963113924801,0.6464963113924801,0.0381919908184571,0.1969787227157665,0.0707274653911348,0.0046227101562833,0.0341576255911553,0.0008404927556878,0.0,0.0079846811790348,0.0,0.0,0.0
201709,0.0,0.1779023396800416,0.0554024209087197,0.0656723552025708,0.7010228842086678,0.7010228842086678,0.0217067041406028,0.1134769843049983,0.0427186512344404,0.0052106778507397,0.0497731074015958,0.0106885699502353,0.0,0.0554024209087197,0.0,0.0,0.0
201710,0.0,0.2242923617633159,0.0122314001229242,0.0288450932960249,0.7346311448177348,0.7346311448177348,0.0301357686464194,0.140608573928438,0.0535480191884584,0.0057029841063941,0.0226843696758281,0.0004577395138026,0.0,0.0122314001229242,0.0,0.0,0.0
201711,0.0,0.2257520780840696,0.0067225532687558,0.0554005614878166,0.7121248071593579,0.7121248071593579,0.0272733986113423,0.1448878293248597,0.0535908501478676,0.0050419149515668,0.0452831188183391,0.0050755277179106,0.0,0.0067225532687558,0.0,0.0,0.0
201712,0.0,0.1871523392449803,0.0566183811695551,0.1056689589154569,0.6505603206700076,0.6505603206700076,0.0149113756347541,0.1270830397142392,0.045157923895987,0.0229052183622576,0.0737384342479533,0.0090253063052459,0.0,0.0566183811695551,0.0,0.0,0.0
201801,0.0,0.228526796206699,0.0097992033900356,0.0359289922557262,0.7257450081475392,0.7257450081475392,0.0308973143411035,0.1314627042621472,0.0661667776034482,0.0110177130289704,0.0240847377234222,0.0008265415033334,0.0,0.0097992033900356,0.0,0.0,0.0
201802,0.0,0.2565860096574142,0.0106761667582827,0.0466263789556736,0.6861114446286294,0.6861114446286294,0.0529324347875659,0.1519752338041552,0.051678341065693,0.0111316832066361,0.0304128403720948,0.0050818553769425,0.0,0.0106761667582827,0.0,0.0,0.0
201803,0.0,0.1741391373863329,0.0371357154872038,0.0519048990007606,0.7368202481257026,0.7368202481257026,0.027766683934078,0.0904568971788762,0.0559155562733786,0.0192022595498416,0.0282076705554886,0.0044949688954303,0.0,0.0371357154872038,0.0,0.0,0.0
201804,0.0,0.2194697829350184,0.0122055345013453,0.0425225072950097,0.7258021752686264,0.7258021752686264,0.0286318215786399,0.1449766497848716,0.0458613115715068,0.0123945234226565,0.0270096666707191,0.003118317201634,0.0,0.0122055345013453,0.0,0.0,0.0
201805,0.0,0.1960920804832601,0.0076591456781475,0.0416466046249272,0.7546021692136651,0.7546021692136651,0.0528864009076087,0.1135328726942281,0.0296728068814232,0.0107547170563988,0.0300174684369399,0.0008744191315885,0.0,0.0076591456781475,0.0,0.0,0.0
201806,0.0,0.2358297267420183,0.0487936023350978,0.1040474776193626,0.6113291933035211,0.6113291933035211,0.0331015798241303,0.1310649831683297,0.0716631637495582,0.0275683853193302,0.0705165140946834,0.0059625782053489,0.0,0.0487936023350978,0.0,0.0,0.0
201807,0.0,0.1899380112719493,0.0108242700442387,0.0677488286615047,0.7314888900223071,0.7314888900223071,0.0336176848489338,0.1195025432763874,0.036817783146628,0.0279280044410647,0.0358172320310003,0.0040035921894395,0.0,0.0108242700442387,0.0,0.0,0.0
201808,0.0004172021748939,0.1520664000017826,0.00884974310381,0.0488834524074169,0.7897832023120965,0.7897832023120965,0.0281421830701158,0.0973661378771327,0.0265580790545339,0.009608292512708,0.0324153447402413,0.0068598151544676,0.0,0.00884974310381,0.0,0.0004172021748939,0.0
201809,0.0040789381357655,0.1425539135302054,0.0497431479971405,0.061790938442048,0.7418330618948404,0.7418330618948404,0.027746727952805,0.0697975955436677,0.0450095900337326,0.0334273954540784,0.0134505472184268,0.0149129957695427,0.0258664369585131,0.0238767110386274,0.0,0.0040789381357655,0.0
201810,0.0,0.1772239531889051,0.0117451959901268,0.0700704574893329,0.7409603933316351,0.7409603933316351,0.025141628357689,0.113009512241473,0.039072812589743,0.0250103585201523,0.0367900992043677,0.0082699997648128,0.0117451959901268,0.0,0.0,0.0,0.0
201811,0.0,0.1321055820052329,0.0143376197910549,0.0763883447476464,0.7771684534560657,0.7771684534560657,0.0408684501522417,0.0599281338527419,0.0313089980002492,0.0272227763597986,0.0408809176477122,0.0082846507401356,0.0130908702440066,0.0012467495470482,0.0,0.0,0.0
201812,0.0,0.1180485946559483,0.0318460831163463,0.0451815745588354,0.8049237476688699,0.8049237476688699,0.016928566214527,0.0560501788444029,0.0450698495970183,0.0141041591797907,0.0164101623916957,0.0146672529873489,0.0318460831163463,0.0,0.0,0.0,0.0
201901,0.0,0.1517587224758633,0.0132063632716711,0.0774832006885912,0.7575517135638743,0.7575517135638743,0.0315602734719002,0.0877489470717702,0.0324495019321927,0.0352404467036059,0.0315837514510499,0.0106590025339354,0.0132063632716711,0.0,0.0,0.0,0.0
201902,0.0,0.1433741048993869,0.010085005070627,0.0704437604183302,0.7760971296116557,0.7760971296116557,0.0549884901475942,0.060242147476574,0.0281434672752187,0.0226093207427121,0.0365896590218689,0.0112447806537492,0.010085005070627,0.0,0.0,0.0,0.0
201903,0.0,0.1740464071340723,0.0208471925312809,0.0414886138839681,0.7636177864506786,0.7636177864506786,0.0333542219801833,0.0994517827540996,0.0412404023997893,0.0170275650286341,0.0164809853354944,0.0079800635198394,0.0208471925312809,0.0,0.0,0.0,0.0
201904,0.0,0.1209987032455155,0.0151973528609353,0.0532892557835446,0.8105146881100044,0.8105146881100044,0.0402824179211855,0.0544342977146186,0.0262819876097114,0.0395801954096802,0.0077873332246034,0.005921727149261,0.0151973528609353,0.0,0.0,0.0,0.0
201905,0.0,0.137496861818477,0.0113021287807391,0.0624071464720367,0.7887938629287471,0.7887938629287471,0.0564783178997676,0.065933075418994,0.0150854684997153,0.022292970116246,0.0304044025833548,0.0097097737724358,0.0108950605831277,0.0004070681976113,0.0,0.0,0.0
201906,0.0,0.1640534518009608,0.0222580877420828,0.0368582047622233,0.776830255694733,0.776830255694733,0.0502711337286447,0.084075604486933,0.029706713585383,0.0129658763546113,0.0168083678367852,0.0070839605708267,0.0216097939243522,0.0006482938177305,0.0,0.0,0.0
201907,0.0,0.1215363603578527,0.0177482743958976,0.0622707763943206,0.798444588851929,0.798444588851929,0.0588330721690228,0.0483135334093866,0.0143897547794431,0.0448173964037701,0.0132647872331185,0.0041885927574318,0.0166560728946116,0.001092201501286,0.0,0.0,0.0
201908,0.0,0.1435916272401052,0.011891143802955,0.0412689494141208,0.8032482795428189,0.8032482795428189,0.0540686300469645,0.0581624435591001,0.0313605536340405,0.0196992162057044,0.0140930095318617,0.0074767236765546,0.0107955552727951,0.0010955885301599,0.0,0.0,0.0
201909,0.0,0.1273326489146234,0.0212638805212573,0.0395324666650054,0.8118710038991138,0.8118710038991138,0.0329476223437252,0.076501936784124,0.0178830897867742,0.00824321762692,0.0172795970873582,0.014009651950727,0.0212638805212573,0.0,0.0,0.0,0.0
201910,0.0,0.1167116512892854,0.0161049440790369,0.0655037854612494,0.8016796191704283,0.8016796191704283,0.0433931613265571,0.0483792520134269,0.0249392379493013,0.0415214740074079,0.0181728188987852,0.0058094925550562,0.0161049440790369,0.0,0.0,0.0,0.0
201911,0.0,0.1478060671722643,0.0079660656245163,0.0370782386627457,0.8071496285404736,0.8071496285404736,0.0419197879585203,0.0671722643553629,0.038714014858381,0.0215427178455347,0.006442501160811,0.0090930196563999,0.0079660656245163,0.0,0.0,0.0,0.0
201912,0.0,0.1297846700294975,0.0189603393723188,0.038807329823573,0.8124476607746106,0.8124476607746106,0.0354947188068,0.0776368545997688,0.0166530966229286,0.0114106144026513,0.015175153653707,0.0122215617672145,0.0189603393723188,0.0,0.0,0.0,0.0
202001,0.0,0.1595354989324997,0.0133161254714542,0.0675127561402729,0.7596356194557731,0.7596356194557731,0.0401233883491303,0.0862174556019981,0.0331946549813712,0.0413642338369397,0.01690876177212,0.0092397605312131,0.0133161254714542,0.0,0.0,0.0,0.0
202002,0.0,0.1340714555183573,0.0062148889276935,0.0405577538415779,0.8191559017123712,0.8191559017123712,0.0550618782308641,0.0605849787025078,0.0184245985849853,0.0150227110227609,0.0109331103414884,0.0146019324773285,0.0062148889276935,0.0,0.0,0.0,0.0
202003,0.0,0.1669724580098617,0.0275731095118936,0.05201455782667,0.7534398746515746,0.7534398746515746,0.0280867916542705,0.1137564716596631,0.025129194695928,0.0221067908670539,0.0168428858728543,0.0130648810867616,0.0200976053689402,0.0,0.0074755041429534,0.0,0.0
202004,0.0,0.1794197774466479,0.0116026539991365,0.0317485253376373,0.7772290432165782,0.7772290432165782,0.0404260891969915,0.1024086881923789,0.0365850000572774,0.0250311993381372,0.0054959939995909,0.0012213319999091,0.0,0.0,0.0116026539991365,0.0,0.0
202005,0.0,0.1254139297508159,0.0026095178510291,0.0285742204687689,0.843402331929386,0.843402331929386,0.0440571924414231,0.0605307775367564,0.0208259597726363,0.0172479093345906,0.0090329464074085,0.0022933647267698,0.0,0.0,0.0026095178510291,0.0,0.0
202006,0.0,0.1305942447963924,0.0255349627137417,0.0370034286318656,0.8068673638580002,0.8068673638580002,0.0217790320771333,0.0898477630043868,0.0189674497148722,0.0194954262500754,0.0122872587969045,0.0052207435848856,0.0,0.0,0.0255349627137417,0.0,0.0
202007,0.0,0.1260781468664256,0.0173547428018424,0.0289347203088027,0.8276323900229291,0.8276323900229291,0.0227895175213667,0.0873902640824354,0.0158983652626234,0.0191815578336153,0.0076117292990536,0.0021414331761337,0.0,0.0,0.0173547428018424,0.0,0.0
202008,0.0,0.1249769449333829,0.0004686401114946,0.0284558275699528,0.8460985873851696,0.8460985873851696,0.041999526792147,0.048785435606589,0.0341919825346468,0.011566037951687,0.0123252349323082,0.0045645546859575,0.0,0.0,0.0004686401114946,0.0,0.0
202009,0.0,0.1427676385106047,0.025548633389683,0.0305200692997305,0.8011636587999816,0.8011636587999816,0.0347250462080875,0.0741437748347842,0.033898817467733,0.0116926016205902,0.0111335787707334,0.0076938889084068,0.0,0.0,0.025548633389683,0.0,0.0
202010,0.0,0.1444115526341808,0.0030663526491129,0.0393086626695967,0.8132134320471095,0.8132134320471095,0.0343283124798277,0.0525149420322963,0.0575682981220566,0.0193526417999663,0.0132743395326116,0.0066816813370187,0.0,0.0,0.0030663526491129,0.0,0.0
202011,0.0,0.1498686204947554,0.0004246171426399,0.0382070504947388,0.8114997118678657,0.8114997118678657,0.0321689947263994,0.0597945860265518,0.0579050397418042,0.0182118292478256,0.0118128489082422,0.008182372338671,0.0,0.0,0.0004246171426399,0.0,0.0
202012,0.0,0.1185543191454183,0.0244000107425734,0.0378064251330685,0.8192392449789396,0.8192392449789396,0.0095982005122642,0.0634439500544336,0.0455121685787204,0.0147785104853029,0.0190669579967165,0.003960956651049,0.0,0.0,0.0244000107425734,0.0,0.0
202101,0.0,0.1111458062860596,0.0012834981556429,0.0441266665910057,0.8434440289672916,0.8434440289672916,0.0231286367646865,0.0535218730903123,0.0344952964310607,0.0222045180926235,0.01249613804334,0.009426010455042,0.0,0.0,0.0012834981556429,0.0,0.0
202102,0.0,0.1696927935541927,0.0007420102330086,0.0528627876934913,0.7767024085193073,0.7767024085193073,0.0351861252492704,0.0927512791260819,0.0417553891788404,0.0209118270601386,0.0199947024121399,0.0119562582212128,0.0,0.0,0.0007420102330086,0.0,0.0
202103,0.0,0.15098977413938,0.0168412248868998,0.0413902687531174,0.7907787322206027,0.7907787322206027,0.0083250271130107,0.0877623538950759,0.0549023931312933,0.0157642968306185,0.0234047509103888,0.00222122101211,0.0,0.0,0.0168412248868998,0.0,0.0
202104,0.0,0.1280921414005098,0.001481430755766,0.0439293600109827,0.8264970678327414,0.8264970678327414,0.0075997397770798,0.0894909940077656,0.0310014076156643,0.0249571701321388,0.0103700152903623,0.0086021745884815,0.0,0.0,0.001481430755766,0.0,0.0
202105,0.0,0.1457843149374588,0.0013089173281362,0.0410171060060285,0.8118896617283764,0.8118896617283764,0.0364751628773958,0.0604080006808938,0.048901151379169,0.0181939508610934,0.0137436319454302,0.0090795231995048,0.0,0.0,0.0013089173281362,0.0,0.0
202106,0.0,0.1075994347833031,0.0167365294558048,0.0539362793493906,0.8217277564115014,0.8217277564115014,0.0021614032325782,0.0621095477224254,0.0433284838282994,0.0251621765704129,0.0253981056944639,0.0033759970845137,0.0,0.0,0.0167365294558048,0.0,0.0
202107,0.0,0.1338529808982874,0.0014600357985855,0.0354204684736855,0.8292665148294415,0.8292665148294415,0.0166492748898706,0.0834184776291471,0.0337852283792697,0.018995065739598,0.0104684566758584,0.005956946058229,0.0,0.0,0.0014600357985855,0.0,0.0
202108,0.0,0.1202785937570876,0.0013465827315981,0.0465378992040322,0.831836924307282,0.831836924307282,0.0211817463680389,0.0570161370266063,0.0420807103624423,0.0224969088358998,0.0132413968607151,0.0107995935074172,0.0,0.0,0.0013465827315981,0.0,0.0
202109,0.0,0.1239168807257625,0.0159589471412347,0.049288210811507,0.8108359613214957,0.8108359613214957,0.0062140150431182,0.0559965991268639,0.0617062665557803,0.0317832406659652,0.0159589471412347,0.0015460230043071,0.0,0.0,0.0159589471412347,0.0,0.0
202110,0.0,0.1431624227141648,0.00173569693826,0.0457182573537695,0.8093836229938055,0.8093836229938055,0.0034063052413353,0.0710789288682252,0.0686771886046043,0.0277060623769759,0.0158338953192772,0.0021782996575163,0.0,0.0,0.00173569693826,0.0,0.0
202111,0.0,0.1596914312289801,0.0014822741476503,0.0386836495683061,0.8001426450550634,0.8001426450550634,0.0160678517605302,0.0915698170883372,0.0520537623801126,0.0190805739656296,0.0180096308939522,0.0015934447087241,0.0,0.0,0.0014822741476503,0.0,0.0
202112,0.0,0.0910756352926005,0.0047750579500346,0.0379226420468205,0.8662266647105443,0.8662266647105443,0.0024804255569543,0.0439983823728268,0.0445968273628193,0.0178717396184478,0.0200509024283727,0.0,0.0,0.0,0.0047750579500346,0.0,0.0
202201,0.0,0.1330229759120913,0.001719558353457,0.0593763499448732,0.8058811157895783,0.8058811157895783,0.0202993863625609,0.0591980798912536,0.0535255096582766,0.0291723074663995,0.0286650377521296,0.001539004726344,0.0,0.0,0.001719558353457,0.0,0.0
202202,0.0,0.1525353393273188,0.0013226585153067,0.04291034888284,0.8032316532745344,0.8032316532745344,0.0384562963325444,0.0640706471895405,0.0500083958052338,0.0219462114152276,0.0200019033977266,0.0009622340698856,0.0013226585153067,0.0,0.0,0.0,0.0
202203,0.0,0.123904952197026,0.0014031419576895,0.0467842607242639,0.8279076451210204,0.8279076451210204,0.0298448294400568,0.0452080166511091,0.04885210610586,0.0212365535296314,0.0253723144499213,0.0001753927447111,0.0014031419576895,0.0,0.0,0.0,0.0
202204,0.0,0.1356285156113825,0.0013436064157129,0.0481346998429151,0.8148931781299894,0.8148931781299894,0.0555009548367403,0.0712581125130777,0.0088694482615644,0.0220922484903595,0.0251254399738314,0.000917011378724,0.0013436064157129,0.0,0.0,0.0,0.0
202205,0.0,0.1202911481377735,0.0011260925236471,0.0326397917979117,0.8459429675406676,0.8459429675406676,0.0513004962257728,0.0591964621875798,0.0097941897244208,0.0184341346121033,0.0133244897860545,0.0008811673997538,0.0011260925236471,0.0,0.0,0.0,0.0
202206,0.0,0.1306583654327559,0.0012742708657406,0.0385562507201484,0.8295111129813549,0.8295111129813549,0.0456363545043767,0.0722633738851506,0.0127586370432285,0.0174861819551264,0.021070068765022,0.0,0.0012742708657406,0.0,0.0,0.0,0.0
202207,0.0,0.1412294412595679,0.0012229602235144,0.037933168732858,0.8196144297840596,0.8196144297840596,0.0474895939374387,0.086905701001086,0.0068341463210431,0.0214690667237953,0.0158220478917176,0.000642054117345,0.0012229602235144,0.0,0.0,0.0,0.0
202208,0.0,0.1720575557475365,0.0011255872794501,0.0324281695209585,0.7943886874520547,0.7943886874520547,0.0654509023826046,0.0974246751328173,0.0091819782321145,0.0168922510963479,0.0145144479685095,0.001021470456101,0.0011255872794501,0.0,0.0,0.0,0.0
202209,0.0,0.1431736290835185,0.0015328984074098,0.0377127072631879,0.8175807652458836,0.8175807652458836,0.0461183026759994,0.0708130935405248,0.0262422328669942,0.0160579624278446,0.020884889190733,0.0007698556446102,0.0015328984074098,0.0,0.0,0.0,0.0
202210,0.0,0.1590147550654601,0.0013175025375099,0.0394125621344928,0.800255180262537,0.800255180262537,0.0506334372582958,0.1021386060591831,0.0062427117479811,0.0207751639799094,0.0158789906380335,0.0027584075165498,0.0013175025375099,0.0,0.0,0.0,0.0
202211,0.0,0.1490996114522745,0.0007293235589629,0.0254130962486139,0.8247579687401486,0.8247579687401486,0.0662897501866429,0.0743743517914159,0.0084355094742155,0.0106867547977725,0.0145265267771529,0.0001998146736884,0.0007293235589629,0.0,0.0,0.0,0.0
202212,0.0,0.1557776810056511,0.0,0.0148057414427131,0.8294165775516358,0.8294165775516358,0.0374414772939278,0.1101138947330137,0.0082223089787095,0.0079784078252611,0.0064238643074982,0.0004034693099537,0.0,0.0,0.0,0.0,0.0
202301,0.0,0.220508033442825,0.0009831870899563,0.0296519323727056,0.7488568470945131,0.7488568470945131,0.0474617299113076,0.1663513653119878,0.0066949382195294,0.0140581607286926,0.0132595864664187,0.0023341851775942,0.0009831870899563,0.0,0.0,0.0,0.0
202302,0.0,0.103296333506906,0.0010773273084347,0.0358414013666803,0.8597849378179789,0.8597849378179789,0.0305449681618571,0.0706259263840014,0.0021254389610474,0.0149949353506199,0.0201160746205114,0.0007303913955489,0.0010773273084347,0.0,0.0,0.0,0.0
202303,0.0,0.187151349550198,0.0011659381903614,0.0164509883233177,0.7952317239361228,0.7952317239361228,0.0306757611442852,0.1445581745738147,0.011917413832098,0.0041552438933753,0.0122957444299424,0.0,0.0011659381903614,0.0,0.0,0.0,0.0
202304,0.0,0.1422869914412706,0.0012257001165621,0.0212336202526174,0.8352536881895497,0.8352536881895497,0.0446379145549959,0.0902540195163496,0.007395057369925,0.0028272816022033,0.0150560916651441,0.0033502469852699,0.0012257001165621,0.0,0.0,0.0,0.0
202305,0.0,0.1312867912773662,0.0010483823603622,0.0248512049308137,0.8428136214314577,0.8428136214314577,0.0412345905909029,0.0739280799840918,0.0161241207023715,0.0048225588576663,0.018316288217889,0.0017123578552583,0.0010483823603622,0.0,0.0,0.0,0.0
202306,0.0,0.1757049644552929,0.0013054071493084,0.0137355588899753,0.8092540695054232,0.8092540695054232,0.0156243451970027,0.1434873538479807,0.0165932654103093,0.0067824414931462,0.0060612243134506,0.0008918930833784,0.0013054071493084,0.0,0.0,0.0,0.0
202307,0.0,0.1285988258619015,0.0011957442286118,0.0227620311692162,0.8474433987402704,0.8474433987402704,0.0244858957654649,0.0904571844131595,0.013655745683277,0.0071090460316273,0.0121004117047566,0.0035525734328322,0.0011957442286118,0.0,0.0,0.0,0.0
202308,0.0,0.1368715105363694,0.0009172536197769,0.0188182831541943,0.8433929526896592,0.8433929526896592,0.0246718196432481,0.0961834448426891,0.0160162460504321,0.0111958671950351,0.0068548397082998,0.0007675762508593,0.0009172536197769,0.0,0.0,0.0,0.0
202309,0.0,0.2114459513653614,0.0011057226037683,0.0152700291580405,0.7721782968728297,0.7721782968728297,0.0203729389744313,0.171653759162249,0.0194192532286811,0.0119371969431821,0.002411396711718,0.0009214355031402,0.0011057226037683,0.0,0.0,0.0,0.0
202310,0.0,0.1408503116388246,0.0009887277894455,0.0194186892601149,0.8387422713116148,0.8387422713116148,0.0441640551416132,0.0927237977990516,0.0039624586981597,0.0062384194989789,0.0091008241871257,0.0040794455740101,0.0009887277894455,0.0,0.0,0.0,0.0
202311,3.692923064440766e-05,0.1545473530776202,0.0008789156893369,0.0212239674359539,0.8233128345664444,0.8233128345664444,0.0422743674878792,0.103450592388792,0.0088223932009489,0.0178401420320068,0.0026452407910589,0.0007385846128881,0.0008789156893369,0.0,0.0,3.692923064440766e-05,0.0
202312,0.0,0.1991066904611257,0.0012286065289392,0.0168516221631627,0.7828130808467723,0.7828130808467723,0.0377356409787692,0.1535088845676895,0.0078621649146669,0.0104793718824706,0.0054553797367076,0.0009168705439844,0.0012286065289392,0.0,0.0,0.0,0.0
202401,0.0,0.1308793041976564,0.0009114277428457,0.0201339547419575,0.8480753133175403,0.8480753133175403,0.0346703674028532,0.0888014367904487,0.0074075000043544,0.0084788575209447,0.0081684561858813,0.0034866410351314,0.0009114277428457,0.0,0.0,0.0,0.0
202402,0.0,0.1552859782235876,0.0009087131468196,0.0296150433209,0.8141902653086928,0.8141902653086928,0.0376379161486766,0.1092526987229874,0.0083953633519234,0.0158615470447114,0.0104788543056674,0.003274641970521,0.0009087131468196,0.0,0.0,0.0,0.0
202403,0.0,0.1784321677025303,0.0013087063452235,0.0211275147682785,0.7991316111839676,0.7991316111839676,0.0359441053339896,0.1355468318944045,0.0069412304741362,0.0132151594443298,0.0068949864336689,0.0010173688902797,0.0013087063452235,0.0,0.0,0.0,0.0
202404,0.0,0.1223465491852935,0.0009198819140808,0.0234448139013764,0.853288754999249,0.853288754999249,0.0461135901683738,0.0621822137018409,0.0140507453150787,0.0112248139643214,0.0108131217155195,0.0014068782215354,0.0009198819140808,0.0,0.0,0.0,0.0
202405,0.0,0.1187129771884305,0.0008917398321939,0.0303097439747555,0.85008553900462,0.85008553900462,0.0522510249514099,0.0528976483573676,0.0135643038796529,0.0195416494181627,0.0092893300107435,0.0014787645458491,0.0008917398321939,0.0,0.0,0.0,0.0
202406,0.0,0.1651703903229293,0.0010880175524255,0.0281676642103045,0.8055739279143406,0.8055739279143406,0.0647694628514929,0.086967241364958,0.0134336861064783,0.0124025119200571,0.014264132156697,0.0015010201335503,0.0010880175524255,0.0,0.0,0.0,0.0
202407,0.0,0.1311399485668475,0.0007996017499744,0.0366236753626026,0.8314367743205754,0.8314367743205754,0.0678804429315144,0.0465936984307157,0.0166658072046173,0.0184291445248604,0.0122908843843379,0.0059036464534042,0.0007996017499744,0.0,0.0,0.0,0.0
202408,0.0,0.1199504281474,0.0009881401674489,0.0257904583704179,0.853270973314733,0.853270973314733,0.0547397025497045,0.0491068374913928,0.0161038881063026,0.0208637406487502,0.0030623023113866,0.001864415410281,0.0009881401674489,0.0,0.0,0.0,0.0
202409,0.0,0.1561145176194416,0.0011494616742101,0.0268542983637357,0.8158817223426124,0.8158817223426124,0.0522776859815613,0.0819374737631571,0.021899357874723,0.0159935759272644,0.0098464915474623,0.0010142308890089,0.0011494616742101,0.0,0.0,0.0,0.0
202410,0.0,0.1149959487930726,0.0008917791626442,0.0245440928331775,0.8595681792111056,0.8595681792111056,0.0395618331841989,0.0540269344030879,0.0214071812057858,0.016419491718233,0.0034640466971053,0.004660554417839,0.0008917791626442,0.0,0.0,0.0,0.0
202411,0.0,0.098500160180319,0.0008955374141314,0.0242203934113249,0.8763839089942246,0.8763839089942246,0.033959557472051,0.048828593459378,0.0157120092488898,0.0170093704071011,0.0064322948180224,0.0007787281862012,0.0008955374141314,0.0,0.0,0.0,0.0
202412,0.0044962454865597,0.1183646187425444,0.0010280320236905,0.0285976195117327,0.8475134842354725,0.8475134842354725,0.0389663983181185,0.0669231713555484,0.0124750490688773,0.0112406137163993,0.0164006969360864,0.000956308859247,0.0010280320236905,0.0,0.0,0.0009403703782595,0.0035558751083001
202501,0.0053405719762289,0.1069498426419658,0.0007969842433769,0.0193258959698873,0.8675867051685409,0.8675867051685409,0.0416663362437478,0.0464902291665875,0.0187932772316305,0.0139530558511216,0.0024648195624438,0.0029080205563218,0.0007969842433769,0.0,0.0,0.0,0.0053405719762289
202502,0.005582723356358,0.0946902889762079,0.0009604447933619,0.0241803936290479,0.8745861492450241,0.8745861492450241,0.0305277929549869,0.0437245252076869,0.020437970813534,0.0199154299681034,0.0035289906392112,0.0007359730217333,0.0,0.0009604447933619,0.0,0.0,0.005582723356358
202503,0.0,0.1259139070406064,0.0008144825197694,0.021468401750256,0.851803208689368,0.851803208689368,0.0397467469647485,0.0746082956494633,0.0115588644263945,0.0069197077408745,0.0135984644029838,0.0009502296063976,0.0,0.0008144825197694,0.0,0.0,0.0
202504,0.0,0.101047494347898,0.0007018099422004,0.0162384300419484,0.8820122656679531,0.8820122656679531,0.0317774701759798,0.0525372156977793,0.0167328084741389,0.0095280206931253,0.0047882106893971,0.0019221986594258,0.0,0.0007018099422004,0.0,0.0,0.0
202505,0.0,0.1070343838562247,0.0008572186759038,0.0251909323913493,0.866917465076522,0.866917465076522,0.0512556962236395,0.0354343633131001,0.0203443243194849,0.0188880493363505,0.0050403129121945,0.0012625701428041,0.0,0.0008572186759038,0.0,0.0,0.0
202506,0.0,0.124774800614585,0.0007736238520264,0.0154146177776456,0.8590369577557428,0.8590369577557428,0.083706425841297,0.0306260780311247,0.0104422967421632,0.0080879448261013,0.0066765688742111,0.0006501040773331,0.0,0.0007736238520264,0.0,0.0,0.0
202507,0.0,0.1007600291576188,0.000665903947545,0.0157787692749618,0.8827952976198742,0.8827952976198742,0.0372310401830078,0.0431954366984406,0.0203335522761702,0.0123406020510579,0.0024428160602048,0.0009953511636989,0.0,0.000665903947545,0.0,0.0,0.0
202508,0.0,0.1098534371434143,0.0008168648179489,0.0213714632602913,0.8679582347783454,0.8679582347783454,0.051296261038757,0.0447588095810015,0.0137983665236556,0.0134687710680413,0.0069528493806814,0.0009498428115685,0.0,0.0008168648179489,0.0,0.0,0.0
202509,0.0,0.1075211065912734,0.0007356208813147,0.0137377199585535,0.8780055525688583,0.8780055525688583,0.0553999150805167,0.0430056227564643,0.0091155687542923,0.0067738422821069,0.0063508602753509,0.0006130174010956,0.0,0.0007356208813147,0.0,0.0,0.0
202510,0.0,0.1271098471636169,0.000675561026516,0.0134639312584651,0.8587506605514018,0.8587506605514018,0.0569237854357834,0.0430379663162589,0.0271480954115745,0.0084782908827766,0.0039520320051189,0.0010336083705695,0.0,0.000675561026516,0.0,0.0,0.0
202511,0.0,0.1067768331443776,0.000897787274196,0.0224517233237172,0.8698736562577091,0.8698736562577091,0.0586297338862891,0.0295717045182528,0.0185753947398356,0.0148891858140191,0.0057775251645319,0.0017850123451661,0.0,0.000897787274196,0.0,0.0,0.0
202512,0.0,0.0692418212866274,0.0007489972793127,0.0081888279951643,0.9218203534388956,0.9218203534388956,0.0308533603119755,0.0276455209182326,0.0107429400564191,0.0045660629119611,0.0020307541296848,0.0015920109535183,0.0,0.0007489972793127,0.0,0.0,0.0
202601,0.0,0.1442381523687609,0.0008668310663178,0.0157255840762742,0.839169432488647,0.839169432488647,0.0504263116164583,0.0576565283983947,0.0361553123539077,0.0105626536764004,0.0038817117994137,0.00128121860046,0.0,0.0008668310663178,0.0,0.0,0.0
202602,0.0,0.10290233256134013,0.0008409261628338218,0.014078839210301168,0.8821779020655248,0.8821779020655248,0.04583948579761651,0.03736782210878229,0.019695024654941336,0.009373657108730974,0.003016655758737202,0.0016885263428329915,0.0,0.0008409261628338218,0.0,0.0,0.0
